-- phpMyAdmin SQL Dump
-- version 4.9.4
-- https://www.phpmyadmin.net/
--
-- Host: localhost:3306
-- Generation Time: Sep 07, 2020 at 02:20 PM
-- Server version: 5.6.41-84.1
-- PHP Version: 7.3.6

SET SQL_MODE = "NO_AUTO_VALUE_ON_ZERO";
SET AUTOCOMMIT = 0;
START TRANSACTION;
SET time_zone = "+00:00";


/*!40101 SET @OLD_CHARACTER_SET_CLIENT=@@CHARACTER_SET_CLIENT */;
/*!40101 SET @OLD_CHARACTER_SET_RESULTS=@@CHARACTER_SET_RESULTS */;
/*!40101 SET @OLD_COLLATION_CONNECTION=@@COLLATION_CONNECTION */;
/*!40101 SET NAMES utf8mb4 */;

--
-- Database: `infogsq7_busTracking`
--

-- --------------------------------------------------------

--
-- Table structure for table `admin`
--

CREATE TABLE `admin` (
  `id` int(11) NOT NULL,
  `role` varchar(255) DEFAULT NULL COMMENT 'client=1,client_delete=2,client_edit=3,client_export=4,client_import=5,client_add=6,client_status=7,clientUser=8,clientUser_delete=9,clientUser_edit=10,clientUser_export=11,clientUser_import=12,clientUser_add=13,clientUser_status=14,reporting=15,map=16,trip=17,driver=18,driver_delete=19,driver_edit=20,driver_export=21,driver_import=22,driver_add=23,bus=24,bus_delete=25,bus_edit=26,bus_export=27,bus_import=28,bus_add=29,chaperone=30,chaperone_delete=31,chaperone_edit=32,chaperone_export=33,chaperone_import=34,chaperone_add=35,parents=36,parents_delete=37,parents_edit=38,parents_export=39,parents_import=40,parents_add=41,analytics=42,notification=43,app=44,adminPortal=45,clientPortal=46,app_add=47,app_delete=48,app_edit=49,app_export=50,new_notification=51',
  `username` varchar(255) CHARACTER SET utf8 COLLATE utf8_unicode_ci DEFAULT NULL,
  `email` varchar(255) CHARACTER SET utf8 COLLATE utf8_unicode_ci DEFAULT NULL,
  `password` varchar(255) DEFAULT NULL,
  `orginal_password` varchar(255) DEFAULT NULL,
  `name` varchar(255) CHARACTER SET utf8 COLLATE utf8_unicode_ci DEFAULT NULL,
  `profile_image` varchar(255) DEFAULT NULL,
  `last_login` timestamp NULL DEFAULT NULL,
  `note` varchar(255) DEFAULT NULL,
  `create_at` timestamp NOT NULL DEFAULT CURRENT_TIMESTAMP,
  `updated_at` timestamp NOT NULL DEFAULT CURRENT_TIMESTAMP
) ENGINE=InnoDB DEFAULT CHARSET=latin1;

--
-- Dumping data for table `admin`
--

INSERT INTO `admin` (`id`, `role`, `username`, `email`, `password`, `orginal_password`, `name`, `profile_image`, `last_login`, `note`, `create_at`, `updated_at`) VALUES
(1, '1,2,3,4,5,6,7,8,9,10,11,12,13,14,15,16,17,18,19,20,21,22,23,24,25,26,27,28,29,30,31,32,33,34,35,36,37,38,39,40,41,42,43,44,45,46,47,48,49,50,51,52,53,54,55,56,57,58,59', 'super_admin', 'superadmin@yopmail.com', 'e10adc3949ba59abbe56e057f20f883e', '123456', 'Sper Admin', 'latest-02.jpg', '2020-09-07 14:10:48', NULL, '2020-04-17 07:11:30', '2020-05-01 11:55:21'),
(2, '1, 15, 16, 17, 43, 44,45,46', NULL, 'checking@yopmail.com', 'e10adc3949ba59abbe56e057f20f883e', '123456', 'Checking', 'latest-02.jpg', '2020-07-09 17:30:11', 'checkibg', '2020-07-07 00:11:51', '2020-07-07 00:11:51'),
(5, '1, 2, 7, 12, 15, 16, 18, 37, 43, 44, 45, 46', NULL, 'ap34@yopmail.com', '3d9188577cc9bfe9291ac66b5cc872b7', '123465', 'Abhishek ', NULL, NULL, 'checking', '2020-07-07 01:48:10', '2020-07-07 01:48:10'),
(8, '1, 3, 4, 8, 10, 11, 15, 16, 17, 18, 20, 21, 24, 26, 27, 30, 32, 33, 36, 38, 39, 42, 43', NULL, 'pramod.dwivedi.0734@gmail.com', 'c67303fc1c75e34c3e8a9f6bc1a55a20', 'bwICdPF4', 'MADHAV NAGAR POLICE FREEGANJ', NULL, NULL, '', '2020-07-07 11:24:33', '2020-07-07 11:24:33'),
(9, '1, 3, 4, 8, 10, 11, 15, 17, 18, 20, 21, 24, 26, 27, 30, 32, 33, 36, 38, 39, 42, 43', NULL, 'r@yopmail.com', 'e10adc3949ba59abbe56e057f20f883e', '123456', 'MADHAV NAGAR POLICE FREEGANJ', NULL, '2020-07-07 11:30:24', 'ppppp', '2020-07-07 11:29:04', '2020-07-07 11:29:04'),
(10, '1, 2, 8, 9, 15, 16, 44', NULL, 'reporting@yopmail.com', 'e10adc3949ba59abbe56e057f20f883e', '123456', 'reoparton ', NULL, NULL, 'vffd', '2020-07-07 14:31:20', '2020-07-07 14:31:20'),
(11, '1, 4, 8, 11, 12, 15, 18, 21, 22, 24, 27, 28, 30, 33, 34, 36, 39, 40, 42, 43', NULL, 's@yopmail.com', 'e10adc3949ba59abbe56e057f20f883e', '123456', 'pramod dwivedi shubh', NULL, '2020-07-07 14:58:15', 'pramod note', '2020-07-07 14:57:40', '2020-07-07 14:57:40'),
(12, '1, 4, 8, 11, 12, 15, 21, 22, 27, 28, 33, 34, 39, 40, 43, 44', NULL, 't@yopmail.com', 'e10adc3949ba59abbe56e057f20f883e', '123456', 'rahul rashul', NULL, '2020-07-07 15:08:42', 'ttttt', '2020-07-07 15:07:36', '2020-07-07 15:07:36'),
(14, '1, 2, 3, 8, 9, 10, 15, 18, 19, 20, 24, 25, 26, 30, 31, 32, 36, 37, 38, 43, 44', NULL, 'm@yopmail.com', 'e10adc3949ba59abbe56e057f20f883e', '123456', 'monk monk', NULL, '2020-07-07 15:20:49', 'mmm', '2020-07-07 15:18:31', '2020-07-07 15:18:31'),
(15, '1, 2, 3, 15, 17, 18, 19, 20, 24, 25, 26, 45, 46', NULL, 'rashmi.infograins1@gmail.com', '09ea74133fedc9613cb8f8c05d28fe20', 'P0OMYfm6', 'Rashmi kulkarni', NULL, NULL, 'dghfhdh', '2020-07-07 17:16:48', '2020-07-07 17:16:48'),
(16, '1, 8, 43, 44', NULL, 'anjali@yopmail.com', 'e10adc3949ba59abbe56e057f20f883e', '123456', 'anjali sharma', NULL, '2020-07-07 19:18:59', '', '2020-07-07 19:22:22', '2020-07-07 19:22:22'),
(17, '1, 2, 3, 4, 8, 9, 10, 11, 15, 16, 18, 19, 20, 21, 24, 25, 26, 27, 30, 31, 32, 33, 36, 37, 38, 39, 43, 44', NULL, 'q@yopmail.com', 'e10adc3949ba59abbe56e057f20f883e', '123456', 'ram ram', NULL, '2020-07-07 19:39:43', 'hhhh', '2020-07-07 19:39:19', '2020-07-07 19:39:19'),
(19, '1, 4, 15, 18, 20, 43, 45', NULL, '444@444.com', '550a141f12de6341fba65b0ad0433500', '444', '444 444', NULL, '2020-08-17 23:37:45', '', '2020-07-08 23:35:16', '2020-07-08 23:35:16'),
(20, '1, 2, 3, 4, 15, 16, 18, 19, 20, 25, 26, 30, 36, 38, 43, 46', NULL, 'rashmik1205@gmail.com', '35bc872590908240e3443966fff07a59', 'VpX6jTnL', 'Vipin Shukla', NULL, '2020-07-09 16:16:41', 'fsvgarersgrg', '2020-07-09 16:16:03', '2020-07-09 16:16:03');

-- --------------------------------------------------------

--
-- Table structure for table `app_related`
--

CREATE TABLE `app_related` (
  `id` int(11) NOT NULL,
  `app_version` varchar(255) DEFAULT NULL,
  `release_date` varchar(255) DEFAULT NULL,
  `android_ready` varchar(255) DEFAULT NULL,
  `ios_ready` varchar(255) DEFAULT NULL,
  `notes` varchar(255) DEFAULT NULL,
  `app_status` int(11) DEFAULT '1',
  `created_at` timestamp NULL DEFAULT NULL,
  `updated_at` timestamp NULL DEFAULT NULL
) ENGINE=InnoDB DEFAULT CHARSET=latin1;

--
-- Dumping data for table `app_related`
--

INSERT INTO `app_related` (`id`, `app_version`, `release_date`, `android_ready`, `ios_ready`, `notes`, `app_status`, `created_at`, `updated_at`) VALUES
(2, '3.1', '20/05/2020', 'yes', 'no', 'check', 1, '2020-05-12 23:45:40', '2020-05-12 23:45:40'),
(3, '2.0', '13/05/2020', 'yes', 'yes', 'cdf', 1, '2020-05-12 23:44:58', '2020-05-12 23:44:58'),
(8, '55', '26/06/2020', 'yes', 'yes', 'good luck', 1, '2020-06-30 16:30:22', '2020-06-30 16:30:22'),
(9, 'pramod', '26/06/2020', 'yes', 'yes', 'good luck', 1, '2020-06-30 20:20:48', '2020-06-30 20:20:48'),
(10, 'pramod', '20/06/2020', 'no', 'no', 'bye', 1, '2020-06-30 20:21:26', '2020-06-30 20:21:26');

-- --------------------------------------------------------

--
-- Table structure for table `bus`
--

CREATE TABLE `bus` (
  `id` int(11) NOT NULL,
  `client_user_id` int(11) DEFAULT NULL,
  `bus_unique_id` varchar(255) DEFAULT NULL,
  `bus_number` varchar(255) DEFAULT NULL,
  `bus_plate_number` varchar(255) DEFAULT NULL,
  `bus_note` longtext CHARACTER SET utf8mb4 COLLATE utf8mb4_unicode_ci,
  `bus_status` int(11) DEFAULT '1' COMMENT '1=active,0=not active',
  `is_delete` int(11) NOT NULL DEFAULT '0' COMMENT '0=not delete,1=delete',
  `created_at` timestamp NULL DEFAULT CURRENT_TIMESTAMP,
  `updated_at` timestamp NULL DEFAULT CURRENT_TIMESTAMP
) ENGINE=InnoDB DEFAULT CHARSET=latin1;

--
-- Dumping data for table `bus`
--

INSERT INTO `bus` (`id`, `client_user_id`, `bus_unique_id`, `bus_number`, `bus_plate_number`, `bus_note`, `bus_status`, `is_delete`, `created_at`, `updated_at`) VALUES
(1, 3, 'BUS00001', '1', '12345', '', 1, 0, '2020-07-16 19:05:01', '2020-07-16 19:05:01'),
(2, 3, 'BUS00002', '2', '2', '', 1, 0, '2020-07-16 19:05:28', '2020-07-16 19:05:28'),
(3, 3, 'BUS00003', 'MP123654789', '138574', 'testing here', 1, 0, '2020-08-13 13:19:54', '2020-08-13 13:19:54'),
(4, 90, 'BUS00004', '22222', 'M4 04 AB 1234992', '', 1, 0, '2020-08-17 23:40:43', '2020-08-17 23:40:43'),
(5, 82, 'BUS00005', '987653', 'M4 04 AB 12349933', '', 1, 0, '2020-08-17 23:46:00', '2020-08-17 23:46:00');

-- --------------------------------------------------------

--
-- Table structure for table `chaperone`
--

CREATE TABLE `chaperone` (
  `id` int(11) NOT NULL,
  `client_user_id` varchar(255) DEFAULT NULL,
  `chaperone_name` varchar(255) CHARACTER SET utf8 COLLATE utf8_unicode_ci DEFAULT NULL,
  `chaperone_unique_id` varchar(255) DEFAULT NULL,
  `phone_number` varchar(255) DEFAULT NULL,
  `bus_id` int(11) DEFAULT NULL,
  `secret_code` varchar(255) DEFAULT NULL,
  `note` longtext,
  `chaperone_status` int(11) DEFAULT '1' COMMENT '1=active,0=not active',
  `device_type` varchar(255) DEFAULT NULL,
  `device_id` text,
  `is_delete` int(11) DEFAULT '0' COMMENT '1=delete,0= not delete',
  `created_at` timestamp NULL DEFAULT NULL,
  `updated_at` timestamp NULL DEFAULT NULL
) ENGINE=InnoDB DEFAULT CHARSET=latin1;

--
-- Dumping data for table `chaperone`
--

INSERT INTO `chaperone` (`id`, `client_user_id`, `chaperone_name`, `chaperone_unique_id`, `phone_number`, `bus_id`, `secret_code`, `note`, `chaperone_status`, `device_type`, `device_id`, `is_delete`, `created_at`, `updated_at`) VALUES
(26, '34', 'ss ss', 'Chaperone00026', '1234512345', NULL, 'CRdNxQLs', '', 1, '', '', 0, '2020-06-30 18:34:25', '2020-06-30 18:34:25'),
(33, '3', 'deepika1 thakur', 'Chaperone00027', '1234567890', NULL, 'Abhc@4', 'done', 1, 'android', '4b52485292e3e632', 0, '2020-07-08 22:31:47', '2020-09-07 19:38:30'),
(54, '84', 'anjali', 'Chaperone00034', 'vfvgf', NULL, '43', 'ch', 1, NULL, NULL, 0, '2020-07-10 02:54:02', '2020-07-10 02:54:02'),
(55, '3', 'Deepika thankur', 'Chaperone00055', '1111111111', NULL, 'D@124', '', 1, '', '', 0, '2020-07-16 19:07:32', '2020-08-14 16:27:10'),
(56, '3', 'Mahima shamr', 'Chaperone00056', '3333333335', NULL, 'M@3', '', 1, '', '', 0, '2020-07-16 19:18:17', '2020-08-29 11:15:33'),
(57, '3', 'Sunil Kumar', 'Chaperone00057', '2345674377', NULL, 'S@12', '', 1, '', '', 0, '2020-08-12 13:20:27', '2020-09-07 17:38:21'),
(58, '3', 'sunil kumar', 'Chaperone00058', '6263691795', NULL, 'A@10', 'dsdsdsd', 1, '', '', 0, '2020-08-14 16:07:25', '2020-09-02 19:35:56'),
(59, '82', 'chapiiiwww wwww2222we', 'Chaperone00059', '2335237767', NULL, '11111', '', 1, NULL, NULL, 0, '2020-08-17 23:46:43', '2020-08-17 23:46:43');

-- --------------------------------------------------------

--
-- Table structure for table `child`
--

CREATE TABLE `child` (
  `id` int(11) NOT NULL,
  `client_user_id` int(11) DEFAULT NULL,
  `parents_id` varchar(255) DEFAULT NULL,
  `child_name` varchar(255) DEFAULT NULL,
  `child_image` varchar(255) DEFAULT NULL,
  `status` int(11) DEFAULT '1' COMMENT '1=active,0=deactive',
  `created_at` timestamp NULL DEFAULT CURRENT_TIMESTAMP,
  `updated_at` timestamp NULL DEFAULT CURRENT_TIMESTAMP
) ENGINE=InnoDB DEFAULT CHARSET=latin1;

--
-- Dumping data for table `child`
--

INSERT INTO `child` (`id`, `client_user_id`, `parents_id`, `child_name`, `child_image`, `status`, `created_at`, `updated_at`) VALUES
(1, 3, '110', 'priya sahz', '1599209097_50.png', 1, '2020-08-17 14:33:55', '2020-08-17 14:33:55'),
(3, 3, '110', 'sunil sah', '1599209281_83.png', 1, '2020-08-17 08:30:37', '2020-08-17 08:30:37'),
(4, 3, '110', 'Harmaynig', '1599322565_1599322555226.jpg', 1, '2020-08-17 08:30:37', '2020-08-17 08:30:37'),
(5, 3, '109', 'Priya', '15809665051.jpg', 1, '2020-09-07 12:19:52', '2020-09-07 12:19:52');

-- --------------------------------------------------------

--
-- Table structure for table `client`
--

CREATE TABLE `client` (
  `id` int(11) NOT NULL,
  `client_name` varchar(255) CHARACTER SET utf8 COLLATE utf8_unicode_ci DEFAULT NULL,
  `focal_point_name` varchar(255) CHARACTER SET utf8 COLLATE utf8_unicode_ci DEFAULT NULL,
  `focal_point_number` varchar(255) DEFAULT NULL,
  `focal_point_email` varchar(255) DEFAULT NULL,
  `max_chaperone` varchar(255) DEFAULT NULL,
  `max_parent` varchar(255) DEFAULT NULL,
  `logo_image` varchar(255) DEFAULT NULL,
  `status` int(11) DEFAULT '1' COMMENT '1=active,0=not active',
  `delete` int(11) DEFAULT '0' COMMENT '0=not delete,1=delete',
  `created_at` timestamp NULL DEFAULT CURRENT_TIMESTAMP,
  `updated_at` timestamp NULL DEFAULT CURRENT_TIMESTAMP
) ENGINE=InnoDB DEFAULT CHARSET=latin1;

--
-- Dumping data for table `client`
--

INSERT INTO `client` (`id`, `client_name`, `focal_point_name`, `focal_point_number`, `focal_point_email`, `max_chaperone`, `max_parent`, `logo_image`, `status`, `delete`, `created_at`, `updated_at`) VALUES
(2, 'Kopal School', 'kopal', '1245', 'kopal2@yopmail.com', '123', '123', 'entertaiment-0311.jpg', 1, 0, '2020-06-29 14:18:08', '2020-06-29 14:18:08'),
(5, 'Red Rose ', 'Red Rose', '3451', 'red@yopmail.com', '23', '20', 'info_logo.jpg', 1, 0, '2020-07-10 12:32:31', '2020-07-10 12:32:31'),
(6, 'IES', 'checking', '34', 'ies@yopmail.com', '245', '35', 'image.jpeg', 1, 0, '2020-06-29 14:32:47', '2020-06-29 14:32:47'),
(10, 'LNCT', 'vgr', '12456', 'lnct@yopmail.com', '11', '123', 'post-481.jpg', 1, 0, '2020-06-29 15:25:52', '2020-06-29 15:25:52'),
(11, 'lnct', NULL, NULL, 'lnct@yopmail..com ', NULL, NULL, NULL, 1, 0, '2020-06-29 15:26:07', '2020-06-29 15:26:07'),
(22, 'Pramod', 'deepak', '1234554321', 'd@yopmail.com', '2', '3', 'Capture10.PNG', 1, 0, '2020-06-29 16:50:04', '2020-06-29 16:50:04'),
(23, 'cz', '44', '4', 'de@yopmail.com', '22', '33', 'player121.png', 1, 0, '2020-06-29 16:57:18', '2020-06-29 16:57:18'),
(24, 'cz', 'ddf', '33', 'dh@yopmail.com', '42', '23', 'entertaiment-032.jpg', 1, 0, '2020-06-29 17:06:02', '2020-06-29 17:06:02'),
(25, 'cz', 'fc', '34', 'dhn@yopmail.com', '12', '23', 'grandma2.png', 1, 0, '2020-06-29 17:09:38', '2020-06-29 17:09:38'),
(35, 'Red school', 'kopal', '12456', 'm@yopmail.com', '11', '6', 'entertaiment-033.jpg', 1, 0, '2020-06-29 18:27:36', '2020-06-29 18:27:36'),
(45, 'hello', 'hello', '1234567899', 'h@yopmail.com', '6', '8', '', 1, 0, '2020-06-29 21:38:07', '2020-06-29 21:38:07'),
(54, 'gjgjhv', 'hgchgchjc', '44546546511516', 'vr@yopmail.com', '10', '15', NULL, 1, 0, '2020-06-30 12:17:02', '2020-06-30 12:17:02'),
(55, 'yguygu', 'uyvuvuvvuv', '44546546511516', 'rk@yopmail.com', '10', '15', NULL, 1, 0, '2020-06-30 12:17:02', '2020-06-30 12:17:02'),
(58, 'infograins', 'infograins', '452001452001', 'info@yopmail.com', '15', '15', 'Jellyfish.jpg', 1, 0, '2020-06-30 12:24:19', '2020-06-30 12:24:19'),
(60, 'yash', NULL, NULL, 'y@yopmail.com', NULL, NULL, NULL, 1, 0, '2020-06-30 13:27:42', '2020-06-30 13:27:42'),
(61, 'internation', '4444', '12456', 'sameh@yahoo.com', '12', '30', 'kisspng-education-school-logo-learning-teaching-5ac3affad80190_4198037115227740108848.jpg', 1, 0, '2020-07-10 11:32:28', '2020-07-10 11:32:28'),
(62, 'yash', 'rina', '12456', 'i@yopmail.com', '2', '8', 'Capture21.PNG', 1, 0, '2020-06-30 17:07:13', '2020-06-30 17:07:13'),
(64, 'prince', 'prience', '1234512345', 'p@yopmail.com', '6', '7', '', 1, 0, '2020-06-30 17:16:33', '2020-06-30 17:16:33'),
(65, 'aaaaa', 'chekcning', '13455', 'a@yopmail.com', '123', '23', 'grandma4.png', 1, 0, '2020-06-30 19:54:56', '2020-06-30 19:54:56'),
(67, 'sss', NULL, NULL, 't@yopmail.com', NULL, NULL, NULL, 1, 0, '2020-06-30 19:48:51', '2020-06-30 19:48:51'),
(69, 'suraj', 'giri', '9876543310', 'shreya@yopmail.com', '15', '50', '1.png', 1, 0, '2020-07-01 17:00:14', '2020-07-01 17:00:14'),
(70, 'suraj', 'giri', '9876543310', 'demo@gmail.com', '15', '50', '11.png', 0, 0, '2020-07-01 17:01:07', '2020-07-01 17:01:07'),
(71, 'koikoo', 'ddd', '25262626265', 'suraj@yopmail.com', '55', '55', 'AdobeStock_191959344_Preview.jpeg', 1, 0, '2020-07-01 17:03:46', '2020-07-01 17:03:46'),
(72, 'Red Rose School	', NULL, NULL, 'ff11', NULL, NULL, NULL, 1, 0, '2020-07-03 10:47:46', '2020-07-03 10:47:46'),
(73, 'Red Rose School	', NULL, NULL, 'ff12', NULL, NULL, NULL, 1, 0, '2020-07-03 10:47:46', '2020-07-03 10:47:46'),
(74, 'Red Rose School	', NULL, NULL, 'ff13', NULL, NULL, NULL, 1, 0, '2020-07-03 10:47:46', '2020-07-03 10:47:46'),
(75, 'Red Rose School	', NULL, NULL, 'ff14', NULL, NULL, NULL, 1, 0, '2020-07-03 10:47:46', '2020-07-03 10:47:46'),
(76, 'Red Rose School	', NULL, NULL, 'ff15', NULL, NULL, NULL, 1, 0, '2020-07-03 10:47:46', '2020-07-03 10:47:46'),
(77, 'Red Rose School	', NULL, NULL, 'ff16', NULL, NULL, NULL, 1, 0, '2020-07-03 10:47:46', '2020-07-03 10:47:46'),
(78, 'Red Rose School	', NULL, NULL, 'ff17', NULL, NULL, NULL, 1, 0, '2020-07-03 10:47:46', '2020-07-03 10:47:46'),
(79, 'Red Rose School	', NULL, NULL, 'ff18', NULL, NULL, NULL, 1, 0, '2020-07-03 10:47:46', '2020-07-03 10:47:46'),
(80, 'Red Rose School	', NULL, NULL, 'ff19', NULL, NULL, NULL, 0, 0, '2020-07-03 10:47:46', '2020-07-03 10:47:46'),
(81, 'Red Rose School	', NULL, NULL, 'ff20', NULL, NULL, NULL, 1, 0, '2020-07-03 10:47:46', '2020-07-03 10:47:46'),
(82, 'Red Rose School	', NULL, NULL, 'ff21', NULL, NULL, NULL, 1, 0, '2020-07-03 10:47:46', '2020-07-03 10:47:46'),
(83, 'Yash', NULL, NULL, 'yash1@yopmail.com', NULL, NULL, NULL, 1, 0, '2020-07-03 12:02:51', '2020-07-03 12:02:51'),
(84, 'Yash', NULL, NULL, 'yash12@yopmail.com', NULL, NULL, NULL, 1, 0, '2020-07-03 12:02:51', '2020-07-03 12:02:51'),
(85, 'Yash', NULL, NULL, 'yash13@yopmail.com', NULL, NULL, NULL, 1, 0, '2020-07-03 12:02:51', '2020-07-03 12:02:51'),
(86, 'Yash', NULL, NULL, 'ya111', NULL, NULL, NULL, 1, 0, '2020-07-08 22:40:58', '2020-07-08 22:40:58'),
(87, 'Yash', NULL, NULL, 'ya112', NULL, NULL, NULL, 1, 0, '2020-07-08 22:40:58', '2020-07-08 22:40:58'),
(88, 'Yash', NULL, NULL, 'ya113', NULL, NULL, NULL, 1, 0, '2020-07-08 22:40:58', '2020-07-08 22:40:58'),
(89, 'Yash', NULL, NULL, 'ya114', NULL, NULL, NULL, 1, 0, '2020-07-08 22:40:58', '2020-07-08 22:40:58'),
(90, 'Yash', NULL, NULL, 'ya115', NULL, NULL, NULL, 1, 0, '2020-07-08 22:40:58', '2020-07-08 22:40:58'),
(91, 'Yash', NULL, NULL, 'ya116', NULL, NULL, NULL, 1, 0, '2020-07-08 22:40:59', '2020-07-08 22:40:59'),
(92, 'Yash', NULL, NULL, 'ya117', NULL, NULL, NULL, 1, 0, '2020-07-08 22:40:59', '2020-07-08 22:40:59'),
(93, 'Yash', NULL, NULL, 'ya118', NULL, NULL, NULL, 1, 0, '2020-07-08 22:40:59', '2020-07-08 22:40:59'),
(94, 'Yash', NULL, NULL, 'ya119', NULL, NULL, NULL, 1, 0, '2020-07-08 22:40:59', '2020-07-08 22:40:59'),
(95, 'Yash', NULL, NULL, 'ya120', NULL, NULL, NULL, 1, 0, '2020-07-08 22:40:59', '2020-07-08 22:40:59'),
(96, 'TestNew111', 'sameh ahmad111', '0096288998822', 'test@tttt.com', '30', '40', 'start.png', 1, 0, '2020-07-08 22:42:52', '2020-07-08 22:42:52'),
(97, 'TestNew111', NULL, NULL, 'aaa111', NULL, NULL, NULL, 1, 0, '2020-07-08 22:44:45', '2020-07-08 22:44:45'),
(98, 'TestNew111', NULL, NULL, 'aaa112', NULL, NULL, NULL, 1, 0, '2020-07-08 22:44:45', '2020-07-08 22:44:45'),
(99, 'TestNew111', NULL, NULL, 'aaa113', NULL, NULL, NULL, 1, 0, '2020-07-08 22:44:45', '2020-07-08 22:44:45'),
(100, 'TestNew111', NULL, NULL, 'aaa114', NULL, NULL, NULL, 1, 0, '2020-07-08 22:44:45', '2020-07-08 22:44:45'),
(101, 'TestNew111', NULL, NULL, 'aaa115', NULL, NULL, NULL, 1, 0, '2020-07-08 22:44:45', '2020-07-08 22:44:45'),
(102, 'TestNew111', NULL, NULL, 'aaa116', NULL, NULL, NULL, 1, 0, '2020-07-08 22:44:46', '2020-07-08 22:44:46'),
(103, 'TestNew111', NULL, NULL, 'aaa117', NULL, NULL, NULL, 1, 0, '2020-07-08 22:44:46', '2020-07-08 22:44:46'),
(107, 'Sagar', 'Sagar', '123456', 'aaa118 ', '23', '43', '', 1, 0, '2020-07-10 02:15:19', '2020-07-10 02:15:19'),
(108, 'Sagar', 'Sagar', '1234456', 's@yopmail.com', '67', '32', '', 1, 0, '2020-07-10 02:15:19', '2020-07-10 02:15:19'),
(112, 'Priyanka Khirwadker ', NULL, '651616', 'Priyanka@yopmail.com', NULL, NULL, NULL, 1, 0, '2020-07-10 13:12:05', '2020-07-10 13:12:05'),
(113, 'DUMMY', NULL, '44422', 'AA@AA', NULL, NULL, NULL, 1, 0, '2020-07-10 13:16:52', '2020-07-10 13:16:52'),
(117, 'Sagar', NULL, '35', 'bhi@yopmai.com', NULL, NULL, NULL, 1, 0, '2020-07-10 13:32:06', '2020-07-10 13:32:06'),
(118, 'pramod', NULL, '234234', 'A@gmail.com', NULL, NULL, NULL, 1, 0, '2020-07-10 13:34:16', '2020-07-10 13:34:16'),
(119, 'KIST', NULL, '78', 'k@yopmail.com', NULL, NULL, NULL, 1, 0, '2020-07-10 18:03:39', '2020-07-10 18:03:39');

-- --------------------------------------------------------

--
-- Table structure for table `client_user`
--

CREATE TABLE `client_user` (
  `id` int(11) NOT NULL,
  `client_id` int(11) DEFAULT NULL,
  `username` varchar(255) CHARACTER SET utf8 COLLATE utf8_unicode_ci DEFAULT NULL,
  `email` varchar(255) DEFAULT NULL,
  `mobile_number` varchar(255) DEFAULT NULL,
  `login_username` varchar(255) CHARACTER SET utf8 COLLATE utf8_unicode_ci DEFAULT NULL,
  `login_password` varchar(255) DEFAULT NULL,
  `last_login_date` timestamp NULL DEFAULT NULL,
  `status` int(11) DEFAULT '1' COMMENT '1=active,0=not active',
  `is_delete` int(11) DEFAULT '0' COMMENT '0=not delete,1=delete',
  `created_at` timestamp NULL DEFAULT CURRENT_TIMESTAMP,
  `updated_at` timestamp NULL DEFAULT CURRENT_TIMESTAMP
) ENGINE=InnoDB DEFAULT CHARSET=latin1;

--
-- Dumping data for table `client_user`
--

INSERT INTO `client_user` (`id`, `client_id`, `username`, `email`, `mobile_number`, `login_username`, `login_password`, `last_login_date`, `status`, `is_delete`, `created_at`, `updated_at`) VALUES
(1, 5, 'Priya', 'priya@yopmail.com', '1234567890', 'Priya@123', 'Aariz@123', NULL, 1, 0, '2020-06-29 14:33:59', '2020-06-29 14:33:59'),
(3, 6, 'Tina', 'tina@yopmail.com', '4444434563', 'Tina@123', '123456', '2020-09-07 17:47:10', 1, 0, '2020-07-15 11:54:28', '2020-07-15 11:54:28'),
(5, 5, 'Anjali', 'anjali@yopmail.com', '6253121111', 'Anjali@123', 'Abc@12445', '2020-07-10 18:56:26', 1, 0, '2020-06-29 14:48:44', '2020-06-29 14:48:44'),
(6, 5, 'red', NULL, '123456', 'Red@123', NULL, '2020-07-04 15:28:29', 1, 0, '2020-06-29 15:20:38', '2020-06-29 15:20:38'),
(7, 10, 'rinku', NULL, '342', NULL, NULL, NULL, 1, 0, '2020-06-29 15:20:38', '2020-06-29 15:20:38'),
(16, 45, 'harish', 'h@yopmail.com', '1234567899', '', '', NULL, 1, 0, '2020-06-29 21:51:35', '2020-06-29 21:51:35'),
(18, 45, 'mohan', 'm@yopmail.com', '4444444444', 'pramod123', '&YWIq&it', NULL, 1, 0, '2020-06-29 21:55:40', '2020-06-29 21:55:40'),
(19, 45, 'mohan', 'm@yopmail.com', '4444444444', 'pramod123', 'ahN9UPfe', NULL, 1, 0, '2020-06-29 21:56:41', '2020-06-29 21:56:41'),
(20, 45, 'mohan', 'm@yopmail.com', '4444444444', 'pramod123', 'ahN9UPfe', NULL, 1, 0, '2020-06-29 21:56:41', '2020-06-29 21:56:41'),
(24, 58, 'apeksha123', 'k@yopmail.com', '1234561234', 'Abhi@1243', 'Mk9F4e4E', NULL, 1, 0, '2020-06-30 12:39:37', '2020-06-30 12:39:37'),
(25, 58, 'apeksha123', 'k@yopmail.com', '1234561234', 'Abhi@1243', 'Mk9F4e4E', NULL, 1, 0, '2020-06-30 17:26:42', '2020-06-30 17:26:42'),
(26, 22, 'deepak', NULL, '1234567123', NULL, NULL, NULL, 1, 0, '2020-06-30 13:09:38', '2020-06-30 13:09:38'),
(27, 60, 'yash', NULL, '1234512345', NULL, NULL, NULL, 1, 0, '2020-06-30 13:27:42', '2020-06-30 13:27:42'),
(28, 61, 'priya', NULL, '1234567890', NULL, NULL, NULL, 1, 0, '2020-06-30 13:39:40', '2020-06-30 13:39:40'),
(29, 5, 'jay', NULL, '432222', NULL, NULL, NULL, 1, 0, '2020-06-30 13:39:40', '2020-06-30 13:39:40'),
(30, 50, 'renu', NULL, '1234567123', NULL, NULL, NULL, 1, 0, '2020-06-30 15:40:09', '2020-06-30 15:40:09'),
(31, 62, 'yash', NULL, '1234512345', NULL, NULL, NULL, 1, 0, '2020-06-30 15:54:20', '2020-06-30 15:54:20'),
(32, 64, 'mohan', 'p@yopmail.com', '9999999999', 'super_admin', 'XIez3A1F', NULL, 1, 0, '2020-06-30 17:30:11', '2020-06-30 17:30:11'),
(33, 64, 'mohan', 'p@yopmail.com', '8888888888', 'Abhi@1243', '%aZd949U', NULL, 1, 0, '2020-06-30 17:30:52', '2020-06-30 17:30:52'),
(34, 65, 'aaaaa', 'a@yopmail.com', '1111111111', NULL, NULL, NULL, 1, 0, '2020-06-30 17:34:51', '2020-06-30 17:34:51'),
(40, 65, 'apeksha', NULL, '123421', NULL, NULL, NULL, 1, 0, '2020-06-30 19:37:21', '2020-06-30 19:37:21'),
(41, 67, 'sss', NULL, '1234512345', NULL, NULL, NULL, 1, 0, '2020-06-30 19:48:51', '2020-06-30 19:48:51'),
(42, 67, 'apeksha', NULL, '123421', NULL, NULL, NULL, 1, 0, '2020-06-30 20:00:30', '2020-06-30 20:00:30'),
(45, 61, 'aaaaa', 'aaaaa@yahoo.com', '0096662323', '11111', '11111', '2020-08-17 23:37:25', 1, 0, '2020-07-01 01:17:48', '2020-07-01 01:17:48'),
(47, 69, 'ggg', 'suraj@yopmail.com', '1455211455', 'suraj', '123456', '2020-07-01 17:09:32', 1, 0, '2020-07-01 17:07:46', '2020-07-01 17:07:46'),
(48, 72, 'ff11', NULL, 'ff11', NULL, NULL, NULL, 1, 0, '2020-07-03 10:47:46', '2020-07-03 10:47:46'),
(49, 73, 'ff12', NULL, 'ff12', NULL, NULL, NULL, 1, 0, '2020-07-03 10:47:46', '2020-07-03 10:47:46'),
(50, 74, 'ff13', NULL, 'ff13', NULL, NULL, NULL, 1, 0, '2020-07-03 10:47:46', '2020-07-03 10:47:46'),
(51, 75, 'ff14', NULL, 'ff14', NULL, NULL, NULL, 1, 0, '2020-07-03 10:47:46', '2020-07-03 10:47:46'),
(52, 76, 'ff15', NULL, 'ff15', NULL, NULL, NULL, 1, 0, '2020-07-03 10:47:46', '2020-07-03 10:47:46'),
(53, 77, 'ff16', NULL, 'ff16', NULL, NULL, NULL, 1, 0, '2020-07-03 10:47:46', '2020-07-03 10:47:46'),
(54, 78, 'ff17', NULL, 'ff17', NULL, NULL, NULL, 1, 0, '2020-07-03 10:47:46', '2020-07-03 10:47:46'),
(55, 79, 'ff18', NULL, 'ff18', NULL, NULL, NULL, 1, 0, '2020-07-03 10:47:46', '2020-07-03 10:47:46'),
(56, 80, 'ff19', NULL, 'ff19', NULL, NULL, NULL, 1, 0, '2020-07-03 10:47:46', '2020-07-03 10:47:46'),
(57, 81, 'ff20', NULL, 'ff20', NULL, NULL, NULL, 1, 0, '2020-07-03 10:47:46', '2020-07-03 10:47:46'),
(59, 83, 'yash1', 'yash11@yopmail.com', '12313546546', 'ysh', '123456', NULL, 1, 0, '2020-07-03 12:02:51', '2020-07-03 12:02:51'),
(60, 84, 'yash12', 'yash12@yopmail.com', '12313546554', 'ysh1', '123456', NULL, 1, 0, '2020-07-03 12:02:51', '2020-07-03 12:02:51'),
(61, 85, 'yash123', 'tash123@yopmail.com', '546546465', 'ysh12', '123456', NULL, 1, 0, '2020-07-03 12:02:51', '2020-07-03 12:02:51'),
(62, 86, 'ya111', 'ya111', 'ya111', 'ya111', 'ya111', NULL, 1, 0, '2020-07-08 22:40:58', '2020-07-08 22:40:58'),
(63, 87, 'ya112', 'ya112', 'ya112', 'ya112', 'ya112', NULL, 1, 0, '2020-07-08 22:40:58', '2020-07-08 22:40:58'),
(64, 88, 'ya113', 'ya113', 'ya113', 'ya113', 'ya113', NULL, 1, 0, '2020-07-08 22:40:58', '2020-07-08 22:40:58'),
(65, 89, 'ya114', 'ya114', 'ya114', 'ya114', 'ya114', NULL, 1, 0, '2020-07-08 22:40:58', '2020-07-08 22:40:58'),
(66, 90, 'ya115', 'ya115', 'ya115', 'ya115', 'ya115', NULL, 1, 0, '2020-07-08 22:40:58', '2020-07-08 22:40:58'),
(72, 97, 'aaa111', 'aaa111', 'aaa111', 'aaa111', 'aaa111', NULL, 1, 0, '2020-07-08 22:44:45', '2020-07-08 22:44:45'),
(73, 98, 'aaa112', 'aaa112', 'aaa112', 'aaa112', 'aaa112', NULL, 1, 0, '2020-07-08 22:44:45', '2020-07-08 22:44:45'),
(74, 99, 'aaa113', 'aaa113', 'aaa113', 'aaa113', 'aaa113', NULL, 1, 0, '2020-07-08 22:44:45', '2020-07-08 22:44:45'),
(75, 100, 'aaa114', 'aaa114', 'aaa114', 'aaa114', 'aaa114', NULL, 1, 0, '2020-07-08 22:44:45', '2020-07-08 22:44:45'),
(76, 101, 'aaa115', 'aaa115', 'aaa115', 'aaa115', 'aaa115', NULL, 1, 0, '2020-07-08 22:44:45', '2020-07-08 22:44:45'),
(77, 102, 'aaa116', 'aaa116', 'aaa116', 'aaa116', 'aaa116', NULL, 1, 0, '2020-07-08 22:44:46', '2020-07-08 22:44:46'),
(78, 103, 'aaa117', 'aaa117', 'aaa117', 'aaa117', 'aaa117', NULL, 1, 0, '2020-07-08 22:44:46', '2020-07-08 22:44:46'),
(82, 107, 'nj', 'higd@yopmail.com', '8922222222', 'HJ$#', '11111', '2020-08-17 23:45:45', 1, 0, '2020-08-17 23:45:30', '2020-08-17 23:45:30'),
(83, 108, 'hi', 'g@yopmail.com', '889', '', '', NULL, 1, 0, '2020-07-10 02:43:33', '2020-07-10 02:43:33'),
(84, 107, 'hu', 'rt@yopmail.com', '32', NULL, NULL, NULL, 1, 0, '2020-07-10 02:54:02', '2020-07-10 02:54:02'),
(89, 107, 'bh', 'h@yp', '65', NULL, NULL, NULL, 1, 0, '2020-07-10 03:12:13', '2020-07-10 03:12:13'),
(90, 112, 'tfyfcyj', 'r@yopmail.com', '1651616', 'Ptest', '123456', '2020-08-17 23:39:50', 1, 0, '2020-07-10 13:12:05', '2020-07-10 13:12:05'),
(101, 119, 'Geeta', 'Geeta@yopmail.com', '888', 'hj', '12', NULL, 1, 0, '2020-07-10 18:04:21', '2020-07-10 18:04:21'),
(102, 119, 'Heena', 'heena@yopamil.com', '545', 'heena', '43', NULL, 1, 0, '2020-07-10 18:04:21', '2020-07-10 18:04:21'),
(103, 119, 'super_admin', 'huuuu@yopmail.com', '4535353333', 'Priya@123', 'gJMAU@ZY', '2020-08-28 14:49:49', 1, 0, '2020-07-10 18:54:56', '2020-07-10 18:54:56');

-- --------------------------------------------------------

--
-- Table structure for table `cms`
--

CREATE TABLE `cms` (
  `id` int(11) NOT NULL,
  `type` varchar(255) DEFAULT NULL,
  `title` varchar(255) CHARACTER SET utf8 COLLATE utf8_unicode_ci DEFAULT NULL,
  `ar_title` varchar(255) CHARACTER SET utf8 COLLATE utf8_unicode_ci DEFAULT NULL,
  `description` longtext CHARACTER SET utf8 COLLATE utf8_unicode_ci,
  `ar_description` longtext CHARACTER SET utf8 COLLATE utf8_unicode_ci,
  `created_at` timestamp NULL DEFAULT CURRENT_TIMESTAMP,
  `updated_at` timestamp NULL DEFAULT NULL
) ENGINE=InnoDB DEFAULT CHARSET=latin1;

--
-- Dumping data for table `cms`
--

INSERT INTO `cms` (`id`, `type`, `title`, `ar_title`, `description`, `ar_description`, `created_at`, `updated_at`) VALUES
(1, 'About Us', '<p><span style=\"font-size:18px\"><strong>Yes, it&#39;s simple!</strong></span></p>\r\n', '<p style=\"text-align:right\"><span style=\"font-size:18px\"><strong>الأمر بغاية البساطة</strong></span></p>\r\n', '<p><span style=\"font-size:12.0pt\">WASALO is a friendly&nbsp;platform created to provide live tracking of school buses during their commute. It provides both the school transport team &amp; parents with real-time visibility of students during the school bus transit.&nbsp;</span></p>\r\n', '<p style=\"text-align:right\"><em><span style=\"font-family:Arial,Helvetica,sans-serif\"><span dir=\"RTL\" lang=\"AR-SA\" style=\"font-size:12.0pt\">وصلوا هي منصة الكترونية بنيت لتكون حلا أنيقا و سهلا لفريق المدرسة و الأهالي من اجل تتبع حركة باص المدرسة.</span></span></em></p>\r\n', '2020-05-12 07:23:08', NULL),
(2, 'How To\r\n', '<p>English titile new1</p>\r\n', '<p style=\"text-align:right\"><span style=\"font-size:16px\"><strong>&nbsp;جديدي نحن فريق من الصحفيين والمحرر</strong></span></p>\r\n', '<p>Lorem Ipsum is simply dummy text of the printing and typesetting industry. Lorem Ipsum has been the industry&#39;s standard dummy text ever since the 1500s, when an unknown printer took a galley of type and scrambled it to make a type specimen book. It has survived not only five centuries, but also the leap into electronic typesetting, remaining essentially unchanged. It was popularised in the 1960s with the release of Letraset sheets containing Lorem Ipsum passages, and more recently with desktop publishing software like Aldus PageMaker including versions of&nbsp;English new1</p>\r\n', '<p style=\"text-align:right\">نحن فريق من الصحفيين والمحررين والمراجعين الذين هم خبراء في إنشاء المحتوى. نحن ننتج مشاركات المدونة التثبيت لإضفاء الطابع الخاص على ارتباط علامتك التجارية وزيادة المبيعات. نحن نفعل ذلك لأننا نعتقد أن مشاركة قصص جيدة يمكن أن يجعل عملك ينمو. جديدي</p>\r\n', '2020-05-12 07:23:08', NULL);

-- --------------------------------------------------------

--
-- Table structure for table `contact_information`
--

CREATE TABLE `contact_information` (
  `id` int(11) NOT NULL,
  `name` varchar(255) DEFAULT NULL,
  `ar_name` varchar(255) CHARACTER SET utf8mb4 COLLATE utf8mb4_unicode_ci DEFAULT NULL,
  `facebook` varchar(255) DEFAULT NULL,
  `instagram` varchar(255) DEFAULT NULL,
  `linkedin` varchar(255) DEFAULT NULL,
  `twitter` varchar(255) DEFAULT NULL,
  `whatsapp_number` varchar(255) DEFAULT NULL,
  `mobile_number` varchar(255) DEFAULT NULL,
  `website` varchar(255) DEFAULT NULL,
  `email_id` varchar(255) DEFAULT NULL,
  `ar_email_id` varchar(255) DEFAULT NULL,
  `forwardingmail_one` varchar(255) DEFAULT NULL,
  `forwardingmail_two` varchar(255) DEFAULT NULL,
  `address` varchar(255) CHARACTER SET utf8mb4 COLLATE utf8mb4_unicode_ci DEFAULT NULL,
  `ar_address` varchar(255) CHARACTER SET utf8mb4 COLLATE utf8mb4_unicode_ci DEFAULT NULL,
  `created_at` timestamp NULL DEFAULT CURRENT_TIMESTAMP,
  `updated_at` timestamp NULL DEFAULT CURRENT_TIMESTAMP
) ENGINE=InnoDB DEFAULT CHARSET=latin1;

--
-- Dumping data for table `contact_information`
--

INSERT INTO `contact_information` (`id`, `name`, `ar_name`, `facebook`, `instagram`, `linkedin`, `twitter`, `whatsapp_number`, `mobile_number`, `website`, `email_id`, `ar_email_id`, `forwardingmail_one`, `forwardingmail_two`, `address`, `ar_address`, `created_at`, `updated_at`) VALUES
(1, 'ZAMAOAN for lnformati on Technology11', 'زمكان', 'https://www.facebook.com/', 'https://www.instagram.com/', 'https://www.linkedin.com/', 'https://twitter.com/login?lang=en', '9039828298', '+96260000001', 'www.wasalo.commm', 'rasgmi@gmail.com', 'a@gmail.com', 'check@yopmail.com', 'check@yopmail.com', 'Zaina Center. 6th floor <br> 44 Queen Nour Street <br>  PO. Box 2389 <br> Amman 1 1181 Jordan', '<h2><span style=\"color:#d35400\">نعم نعم جديدي نحن فريق من الصحفيين والمحرر</span></h2>\r\n\r\n<p>&nbsp;</p>\r\n', '2020-07-11 12:25:11', '2020-07-11 12:25:11');

-- --------------------------------------------------------

--
-- Table structure for table `contact_us_list`
--

CREATE TABLE `contact_us_list` (
  `id` int(11) NOT NULL,
  `name` varchar(255) CHARACTER SET utf8 COLLATE utf8_unicode_ci DEFAULT NULL,
  `email` varchar(255) CHARACTER SET utf8 COLLATE utf8_unicode_ci DEFAULT NULL,
  `topic` longtext CHARACTER SET utf8 COLLATE utf8_unicode_ci,
  `message` longtext CHARACTER SET utf8 COLLATE utf8_unicode_ci,
  `admin_reply` longtext,
  `created_at` timestamp NULL DEFAULT CURRENT_TIMESTAMP,
  `updated_at` timestamp NULL DEFAULT CURRENT_TIMESTAMP
) ENGINE=InnoDB DEFAULT CHARSET=latin1;

--
-- Dumping data for table `contact_us_list`
--

INSERT INTO `contact_us_list` (`id`, `name`, `email`, `topic`, `message`, `admin_reply`, `created_at`, `updated_at`) VALUES
(2, 'checking', 'check@yopmail.com', 'Website', 'check contackt Save', NULL, '2020-05-12 08:40:31', '2020-05-12 08:40:31'),
(3, 'aparna majumdar', 'manoj@yopmail.com', 'MAil Send', 'BCC', NULL, '2020-07-10 19:43:52', '2020-07-10 19:43:52'),
(47, 'me mo', 'hello@tryingto.com', 'testing form', 'hello again', NULL, '2020-07-11 11:51:27', '2020-07-11 11:51:27');

-- --------------------------------------------------------

--
-- Table structure for table `driver`
--

CREATE TABLE `driver` (
  `id` int(11) NOT NULL,
  `client_user_id` varchar(255) DEFAULT NULL,
  `driver_unique_id` varchar(255) DEFAULT NULL,
  `driver_name` varchar(255) CHARACTER SET utf8mb4 COLLATE utf8mb4_unicode_ci DEFAULT NULL,
  `drive_mobile_number` varchar(255) DEFAULT NULL,
  `bus_id` int(11) DEFAULT NULL,
  `note` longtext,
  `driver_status` int(11) DEFAULT '1' COMMENT '1=active,0=deactive',
  `is_delete` int(11) DEFAULT '0' COMMENT '0 =not delete,1=delete',
  `created_at` timestamp NULL DEFAULT CURRENT_TIMESTAMP,
  `updated_at` timestamp NULL DEFAULT CURRENT_TIMESTAMP
) ENGINE=InnoDB DEFAULT CHARSET=latin1;

--
-- Dumping data for table `driver`
--

INSERT INTO `driver` (`id`, `client_user_id`, `driver_unique_id`, `driver_name`, `drive_mobile_number`, `bus_id`, `note`, `driver_status`, `is_delete`, `created_at`, `updated_at`) VALUES
(1, '4', 'Driver00001', 'aparna majumdar', '1234567890', NULL, '', 1, 0, '2020-06-29 15:34:32', '2020-06-29 15:34:32'),
(2, '6', 'Driver00002', 'priyya', '1234567890', NULL, NULL, 1, 0, '2020-06-29 15:35:39', '2020-06-29 15:35:39'),
(3, '7', 'Driver00003', 'check', '12345', NULL, NULL, 1, 0, '2020-06-29 15:35:39', '2020-06-29 15:35:39'),
(4, '4', 'Driver00004', 'Cp', 'Driver00102', NULL, 'cp', 1, 0, '2020-06-29 16:10:04', '2020-06-29 16:10:04'),
(5, '4', 'Driver00005', 'jhony jhony 2', 'Driver00103', NULL, 'duplicacy', 1, 0, '2020-06-29 16:10:04', '2020-06-29 16:10:04'),
(6, '0', 'Driver00006', 'tiinu tinu', '1234123412', NULL, '', 1, 0, '2020-06-29 19:18:17', '2020-06-29 19:18:17'),
(7, '0', 'Driver00007', 'tiinu tinu', '1234123412', NULL, '', 1, 0, '2020-06-29 19:18:53', '2020-06-29 19:18:53'),
(8, '0', 'Driver00008', 'tiinu tinu', '1234123412', NULL, '', 1, 0, '2020-06-29 19:18:53', '2020-06-29 19:18:53'),
(9, '0', 'Driver00009', 'ramesh ramesh', '12312312312', NULL, '', 1, 0, '2020-06-29 19:21:49', '2020-06-29 19:21:49'),
(10, '0', 'Driver00010', 'ramesh ramesh', '12312312312', NULL, '', 1, 0, '2020-06-29 19:22:22', '2020-06-29 19:22:22'),
(12, '27', 'Driver00012', 'renu renu', '1234512345', NULL, 'ohhhh', 1, 0, '2020-06-30 15:33:04', '2020-06-30 15:33:04'),
(25, '45', 'Driver00025', '1111 1111', '1111111111', NULL, 'THIS IS A VERY LONG NOTE THIS IS A VERY LONG NOTE THIS IS A VERY LONG NOTE THIS IS A VERY LONG NOTE', 1, 0, '2020-07-01 01:18:21', '2020-07-01 01:18:21'),
(27, '1', 'Driver00026', '111122 222223', '3333333333', NULL, 'THIS IS A VERY LONG NOTE THIS IS A VERY LONG NOTE THIS IS A VERY LONG NOTE THIS IS A VERY LONG NOTE', 1, 0, '2020-07-03 10:45:43', '2020-07-03 10:45:43'),
(28, '48', 'Driver00028', 'ff11', 'ff11', NULL, 'ff11', 1, 0, '2020-07-03 10:47:46', '2020-07-03 10:47:46'),
(29, '49', 'Driver00029', 'ff12', 'ff12', NULL, 'ff12', 1, 0, '2020-07-03 10:47:46', '2020-07-03 10:47:46'),
(30, '50', 'Driver00030', 'ff13', 'ff13', NULL, 'ff13', 1, 0, '2020-07-03 10:47:46', '2020-07-03 10:47:46'),
(31, '51', 'Driver00031', 'ff145 Shukla', 'ff14', NULL, 'ff14', 1, 0, '2020-07-10 13:05:06', '2020-07-10 13:05:06'),
(32, '3', 'Driver00032', 'Arjun sharma', '1234567890', NULL, '', 1, 0, '2020-07-16 19:06:22', '2020-07-16 19:06:22'),
(33, '3', 'Driver00033', 'priya sharam', '2222222222', NULL, '', 1, 0, '2020-07-16 19:06:46', '2020-07-16 19:06:46'),
(34, '3', 'Driver00034', 'Chhotu Sharma cChhotu', '9638527410', NULL, 'This is for test', 1, 0, '2020-08-13 13:22:15', '2020-08-13 13:22:15'),
(35, '90', 'Driver00035', 'Rajendraaaq ggggq', '3333333222', NULL, '', 1, 0, '2020-08-17 23:41:02', '2020-08-17 23:41:02'),
(36, '82', 'Driver00036', 'Rajendraaa333 wwww2222333', '3333322212', NULL, '', 1, 0, '2020-08-17 23:46:17', '2020-08-17 23:46:17');

-- --------------------------------------------------------

--
-- Table structure for table `how_to_img`
--

CREATE TABLE `how_to_img` (
  `id` int(11) NOT NULL,
  `how_to_id` int(11) DEFAULT NULL,
  `title` varchar(255) DEFAULT NULL,
  `img` varchar(255) DEFAULT NULL,
  `image_status` int(255) NOT NULL DEFAULT '1' COMMENT '1=active,0=not active',
  `description` longtext CHARACTER SET utf8 COLLATE utf8_unicode_ci,
  `ar_description` longtext CHARACTER SET utf8 COLLATE utf8_unicode_ci,
  `created_at` timestamp NULL DEFAULT CURRENT_TIMESTAMP,
  `updated_at` timestamp NULL DEFAULT CURRENT_TIMESTAMP
) ENGINE=InnoDB DEFAULT CHARSET=latin1;

--
-- Dumping data for table `how_to_img`
--

INSERT INTO `how_to_img` (`id`, `how_to_id`, `title`, `img`, `image_status`, `description`, `ar_description`, `created_at`, `updated_at`) VALUES
(1, 2, NULL, 'blog-list-06.jpg', 1, 'Lorem ipsum dolor sit amet. consectetur adipiscing elit. sed do eiusmod tempor incididunt ut labore et dolore magna aliqua.', 'أبجد هوز دولور الجلوس امات. النخبه. إذا لم تكن هناك أي أعمال مؤقتة ، فإن ذلك يعني أن دولتك ماجيك أليكوا.\r\n', '2020-05-12 07:36:33', '2020-05-12 07:36:33'),
(2, 2, NULL, 'entertaiment-03.jpg', 1, 'Lorem ipsum dolor sit amet. consectetur adipiscing elit. sed do eiusmod tempor incididunt ut labore et dolore magna aliqua.', 'أبجد هوز دولور الجلوس امات. النخبه. إذا لم تكن هناك أي أعمال مؤقتة ، فإن ذلك يعني أن دولتك ماجيك أليكوا.\r\n', '2020-05-12 07:36:33', '2020-05-12 07:36:33'),
(3, 2, NULL, 'entertaiment-13.jpg', 1, 'Lorem ipsum dolor sit amet. consectetur adipiscing elit. sed do eiusmod tempor incididunt ut labore et dolore magna aliqua.', 'أبجد هوز دولور الجلوس امات. النخبه. إذا لم تكن هناك أي أعمال مؤقتة ، فإن ذلك يعني أن دولتك ماجيك أليكوا.\r\n', '2020-05-12 07:36:33', '2020-05-12 07:36:33'),
(4, 2, NULL, 'latest-02.jpg', 1, 'Lorem ipsum dolor sit amet. consectetur adipiscing elit. sed do eiusmod tempor incididunt ut labore et dolore magna aliqua.', 'أبجد هوز دولور الجلوس امات. النخبه. إذا لم تكن هناك أي أعمال مؤقتة ، فإن ذلك يعني أن دولتك ماجيك أليكوا.\r\n', '2020-05-12 07:36:50', '2020-05-12 07:36:50'),
(5, 2, NULL, 'post-10.jpg', 1, 'Lorem ipsum dolor sit amet. consectetur adipiscing elit. sed do eiusmod tempor incididunt ut labore et dolore magna aliqua.', 'أبجد هوز دولور الجلوس امات. النخبه. إذا لم تكن هناك أي أعمال مؤقتة ، فإن ذلك يعني أن دولتك ماجيك أليكوا.\r\n', '2020-05-12 07:36:50', '2020-05-12 07:36:50'),
(6, 2, NULL, 'post-11.jpg', 1, 'Lorem ipsum dolor sit amet. consectetur adipiscing elit. sed do eiusmod tempor incididunt ut labore et dolore magna aliqua.', 'أبجد هوز دولور الجلوس امات. النخبه. إذا لم تكن هناك أي أعمال مؤقتة ، فإن ذلك يعني أن دولتك ماجيك أليكوا.\r\n', '2020-05-12 07:36:56', '2020-05-12 07:36:56'),
(7, 2, NULL, 'post-23.jpg', 1, 'Lorem ipsum dolor sit amet. consectetur adipiscing elit. sed do eiusmod tempor incididunt ut labore et dolore magna aliqua.', 'أبجد هوز دولور الجلوس امات. النخبه. إذا لم تكن هناك أي أعمال مؤقتة ، فإن ذلك يعني أن دولتك ماجيك أليكوا.\r\n', '2020-05-12 07:36:56', '2020-05-12 07:36:56'),
(8, 2, NULL, 'demo.jpg', 1, '<html>\r\n<head>\r\n	<title></title>\r\n</head>\r\n<body>\r\n<p>Lorem ipsum dolor sit amet. consectetur adipiscing elit. sed do eiusmod tempor incididunt ut labore et dolore magna aliqua.</p>\r\n</body>\r\n</html>\r\n', '<html>\r\n<head>\r\n	<title></title>\r\n</head>\r\n<body>\r\n<p>أبجد هوز دولور الجلوس امات. النخبه. إذا لم تكن هناك أي أعمال مؤقتة ، فإن ذلك يعني أن دولتك ماجيك أليكوا.</p>\r\n</body>\r\n</html>\r\n', '2020-07-04 19:49:53', '2020-07-04 19:49:53'),
(12, 2, NULL, 'guard.png', 1, '<p>desc1</p>\r\n', '<p style=\"text-align:right\">1</p>\r\n', '2020-07-08 23:24:05', '2020-07-08 23:24:05'),
(13, 2, NULL, 'player2.png', 1, '<p>some words dsfdsfffe</p>\r\n', '<p>oereeewq</p>\r\n', '2020-07-10 13:45:43', '2020-07-10 13:45:43'),
(23, 2, NULL, 'testsmalllogo.png', 1, '<html>\r\n<head>\r\n	<title></title>\r\n</head>\r\n<body>\r\n<p>small</p>\r\n</body>\r\n</html>\r\n', '<html>\r\n<head>\r\n	<title></title>\r\n</head>\r\n<body></body>\r\n</html>\r\n', '2020-07-11 11:48:00', '2020-07-11 11:48:00'),
(24, 2, NULL, 'testmedlogo.png', 1, '<html>\r\n<head>\r\n	<title></title>\r\n</head>\r\n<body>\r\n<p>med</p>\r\n</body>\r\n</html>\r\n', '<html>\r\n<head>\r\n	<title></title>\r\n</head>\r\n<body></body>\r\n</html>\r\n', '2020-07-11 11:48:26', '2020-07-11 11:48:26');

-- --------------------------------------------------------

--
-- Table structure for table `mid_point`
--

CREATE TABLE `mid_point` (
  `id` int(11) NOT NULL,
  `trip_id` int(11) DEFAULT NULL,
  `chaperone_id` int(11) DEFAULT NULL,
  `from_address` text,
  `from_latitude` text,
  `from_logitude` text,
  `to_address` text,
  `to_latitude` text,
  `to_logitude` text,
  `created_at` timestamp NOT NULL DEFAULT CURRENT_TIMESTAMP,
  `updated_at` timestamp NOT NULL DEFAULT CURRENT_TIMESTAMP
) ENGINE=InnoDB DEFAULT CHARSET=latin1;

-- --------------------------------------------------------

--
-- Table structure for table `notifcation`
--

CREATE TABLE `notifcation` (
  `id` int(11) NOT NULL,
  `client` varchar(255) DEFAULT NULL,
  `app_user` varchar(255) DEFAULT NULL,
  `based_app` varchar(255) DEFAULT NULL,
  `version` varchar(255) DEFAULT NULL,
  `platform` varchar(255) DEFAULT NULL,
  `msg` longtext,
  `created_at` timestamp NULL DEFAULT CURRENT_TIMESTAMP,
  `updated_at` timestamp NULL DEFAULT CURRENT_TIMESTAMP
) ENGINE=InnoDB DEFAULT CHARSET=latin1;

--
-- Dumping data for table `notifcation`
--

INSERT INTO `notifcation` (`id`, `client`, `app_user`, `based_app`, `version`, `platform`, `msg`, `created_at`, `updated_at`) VALUES
(4, 'aaa', 'parent', 'yes', '2.0', 'android', 'HI hru?', '2020-05-13 19:33:39', '2020-05-13 19:33:39'),
(5, 'zaraclientname', 'chaperone', 'yes', 'all', 'all', 'hhhh', '2020-05-14 04:27:15', '2020-05-14 04:27:15'),
(6, 'yash', 'all', 'yes', 'all', 'all', 'helllo there this is pramod', '2020-06-30 16:21:10', '2020-06-30 16:21:10');

-- --------------------------------------------------------

--
-- Table structure for table `parents`
--

CREATE TABLE `parents` (
  `id` int(11) NOT NULL,
  `notification_id` varchar(255) DEFAULT NULL,
  `client_user_id` varchar(255) DEFAULT NULL,
  `parents_name` varchar(255) DEFAULT NULL,
  `parents_unique_id` varchar(255) DEFAULT NULL,
  `phone_number` varchar(255) DEFAULT NULL,
  `bus_id` int(11) DEFAULT NULL,
  `secret_code` varchar(255) DEFAULT NULL,
  `note` longtext,
  `parents_status` int(11) DEFAULT '1' COMMENT '1=active,0=not active',
  `device_type` varchar(255) DEFAULT NULL,
  `device_id` text,
  `is_delete` int(11) DEFAULT '0' COMMENT '1=delete,0= not delete',
  `created_at` timestamp NULL DEFAULT NULL,
  `updated_at` timestamp NULL DEFAULT NULL
) ENGINE=InnoDB DEFAULT CHARSET=latin1;

--
-- Dumping data for table `parents`
--

INSERT INTO `parents` (`id`, `notification_id`, `client_user_id`, `parents_name`, `parents_unique_id`, `phone_number`, `bus_id`, `secret_code`, `note`, `parents_status`, `device_type`, `device_id`, `is_delete`, `created_at`, `updated_at`) VALUES
(40, NULL, '45', 're111', 'Parent00040', 're111', NULL, 're111', NULL, 1, NULL, NULL, 0, '2020-07-01 01:25:48', '2020-07-01 01:25:48'),
(41, NULL, '45', 're112', 'Parent00041', 're112', NULL, 're112', NULL, 1, NULL, NULL, 0, '2020-07-01 01:25:48', '2020-07-01 01:25:48'),
(42, NULL, '45', 're113', 'Parent00042', 're113', NULL, 're113', NULL, 1, NULL, NULL, 0, '2020-07-01 01:25:48', '2020-07-01 01:25:48'),
(43, NULL, '45', 're114', 'Parent00043', 're114', NULL, 're114', NULL, 1, NULL, NULL, 0, '2020-07-01 01:25:48', '2020-07-01 01:25:48'),
(44, NULL, '45', 're115', 'Parent00044', 're115', NULL, 're115', NULL, 1, NULL, NULL, 0, '2020-07-01 01:25:48', '2020-07-01 01:25:48'),
(45, NULL, '45', 're116', 'Parent00045', 're116', NULL, 're116', NULL, 1, NULL, NULL, 0, '2020-07-01 01:25:48', '2020-07-01 01:25:48'),
(46, NULL, '45', 're117', 'Parent00046', 're117', NULL, 're117', NULL, 1, NULL, NULL, 0, '2020-07-01 01:25:48', '2020-07-01 01:25:48'),
(47, NULL, '45', 're118', 'Parent00047', 're118', NULL, 're118', NULL, 1, NULL, NULL, 0, '2020-07-01 01:25:48', '2020-07-01 01:25:48'),
(48, NULL, '45', 're119', 'Parent00048', 're119', NULL, 're119', NULL, 1, NULL, NULL, 0, '2020-07-01 01:25:48', '2020-07-01 01:25:48'),
(49, NULL, '45', 're120', 'Parent00049', 're120', NULL, 're120', NULL, 1, NULL, NULL, 0, '2020-07-01 01:25:48', '2020-07-01 01:25:48'),
(50, NULL, '45', 're121', 'Parent00050', 're121', NULL, 're121', NULL, 1, NULL, NULL, 0, '2020-07-01 01:25:48', '2020-07-01 01:25:48'),
(51, NULL, '45', 're122', 'Parent00051', 're122', NULL, 're122', NULL, 1, NULL, NULL, 0, '2020-07-01 01:25:48', '2020-07-01 01:25:48'),
(52, NULL, '45', 're123', 'Parent00052', 're123', NULL, 're123', NULL, 1, NULL, NULL, 0, '2020-07-01 01:25:48', '2020-07-01 01:25:48'),
(53, NULL, '45', 're124', 'Parent00053', 're124', NULL, 're124', NULL, 1, NULL, NULL, 0, '2020-07-01 01:25:48', '2020-07-01 01:25:48'),
(54, NULL, '45', 're125', 'Parent00054', 're125', NULL, 're125', NULL, 1, NULL, NULL, 0, '2020-07-01 01:25:48', '2020-07-01 01:25:48'),
(58, NULL, '45', 're129', 'Parent00058', 're129', NULL, 're129', NULL, 1, NULL, NULL, 0, '2020-07-01 01:25:48', '2020-07-01 01:25:48'),
(59, NULL, '45', 'Ajay Shukla', 'Parent00059', '6547895236', NULL, 're130', '', 1, NULL, NULL, 0, '2020-07-03 12:05:29', '2020-07-03 12:05:29'),
(60, NULL, '45', 're131', 'Parent00060', 're131', NULL, 're131', NULL, 1, NULL, NULL, 0, '2020-07-01 01:25:48', '2020-07-01 01:25:48'),
(76, NULL, '45', 're131 re131', 'Parent00076', '2335235235', NULL, 'PZtzheYh', '', 1, NULL, NULL, 0, '2020-07-07 22:45:26', '2020-07-07 22:45:26'),
(77, NULL, '45', 're131 re131', 'Parent00077', '2335235235', NULL, 'mnc@UVnl', '', 1, NULL, NULL, 0, '2020-07-07 22:45:58', '2020-07-07 22:45:58'),
(78, NULL, '45', 're131 re131', 'Parent00078', '2335235235', NULL, '4I31RZOd', '', 1, NULL, NULL, 0, '2020-07-08 22:23:14', '2020-07-08 22:23:14'),
(93, NULL, '89', 'fdd', 'P', '345', NULL, 'fdg', '', 1, NULL, NULL, 0, '2020-07-10 03:13:08', '2020-07-10 03:13:08'),
(94, NULL, '45', 're131 re131', 'Parent00094', '2335235235', NULL, 'C&uV&aXh', '', 1, NULL, NULL, 0, '2020-07-10 11:21:07', '2020-07-10 11:21:07'),
(95, NULL, '45', 'similar similar', 'Parent00095', '1111111111', NULL, 'QZ4Ybbu2', '', 1, NULL, NULL, 0, '2020-07-10 11:21:38', '2020-07-10 11:21:38'),
(96, NULL, '45', 'similar similar', 'Parent00096', '1111111111', NULL, 'JMlAtPeg', '', 1, NULL, NULL, 0, '2020-07-10 11:21:55', '2020-07-10 11:21:55'),
(97, NULL, '5', 'Rashmi Kulkarni', 'Parent00097', '6244491795', NULL, '049iVbeF', 'test', 1, NULL, NULL, 0, '2020-07-10 14:01:48', '2020-07-10 14:01:48'),
(102, NULL, '5', 'fd majumdar', 'Parent00098', '33333333333', NULL, 'DER@$', 'VCFV', 1, NULL, NULL, 0, '2020-07-10 16:22:35', '2020-07-10 16:22:35'),
(103, NULL, '5', 'Rashmi kulkarni', 'Parent00103', '1234567890', NULL, '9lUyfG4O', 'test', 1, NULL, NULL, 0, '2020-07-10 18:57:06', '2020-07-10 18:57:06'),
(104, NULL, '45', 'similar similar', 'Parent00104', '232334332222222', NULL, 'aa3mGt8R', '', 1, NULL, NULL, 0, '2020-07-11 11:36:45', '2020-07-11 11:36:45'),
(105, NULL, '45', '333333333 333333333', 'Parent00105', '333333333', NULL, 'cEGTU&B%', '', 1, NULL, NULL, 0, '2020-07-11 11:37:28', '2020-07-11 11:37:28'),
(106, NULL, '45', '333333333 333333333', 'Parent00106', '232332323', NULL, 'Jcu1SQ47', '', 1, 'ios', 'dsfdjksfvkjsdfvkds', 0, '2020-07-11 11:37:49', '2020-08-12 14:12:53'),
(107, NULL, '3', 'Rinku sharma', 'Parent00107', '44444444', NULL, 'R@123', '', 1, 'android', 'aabb', 0, '2020-07-16 19:08:05', '2020-07-28 18:41:02'),
(108, '1, 2, 3,2', '3', 'Tina shamran', 'Parent00108', '111111', NULL, 'T@124', '', 1, '', '', 0, '2020-07-16 19:08:39', '2020-08-01 17:49:38'),
(109, '2,9', '3', 'Anajlo sharma', 'Parent00109', '12345678', NULL, 'A@123', '', 1, '', '', 0, '2020-08-11 14:47:16', '2020-09-07 18:50:23'),
(110, '9,11,2,26,4,3,28,5,27,1,6', '3', 'Ravi sharma', 'Parent00110', '1242444442', NULL, 'R@87', '', 1, 'android', '4b52485292e3e632', 0, '2020-08-12 13:21:28', '2020-09-07 19:35:21'),
(111, NULL, '82', 'qqqaaa 1111aaa', 'Parent00111', '233523544444', NULL, '12121', '', 1, 'android', '9344af3e9970906c', 0, '2020-08-17 23:47:15', '2020-08-17 23:49:12');

-- --------------------------------------------------------

--
-- Table structure for table `parents_notification`
--

CREATE TABLE `parents_notification` (
  `id` int(11) NOT NULL,
  `type` int(11) NOT NULL COMMENT '1=time,2=distance',
  `parents_id` varchar(255) DEFAULT NULL COMMENT '0=common',
  `value` varchar(255) DEFAULT NULL,
  `name` varchar(255) DEFAULT NULL,
  `status` int(11) DEFAULT '1',
  `created_at` timestamp NULL DEFAULT CURRENT_TIMESTAMP,
  `updated_at` timestamp NULL DEFAULT CURRENT_TIMESTAMP
) ENGINE=MyISAM DEFAULT CHARSET=latin1;

--
-- Dumping data for table `parents_notification`
--

INSERT INTO `parents_notification` (`id`, `type`, `parents_id`, `value`, `name`, `status`, `created_at`, `updated_at`) VALUES
(1, 1, '0', NULL, 'Trip Start', 1, '2020-07-31 18:16:16', '2020-07-31 18:16:16'),
(2, 1, '0', '30 minutes', '30 minutes untill arrival', 1, '2020-07-31 18:16:16', '2020-07-31 18:16:16'),
(3, 1, '0', '15 minutes', '15 minute untill arrival', 1, '2020-07-31 18:16:16', '2020-07-31 18:16:16'),
(4, 1, '0', '10 minutes', '10 minutes untill arrival', 1, '2020-07-31 18:16:16', '2020-07-31 18:16:16'),
(5, 1, '0', '5 minutes', '5 minutes untill arrival', 1, '2020-07-31 18:16:16', '2020-07-31 18:16:16'),
(6, 1, '0', '1 minutes', '1 minutes untill arrival', 1, '2020-07-31 18:16:16', '2020-07-31 18:16:16'),
(7, 2, '0', '5 km', '5 km untill arrival', 1, '2020-07-31 18:16:16', '2020-07-31 18:16:16'),
(8, 2, '0', '2 km', '2 km untill arrival', 1, '2020-07-31 18:16:16', '2020-07-31 18:16:16'),
(9, 2, '0', '1 km', '1 km untill arrival', 1, '2020-07-31 18:16:16', '2020-07-31 18:16:16'),
(10, 2, '0', '500 meter', '500 meter untill arrival', 1, '2020-07-31 18:16:16', '2020-07-31 18:16:16'),
(11, 2, '0', '300 meter', '300 meter untill arrival', 1, '2020-07-31 18:16:16', '2020-07-31 18:16:16'),
(16, 2, '108', '100', '100 untill arrival', 1, '2020-08-14 11:54:06', '2020-08-14 11:54:06'),
(15, 2, '108', '100', '100 untill arrival', 1, '2020-08-14 10:13:36', '2020-08-14 10:13:36'),
(17, 1, '108', '30', '30 untill arrival', 1, '2020-08-14 11:54:45', '2020-08-14 11:54:45'),
(18, 1, '108', '30 km', '30 km untill arrival', 1, '2020-08-14 11:55:10', '2020-08-14 11:55:10'),
(19, 2, '108', '30 km', '30 km untill arrival', 1, '2020-08-14 11:55:58', '2020-08-14 11:55:58'),
(20, 1, '108', '5', '5 untill arrival', 1, '2020-08-14 12:39:34', '2020-08-14 12:39:34'),
(21, 2, '108', '100 minitues', '100 minitues untill arrival', 1, '2020-08-14 12:47:24', '2020-08-14 12:47:24'),
(22, 2, '109', '15 minutes', '15 minutes untill arrival', 1, '2020-08-14 12:52:44', '2020-08-14 12:52:44'),
(23, 1, '109', '10 km', '10 km untill arrival', 1, '2020-08-14 12:53:00', '2020-08-14 12:53:00'),
(24, 2, '108', '100 minitues', '100 minitues untill arrival', 1, '2020-08-14 12:56:14', '2020-08-14 12:56:14'),
(25, 2, '108', '100 minitues', '100 minitues untill arrival', 1, '2020-08-14 12:56:28', '2020-08-14 12:56:28'),
(26, 2, '110', '23', '23 untill arrival', 1, '2020-08-14 13:00:53', '2020-08-14 13:00:53'),
(27, 2, '110', '20 Meter', '20 Meter untill arrival', 1, '2020-08-14 13:01:33', '2020-08-14 13:01:33'),
(28, 2, '110', '10 KM', '10 KM untill arrival', 1, '2020-08-14 13:11:22', '2020-08-14 13:11:22'),
(29, 1, '110', '12 minute', '12 minute untill arrival', 1, '2020-08-14 13:13:37', '2020-08-14 13:13:37'),
(30, 1, '109', '190 metres', '190 metres untill arrival', 1, '2020-08-17 06:19:22', '2020-08-17 06:19:22'),
(31, 1, '110', '35 minutes', '35 minutes untill arrival', 1, '2020-08-17 06:23:19', '2020-08-17 06:23:19'),
(32, 2, '110', '500 meter', '500 meter untill arrival', 1, '2020-08-17 07:21:44', '2020-08-17 07:21:44'),
(33, 1, '111', '22', '22 untill arrival', 1, '2020-08-17 18:19:49', '2020-08-17 18:19:49'),
(34, 1, '110', '30 minutes', '30 minutes untill arrival', 1, '2020-08-20 09:39:10', '2020-08-20 09:39:10'),
(35, 2, '110', '4 km', '4 km untill arrival', 1, '2020-08-20 09:39:41', '2020-08-20 09:39:41'),
(36, 1, '110', '30 minutes', '30 minutes untill arrival', 1, '2020-08-28 08:13:04', '2020-08-28 08:13:04');

-- --------------------------------------------------------

--
-- Table structure for table `save_lat_long`
--

CREATE TABLE `save_lat_long` (
  `id` int(11) NOT NULL,
  `chaperone_id` int(11) NOT NULL,
  `trip_id` varchar(255) DEFAULT NULL,
  `latitude` text NOT NULL,
  `longitude` text NOT NULL,
  `travel_time` text,
  `created_date` timestamp NOT NULL DEFAULT CURRENT_TIMESTAMP ON UPDATE CURRENT_TIMESTAMP
) ENGINE=InnoDB DEFAULT CHARSET=latin1;

--
-- Dumping data for table `save_lat_long`
--

INSERT INTO `save_lat_long` (`id`, `chaperone_id`, `trip_id`, `latitude`, `longitude`, `travel_time`, `created_date`) VALUES
(1, 26, '1', '22', '72', '65464', '2020-09-02 11:09:55'),
(2, 56, NULL, '22', '72', '65464', '2020-09-01 08:02:55'),
(3, 58, NULL, '24.0027437', '76.7352035', '6122', '2020-09-01 09:31:19'),
(4, 58, NULL, '24.0027437', '76.7352035', '6122', '2020-09-01 09:31:28'),
(5, 58, NULL, '24.0027437', '76.7352035', '6122', '2020-09-01 09:31:38'),
(6, 58, NULL, '24.0027437', '76.7352035', '6122', '2020-09-01 09:31:49'),
(7, 58, NULL, '24.0027437', '76.7352035', '6122', '2020-09-01 09:31:59'),
(8, 58, NULL, '24.0027437', '76.7352035', '6122', '2020-09-01 09:32:09'),
(9, 58, NULL, '24.0027437', '76.7352035', '6122', '2020-09-01 09:32:19'),
(10, 58, NULL, '24.0027437', '76.7352035', '6122', '2020-09-01 09:32:29'),
(11, 58, NULL, '24.0027437', '76.7352035', '6122', '2020-09-01 09:32:39'),
(12, 58, NULL, '24.0027437', '76.7352035', '6122', '2020-09-01 09:32:49'),
(13, 58, NULL, '24.0027437', '76.7352035', '6122', '2020-09-01 09:32:59'),
(14, 58, NULL, '24.0027437', '76.7352035', '6122', '2020-09-01 09:33:09'),
(15, 58, NULL, '24.0027437', '76.7352035', '6122', '2020-09-01 09:33:19'),
(16, 58, NULL, '24.0027437', '76.7352035', '6122', '2020-09-01 09:33:29'),
(17, 58, NULL, '24.0027437', '76.7352035', '6122', '2020-09-01 09:33:40'),
(18, 58, NULL, '24.0027437', '76.7352035', '6122', '2020-09-01 09:33:49'),
(19, 58, NULL, '24.0027437', '76.7352035', '6122', '2020-09-01 09:35:49'),
(20, 58, NULL, '24.0027437', '76.7352035', '6122', '2020-09-01 09:37:49'),
(21, 58, NULL, '24.0027437', '76.7352035', '6122', '2020-09-01 09:39:49'),
(22, 58, NULL, '24.0034498', '76.7334717', '6122', '2020-09-01 09:41:09'),
(23, 58, NULL, '24.0034498', '76.7334717', '6122', '2020-09-01 09:43:07'),
(24, 58, NULL, '24.0034498', '76.7334717', '6122', '2020-09-01 09:45:07'),
(25, 58, NULL, '24.0034498', '76.7334717', '6122', '2020-09-01 09:46:50'),
(26, 58, NULL, '24.0034498', '76.7334717', '6122', '2020-09-01 09:46:58'),
(27, 58, NULL, '24.0034498', '76.7334717', '6122', '2020-09-01 09:48:56'),
(28, 58, NULL, '24.0034498', '76.7334717', '6122', '2020-09-01 09:49:06'),
(29, 58, NULL, '24.0034498', '76.7334717', '6122', '2020-09-01 09:49:16'),
(30, 58, NULL, '24.0034498', '76.7334717', '6122', '2020-09-01 09:49:26'),
(31, 58, NULL, '24.0034498', '76.7334717', '6122', '2020-09-01 09:49:36'),
(32, 58, NULL, '24.0034498', '76.7334717', '6122', '2020-09-01 09:49:46'),
(33, 58, NULL, '24.0034498', '76.7334717', '6122', '2020-09-01 09:49:56'),
(34, 58, NULL, '24.0034498', '76.7334717', '6122', '2020-09-01 09:50:06'),
(35, 58, NULL, '24.0034498', '76.7334717', '6122', '2020-09-01 09:50:22'),
(36, 58, NULL, '24.0034498', '76.7334717', '6122', '2020-09-01 09:50:26'),
(37, 58, NULL, '24.0034498', '76.7334717', '6122', '2020-09-01 09:50:36'),
(38, 58, NULL, '24.0034498', '76.7334717', '6122', '2020-09-01 09:50:46'),
(39, 58, NULL, '24.0034498', '76.7334717', '6122', '2020-09-01 09:50:56'),
(40, 58, NULL, '24.0034498', '76.7334717', '6122', '2020-09-01 09:51:07'),
(41, 58, NULL, '24.0034498', '76.7334717', '6122', '2020-09-01 09:51:19'),
(42, 58, NULL, '24.0034498', '76.7334717', '6122', '2020-09-01 09:51:30'),
(43, 58, NULL, '24.0034498', '76.7334717', '6122', '2020-09-01 09:51:40'),
(44, 58, NULL, '24.0034498', '76.7334717', '6122', '2020-09-01 09:51:50'),
(45, 58, NULL, '24.0034498', '76.7334717', '6122', '2020-09-01 09:51:59'),
(46, 58, NULL, '24.0034498', '76.7334717', '6122', '2020-09-01 09:52:13'),
(47, 58, NULL, '24.0034498', '76.7334717', '6122', '2020-09-01 09:52:19'),
(48, 58, NULL, '24.0034498', '76.7334717', '6122', '2020-09-01 09:52:51'),
(49, 58, NULL, '24.0034498', '76.7334717', '6122', '2020-09-01 09:56:21'),
(50, 58, NULL, '24.0034498', '76.7334717', '6122', '2020-09-01 10:06:22'),
(51, 58, NULL, '23.9996227', '76.7522284', '6122', '2020-09-01 10:09:47'),
(52, 58, NULL, '23.9996227', '76.7522284', '6122', '2020-09-01 10:10:06'),
(53, 58, NULL, '24.0034498', '76.7334717', '6122', '2020-09-01 10:10:19'),
(54, 58, NULL, '24.0034498', '76.7334717', '6122', '2020-09-01 10:11:10'),
(55, 56, '3', '22', '72', '65464', '2020-09-01 11:16:44'),
(56, 56, '3', '22', '72', NULL, '2020-09-02 11:49:01'),
(57, 58, '', '23.9996227', '76.7522284', '6122', '2020-09-02 13:03:41'),
(58, 58, '20', '23.9996227', '76.7522284', '6122', '2020-09-02 13:03:51'),
(59, 58, '20', '23.9996227', '76.7522284', '6122', '2020-09-02 13:04:02'),
(60, 58, '20', '23.9996227', '76.7522284', '6122', '2020-09-02 13:04:11'),
(61, 58, '20', '23.9996227', '76.7522284', '6122', '2020-09-02 13:04:21'),
(62, 58, '20', '23.9996227', '76.7522284', '6122', '2020-09-02 13:04:32'),
(63, 58, '20', '23.9996227', '76.7522284', '6122', '2020-09-02 13:04:42'),
(64, 58, '20', '23.9996227', '76.7522284', '6122', '2020-09-02 13:04:52'),
(65, 58, '20', '23.9996227', '76.7522284', '6122', '2020-09-02 13:05:02'),
(66, 58, '20', '23.9996227', '76.7522284', '6122', '2020-09-02 13:05:13'),
(67, 58, '20', '23.9996227', '76.7522284', '6122', '2020-09-02 13:05:22'),
(68, 58, '20', '23.9996227', '76.7522284', '6122', '2020-09-02 13:05:32'),
(69, 58, '20', '23.9996227', '76.7522284', '6122', '2020-09-02 13:05:42'),
(70, 58, '20', '23.9996227', '76.7522284', '6122', '2020-09-02 13:05:52'),
(71, 58, '20', '23.9996227', '76.7522284', '6122', '2020-09-02 13:06:02'),
(72, 58, '20', '23.9996227', '76.7522284', '6122', '2020-09-02 13:06:12'),
(73, 58, '20', '23.9996227', '76.7522284', '6122', '2020-09-02 13:06:22'),
(74, 58, '20', '23.9996227', '76.7522284', '6122', '2020-09-02 13:06:33'),
(75, 58, '20', '23.9996227', '76.7522284', '6122', '2020-09-02 13:06:42'),
(76, 58, '20', '23.9996227', '76.7522284', '6122', '2020-09-02 13:06:52'),
(77, 58, '20', '23.9996227', '76.7522284', '6122', '2020-09-02 13:07:03'),
(78, 58, '20', '23.9996227', '76.7522284', '6122', '2020-09-02 13:07:12'),
(79, 58, '20', '23.9996227', '76.7522284', '6122', '2020-09-02 13:07:23'),
(80, 58, '20', '23.9996227', '76.7522284', '6122', '2020-09-02 13:07:33'),
(81, 58, '20', '23.9996227', '76.7522284', '6122', '2020-09-02 13:07:43'),
(82, 58, '20', '23.9996227', '76.7522284', '6122', '2020-09-02 13:07:53'),
(83, 58, '20', '23.9996227', '76.7522284', '6122', '2020-09-02 13:08:03'),
(84, 58, '20', '23.9996227', '76.7522284', '6122', '2020-09-02 13:08:13'),
(85, 58, '20', '23.9996227', '76.7522284', '6122', '2020-09-02 13:08:23'),
(86, 58, '20', '23.9996227', '76.7522284', '6122', '2020-09-02 13:09:02'),
(87, 58, '20', '23.9996227', '76.7522284', '6122', '2020-09-02 13:09:12'),
(88, 58, '20', '23.9996227', '76.7522284', '6122', '2020-09-02 13:09:22'),
(89, 58, '20', '23.9996227', '76.7522284', '6122', '2020-09-02 13:09:36'),
(90, 58, '20', '23.9996227', '76.7522284', '6122', '2020-09-02 13:09:46'),
(91, 58, '20', '23.9996227', '76.7522284', '6122', '2020-09-02 13:09:56'),
(92, 58, '20', '23.9996227', '76.7522284', '6122', '2020-09-02 13:10:07'),
(93, 58, '20', '23.9996227', '76.7522284', '6122', '2020-09-02 13:10:17'),
(94, 58, '20', '23.9996227', '76.7522284', '6122', '2020-09-02 13:10:27'),
(95, 58, '20', '23.9996227', '76.7522284', '6122', '2020-09-02 13:10:37'),
(96, 58, '20', '24.0026746', '76.7353622', '6122', '2020-09-02 13:10:47'),
(97, 58, '20', '24.0027697', '76.7352179', '6122', '2020-09-02 13:10:58'),
(98, 58, '20', '24.0027775', '76.7351596', '6122', '2020-09-02 13:11:08'),
(99, 58, '20', '24.0027211', '76.7351846', '6122', '2020-09-02 13:11:18'),
(100, 58, '20', '24.0027614', '76.7351596', '6122', '2020-09-02 13:11:28'),
(101, 58, '20', '24.0027555', '76.7351621', '6122', '2020-09-02 13:11:38'),
(102, 58, '20', '24.0027391', '76.7351651', '6122', '2020-09-02 13:11:49'),
(103, 58, '20', '24.0027445', '76.7351619', '6122', '2020-09-02 13:11:59'),
(104, 58, '20', '24.0027443', '76.7351619', '6122', '2020-09-02 13:12:09'),
(105, 58, '20', '24.0027443', '76.7351621', '6122', '2020-09-02 13:12:19'),
(106, 58, '20', '24.0027446', '76.7351621', '6122', '2020-09-02 13:12:29'),
(107, 58, '20', '24.0027446', '76.7351623', '6122', '2020-09-02 13:12:39'),
(108, 58, '20', '24.0027448', '76.7351622', '6122', '2020-09-02 13:12:49'),
(109, 58, '20', '24.0027448', '76.7351623', '6122', '2020-09-02 13:13:04'),
(110, 58, '20', '24.0027448', '76.7351623', '6122', '2020-09-02 13:13:19'),
(111, 58, '20', '24.0027431', '76.7351699', '6122', '2020-09-02 13:13:30'),
(112, 58, '20', '24.0027517', '76.735172', '6122', '2020-09-02 13:13:40'),
(113, 58, '20', '24.0027517', '76.7351717', '6122', '2020-09-02 13:13:50'),
(114, 58, '', '23.1921922', '77.4355945', '6122', '2020-09-02 14:07:12'),
(115, 58, '20', '23.1921922', '77.4355945', '6122', '2020-09-02 14:07:28'),
(116, 58, '20', '23.1921922', '77.4355945', '6122', '2020-09-02 14:07:38'),
(117, 58, '20', '23.1921922', '77.4355945', '6122', '2020-09-02 14:07:49'),
(118, 58, '20', '23.1921922', '77.4355945', '6122', '2020-09-02 14:07:59'),
(119, 58, '20', '23.1921922', '77.4355945', '6122', '2020-09-02 14:08:11'),
(120, 58, '20', '23.1921922', '77.4355945', '6122', '2020-09-02 14:08:22'),
(121, 58, '20', '23.1922211', '77.4359532', '6122', '2020-09-02 14:09:47'),
(122, 58, '20', '23.1921922', '77.4355945', '6122', '2020-09-02 14:10:07'),
(123, 58, '20', '23.1922211', '77.4359532', '6122', '2020-09-02 14:14:52'),
(124, 58, '20', '23.1911359', '77.4359532', '6122', '2020-09-02 14:15:06'),
(125, 58, '20', '23.1911298', '77.4359532', '6122', '2020-09-02 14:15:14'),
(126, 58, '20', '23.1914772', '77.4359532', '6122', '2020-09-02 14:15:24'),
(127, 58, '20', '23.1918388', '77.4359532', '6122', '2020-09-02 14:15:38'),
(128, 58, '20', '23.1921922', '77.4355945', '6122', '2020-09-02 14:17:54'),
(129, 58, '20', '23.1921922', '77.4355945', '6122', '2020-09-02 14:18:41'),
(130, 58, '20', '23.1922211', '77.4359532', '6122', '2020-09-02 14:19:04'),
(131, 58, '20', '23.1922112', '77.43583', '6122', '2020-09-02 14:19:15'),
(132, 58, '20', '23.1922169', '77.4359007', '6122', '2020-09-02 14:19:25'),
(133, 58, '20', '23.1922107', '77.4358243', '6122', '2020-09-02 14:19:35'),
(134, 58, '20', '23.1922108', '77.4358251', '6122', '2020-09-02 14:19:46'),
(135, 58, '20', '23.192211', '77.435828', '6122', '2020-09-02 14:19:56'),
(136, 58, '20', '23.1922114', '77.4358326', '6122', '2020-09-02 14:20:06'),
(137, 58, '20', '23.1921922', '77.4355945', '6122', '2020-09-02 14:25:40'),
(138, 58, '', '23.1921922', '77.4355945', '6122', '2020-09-02 14:32:30'),
(139, 58, '', '23.1921922', '77.4355945', '6122', '2020-09-02 14:32:40'),
(140, 58, '19', '23.1921922', '77.4355945', '6122', '2020-09-02 14:32:50'),
(141, 58, '19', '23.1921922', '77.4355945', '6122', '2020-09-02 14:33:07'),
(142, 58, '19', '23.1921922', '77.4355945', '6122', '2020-09-02 14:33:22'),
(143, 58, '19', '23.1921922', '77.4355945', '6122', '2020-09-02 14:35:33'),
(144, 58, '19', '23.192211', '77.4358281', '6122', '2020-09-02 14:35:43'),
(145, 58, '19', '23.1922032', '77.4357309', '6122', '2020-09-02 14:35:53'),
(146, 58, '19', '23.1921996', '77.4356862', '6122', '2020-09-02 14:36:04'),
(147, 58, '19', '23.1921972', '77.4356562', '6122', '2020-09-02 14:36:14'),
(148, 58, '19', '23.1921952', '77.4356319', '6122', '2020-09-02 14:36:24'),
(149, 58, '19', '23.1921922', '77.4355945', '6122', '2020-09-02 14:36:56'),
(150, 58, '19', '23.1921922', '77.4355945', '6122', '2020-09-02 14:37:36'),
(151, 57, '19', '22', '72', NULL, '2020-09-02 14:41:58'),
(152, 58, '19', '23.1922211', '77.4359532', '6122', '2020-09-02 14:42:26'),
(153, 58, '19', '23.1921927', '77.4356012', '6122', '2020-09-02 14:42:37'),
(154, 58, '19', '23.1921922', '77.4355945', '6122', '2020-09-02 14:43:59'),
(155, 57, '19', '23.1921922', '77.4355945', '6122', '2020-09-02 14:46:19'),
(156, 58, '19', '23.1921922', '77.4355945', '6122', '2020-09-02 14:44:20'),
(157, 58, '19', '23.1921922', '77.4355945', '6122', '2020-09-02 14:44:30'),
(158, 58, '19', '23.1921922', '77.4355945', '6122', '2020-09-02 14:44:40'),
(159, 58, '19', '23.1921922', '77.4355945', '6122', '2020-09-02 14:44:51'),
(160, 58, '19', '23.1921922', '77.4355945', '6122', '2020-09-02 14:45:01'),
(161, 58, '19', '23.1921922', '77.4355945', '6122', '2020-09-02 14:45:11'),
(162, 58, '19', '23.1921922', '77.4355945', '6122', '2020-09-02 14:45:21'),
(163, 58, '19', '23.1921922', '77.4355945', '6122', '2020-09-02 14:45:32'),
(164, 58, '19', '23.1921922', '77.4355945', '6122', '2020-09-02 14:45:43'),
(165, 58, '', '23.1921922', '77.4355945', '6122', '2020-09-02 14:46:33'),
(166, 58, '', '23.1921922', '77.4355945', '6122', '2020-09-02 14:46:44'),
(167, 58, '', '23.1921922', '77.4355945', '6122', '2020-09-02 14:46:54'),
(168, 58, '19', '23.1921922', '77.4355945', '6122', '2020-09-02 14:47:05'),
(169, 58, '19', '23.1921922', '77.4355945', '6122', '2020-09-02 14:47:15'),
(170, 58, '19', '23.1921922', '77.4355945', '6122', '2020-09-02 14:47:25'),
(171, 58, '19', '23.1921922', '77.4355945', '6122', '2020-09-02 14:47:36'),
(172, 58, '19', '23.1921922', '77.4355945', '6122', '2020-09-02 14:47:46'),
(173, 58, '19', '23.1921922', '77.4355945', '6122', '2020-09-02 14:47:56'),
(174, 58, '19', '23.1921922', '77.4355945', '6122', '2020-09-02 14:48:06'),
(175, 58, '19', '23.1921922', '77.4355945', '6122', '2020-09-02 14:48:20'),
(176, 58, '19', '23.1921922', '77.4355945', '6122', '2020-09-02 14:48:31'),
(177, 57, '', '24.0034498', '76.7334717', '6122', '2020-09-02 14:52:36'),
(178, 57, '19', '24.0034498', '76.7334717', '6122', '2020-09-02 14:52:46'),
(179, 57, '19', '24.0034498', '76.7334717', '6122', '2020-09-02 14:52:56'),
(180, 57, '19', '24.0034498', '76.7334717', '6122', '2020-09-02 14:53:06'),
(181, 57, '19', '24.0034498', '76.7334717', '6122', '2020-09-02 14:53:16'),
(182, 57, '19', '24.0034498', '76.7334717', '6122', '2020-09-02 14:53:26'),
(183, 57, '19', '24.0034498', '76.7334717', '6122', '2020-09-02 14:53:36'),
(184, 57, '19', '24.0034498', '76.7334717', '6122', '2020-09-02 14:53:46'),
(185, 57, '19', '24.0034498', '76.7334717', '6122', '2020-09-02 14:53:57'),
(186, 57, '19', '24.0034498', '76.7334717', '6122', '2020-09-02 14:54:07'),
(187, 57, '19', '24.0034498', '76.7334717', '6122', '2020-09-02 14:54:16'),
(188, 57, '19', '24.0034498', '76.7334717', '6122', '2020-09-02 14:54:27'),
(189, 57, '19', '24.0034498', '76.7334717', '6122', '2020-09-02 14:54:36'),
(190, 57, '19', '24.0034498', '76.7334717', '6122', '2020-09-02 14:54:47'),
(191, 57, '19', '23.9996227', '76.7522284', '6122', '2020-09-02 14:54:57'),
(192, 57, '19', '23.9996227', '76.7522284', '6122', '2020-09-02 14:55:07'),
(193, 57, '19', '23.9996227', '76.7522284', '6122', '2020-09-02 14:57:07'),
(194, 58, '', '23.1921922', '77.4355945', '6122', '2020-09-02 14:57:41'),
(195, 58, '', '23.1921922', '77.4355945', '6122', '2020-09-02 14:57:52'),
(196, 58, '19', '23.1921922', '77.4355945', '6122', '2020-09-02 14:58:02'),
(197, 58, '19', '23.1921922', '77.4355945', '6122', '2020-09-02 14:58:12'),
(198, 58, '19', '23.1921922', '77.4355945', '6122', '2020-09-02 14:58:27'),
(199, 58, '19', '23.1922211', '77.4359532', '6122', '2020-09-02 14:59:02'),
(200, 57, '19', '23.9996227', '76.7522284', '6122', '2020-09-02 14:59:07'),
(201, 58, '19', '23.1921925', '77.4355979', '6122', '2020-09-02 14:59:12'),
(202, 57, '19', '23.1921922', '77.4355945', '6122', '2020-09-02 14:59:49'),
(203, 57, '', '23.1921922', '77.4355945', '6122', '2020-09-02 15:00:00'),
(204, 57, '', '23.1921922', '77.4355945', '6122', '2020-09-02 15:00:10'),
(205, 57, '', '23.1921922', '77.4355945', '6122', '2020-09-02 15:00:20'),
(206, 57, '', '23.1921922', '77.4355945', '6122', '2020-09-02 15:00:31'),
(207, 57, '', '23.1921922', '77.4355945', '6122', '2020-09-02 15:00:41'),
(208, 57, '', '23.1921922', '77.4355945', '6122', '2020-09-02 15:00:51'),
(209, 57, '19', '23.9996227', '76.7522284', '6122', '2020-09-02 15:01:07'),
(210, 57, '', '23.9996227', '76.7522284', '6122', '2020-09-02 15:01:35'),
(211, 57, '19', '23.9996227', '76.7522284', '6122', '2020-09-02 15:01:45'),
(212, 57, '', '23.1921922', '77.4355945', '6122', '2020-09-02 15:02:15'),
(213, 57, '', '23.1921922', '77.4355945', '6122', '2020-09-02 15:02:25'),
(214, 57, '', '23.1921922', '77.4355945', '6122', '2020-09-02 15:02:35'),
(215, 57, '', '23.1921922', '77.4355945', '6122', '2020-09-02 15:02:46'),
(216, 57, '', '23.1921922', '77.4355945', '6122', '2020-09-02 15:02:55'),
(217, 57, '', '23.1921922', '77.4355945', '6122', '2020-09-02 15:03:07'),
(218, 57, '', '23.1921922', '77.4355945', '6122', '2020-09-02 15:03:17'),
(219, 57, '', '23.1921922', '77.4355945', '6122', '2020-09-02 15:03:26'),
(220, 57, '', '23.1921922', '77.4355945', '6122', '2020-09-02 15:03:37'),
(221, 57, '', '23.1921922', '77.4355945', '6122', '2020-09-02 15:03:47'),
(222, 57, '', '23.1921922', '77.4355945', '6122', '2020-09-02 15:03:57'),
(223, 57, '19', '23.1921922', '77.4355945', '6122', '2020-09-02 15:06:36'),
(224, 57, '19', '23.1921922', '77.4355945', '6122', '2020-09-02 15:06:46'),
(225, 57, '19', '23.1921922', '77.4355945', '6122', '2020-09-02 15:07:06'),
(226, 57, '19', '23.1921922', '77.4355945', '6122', '2020-09-02 15:07:17'),
(227, 57, '19', '23.1921922', '77.4355945', '6122', '2020-09-02 15:07:27'),
(228, 57, '19', '23.1921922', '77.4355945', '6122', '2020-09-02 15:07:37'),
(229, 57, '19', '23.1944738', '77.4366704', '6122', '2020-09-02 15:35:01'),
(230, 57, '', '23.1921466', '77.4357229', '6122', '2020-09-03 10:57:36'),
(231, 57, '', '23.1912533', '77.436011', '6122', '2020-09-03 11:30:40'),
(232, 57, '21', '32.0242185', '35.8841893', '6122', '2020-09-04 12:06:06'),
(233, 57, '21', '32.0242191', '35.8841903', '6122', '2020-09-04 12:06:15'),
(234, 57, '21', '32.0242126', '35.8841845', '6122', '2020-09-04 12:06:34'),
(235, 57, '21', '32.0239911', '35.8839248', '6122', '2020-09-04 12:06:36'),
(236, 57, '21', '32.0240061', '35.8839148', '6122', '2020-09-04 12:06:47'),
(237, 57, '21', '32.0240717', '35.8839233', '6122', '2020-09-04 12:07:00'),
(238, 57, '21', '32.0240695', '35.8839503', '6122', '2020-09-04 12:07:08'),
(239, 57, '', '32.0240622', '35.8839555', '6122', '2020-09-04 12:07:18'),
(240, 57, '', '32.0240617', '35.883955', '6122', '2020-09-04 12:07:29'),
(241, 57, '19', '32.0240617', '35.883955', '6122', '2020-09-04 12:07:39'),
(242, 57, '19', '32.0240617', '35.883955', '6122', '2020-09-04 12:07:49'),
(243, 57, '19', '32.0240617', '35.883955', '6122', '2020-09-04 12:08:00'),
(244, 57, '19', '32.0240617', '35.883955', '6122', '2020-09-04 12:08:12'),
(245, 57, '19', '32.0240617', '35.883955', '6122', '2020-09-04 12:08:22'),
(246, 57, '19', '32.0240767', '35.88392', '6122', '2020-09-04 12:08:32'),
(247, 57, '19', '32.0240767', '35.88392', '6122', '2020-09-04 12:08:42'),
(248, 57, '19', '32.0240767', '35.88392', '6122', '2020-09-04 12:08:53'),
(249, 57, '19', '32.0240886', '35.883902', '6122', '2020-09-04 12:09:04'),
(250, 57, '19', '32.02408', '35.8838967', '6122', '2020-09-04 12:09:14'),
(251, 57, '19', '32.0240745', '35.8838882', '6122', '2020-09-04 12:09:25'),
(252, 57, '19', '32.0240312', '35.8839052', '6122', '2020-09-04 12:09:35'),
(253, 57, '19', '32.0240283', '35.8839083', '6122', '2020-09-04 12:09:45'),
(254, 57, '21', '32.0241996', '35.8839844', '6122', '2020-09-04 12:27:36'),
(255, 57, '21', '32.0242001', '35.8839839', '6122', '2020-09-04 12:27:50'),
(256, 57, '21', '32.0241492', '35.8840357', '6122', '2020-09-04 12:28:04'),
(257, 57, '21', '32.0241072', '35.8841732', '6122', '2020-09-04 12:28:15'),
(258, 57, '21', '32.0240365', '35.8840056', '6122', '2020-09-04 12:28:25'),
(259, 57, '21', '32.0240324', '35.8840175', '6122', '2020-09-04 12:28:35'),
(260, 57, '21', '32.0240852', '35.8840088', '6122', '2020-09-04 12:28:45'),
(261, 57, '21', '32.0241457', '35.883977', '6122', '2020-09-04 12:28:56'),
(262, 57, '21', '32.024196', '35.8839544', '6122', '2020-09-04 12:29:06'),
(263, 57, '21', '32.0242857', '35.8839251', '6122', '2020-09-04 12:29:16'),
(264, 57, '21', '32.0243344', '35.8839208', '6122', '2020-09-04 12:29:26'),
(265, 57, '21', '32.0243182', '35.8839214', '6122', '2020-09-04 12:29:37'),
(266, 57, '21', '32.0241601', '35.8840197', '6122', '2020-09-04 12:29:47'),
(267, 57, '21', '32.0241608', '35.8840096', '6122', '2020-09-04 12:30:05'),
(268, 57, '21', '32.0245266', '35.8837829', '6122', '2020-09-04 12:30:21'),
(269, 57, '21', '32.024163', '35.8840075', '6122', '2020-09-04 12:30:31'),
(270, 57, '21', '32.0241585', '35.8840101', '6122', '2020-09-04 12:30:43'),
(271, 57, '21', '32.024191', '35.8839207', '6122', '2020-09-04 12:30:53'),
(272, 57, '21', '32.0242572', '35.8839134', '6122', '2020-09-04 12:31:03'),
(273, 57, '19', '22', '72', NULL, '2020-09-04 12:54:45'),
(274, 57, '21', '22.70511361130707', '75.90939020940418', NULL, '2020-09-04 13:08:31'),
(275, 57, '21', '22.70512326355977', '75.90925462642021', NULL, '2020-09-04 13:09:07'),
(276, 57, '21', '22.70509486088781', '75.90930629528678', NULL, '2020-09-04 13:09:08'),
(277, 57, '21', '22.70509486088781', '75.90930629528678', NULL, '2020-09-04 13:09:22'),
(278, 57, '21', '22.72602946033954', '76.00279083482546', NULL, '2020-09-04 13:27:45'),
(279, 57, '21', '22.70675070585934', '75.87618411525696', NULL, '2020-09-04 13:30:56'),
(280, 57, '21', '22.70511608548308', '75.9091993375983', NULL, '2020-09-04 13:30:57'),
(281, 57, '21', '22.70510664726703', '75.90940325370514', NULL, '2020-09-04 13:31:03'),
(282, 57, '21', '22.70509787090038', '75.90938863087086', NULL, '2020-09-04 13:31:09'),
(283, 57, '21', '22.70510721299583', '75.90924157487082', NULL, '2020-09-04 13:31:39'),
(284, 57, '21', '22.70510338601002', '75.90940253318799', NULL, '2020-09-04 13:31:45'),
(285, 57, '21', '22.70509651221641', '75.90947211264587', NULL, '2020-09-04 13:31:59'),
(286, 57, '21', '22.70513975250385', '75.90929052125625', NULL, '2020-09-04 13:32:00'),
(287, 57, '21', '22.70528286697595', '75.90919464833654', NULL, '2020-09-04 13:32:01'),
(288, 57, '21', '22.70523421002804', '75.90925700969613', NULL, '2020-09-04 13:32:28'),
(289, 57, '21', '22.70309355577705', '75.9668419417701', NULL, '2020-09-04 13:34:05'),
(290, 57, '21', '22.70310734401314', '75.96673101771682', NULL, '2020-09-04 13:34:11'),
(291, 57, '21', '22.70312170326368', '75.96658879381715', NULL, '2020-09-04 13:34:13'),
(292, 57, '21', '22.70314444703725', '75.96636173523085', NULL, '2020-09-04 13:34:14'),
(293, 57, '21', '22.70315581892491', '75.96624820592862', NULL, '2020-09-04 13:34:15'),
(294, 57, '21', '22.70317683343927', '75.96607992663415', NULL, '2020-09-04 13:34:18'),
(295, 57, '21', '22.70319755597786', '75.96589758639817', NULL, '2020-09-04 13:34:19'),
(296, 57, '21', '22.70321137478289', '75.96577133800929', NULL, '2020-09-04 13:34:21'),
(297, 57, '21', '22.70324231929481', '75.96546815608735', NULL, '2020-09-04 13:34:22'),
(298, 57, '21', '22.70326154245333', '75.96527855318627', NULL, '2020-09-04 13:34:22'),
(299, 57, '21', '22.70328127518151', '75.96508107341297', NULL, '2020-09-04 13:34:23'),
(300, 57, '21', '22.70331456896673', '75.96474931660021', NULL, '2020-09-04 13:34:25'),
(301, 57, '21', '22.70333456862127', '75.96454907238376', NULL, '2020-09-04 13:34:26'),
(302, 57, '21', '22.70335473150675', '75.96434493085049', NULL, '2020-09-04 13:34:27'),
(303, 57, '21', '22.70336845907752', '75.96420535106519', NULL, '2020-09-04 13:34:27'),
(304, 57, '21', '22.70340354892329', '75.96385212710177', NULL, '2020-09-04 13:34:29'),
(305, 57, '21', '22.70342442565319', '75.96364043684987', NULL, '2020-09-04 13:34:30'),
(306, 57, '21', '22.70348697850396', '75.96301390787013', NULL, '2020-09-04 13:34:31'),
(307, 57, '21', '22.70352104191321', '75.96267151625572', NULL, '2020-09-04 13:34:32'),
(308, 57, '21', '22.7035479642642', '75.96239797740421', NULL, '2020-09-04 13:34:33'),
(309, 57, '21', '22.70358895999291', '75.96198661681731', NULL, '2020-09-04 13:34:34'),
(310, 57, '21', '22.7036127058451', '75.96174728317882', NULL, '2020-09-04 13:34:34'),
(311, 57, '21', '22.70598640201865', '75.90976872488473', NULL, '2020-09-04 13:34:37'),
(312, 57, '21', '22.70511921031652', '75.90925659060098', NULL, '2020-09-04 13:34:38'),
(313, 57, '21', '22.7050997754151', '75.90934193991562', NULL, '2020-09-04 13:37:01'),
(314, 57, '21', '22.7050997754151', '75.90934193991562', NULL, '2020-09-04 13:37:01'),
(315, 57, '21', '22.70507120491439', '75.90947794518272', NULL, '2020-09-04 13:37:01'),
(316, 57, '21', '22.70510542483643', '75.90936253168675', NULL, '2020-09-04 13:37:03'),
(317, 57, '21', '22.70512384894816', '75.90920968789762', NULL, '2020-09-04 13:37:24'),
(318, 57, '21', '22.70511131088892', '75.90939633990241', NULL, '2020-09-04 13:37:31'),
(319, 57, '21', '37.33233141', '-122.0312186', NULL, '2020-09-04 16:34:55'),
(320, 57, '21', '37.33233141', '-122.0312186', NULL, '2020-09-04 16:34:55'),
(321, 57, '21', '37.33233141', '-122.0312186', NULL, '2020-09-04 16:34:56'),
(322, 57, '21', '22.70520213833639', '75.9091165789762', NULL, '2020-09-05 06:07:54'),
(323, 57, '21', '22.70513533910286', '75.90915678911234', NULL, '2020-09-05 06:07:55'),
(324, 57, '21', '22.70512155408282', '75.90930842604433', NULL, '2020-09-05 06:10:17'),
(325, 57, '21', '22.70512155408282', '75.90930842604433', NULL, '2020-09-05 06:10:17'),
(326, 57, '21', '22.70512152980771', '75.9093086930566', NULL, '2020-09-05 06:11:05'),
(327, 57, '21', '22.70513120698718', '75.90922451355438', NULL, '2020-09-05 06:12:31'),
(328, 57, '21', '22.70513120698718', '75.90922451355438', NULL, '2020-09-05 06:12:31'),
(329, 57, '21', '22.70513203435511', '75.90921095690321', NULL, '2020-09-05 06:13:13'),
(330, 57, '21', '22.70515089391051', '75.90927997611082', NULL, '2020-09-05 06:13:24'),
(331, 57, '21', '22.70512910692976', '75.90924174365657', NULL, '2020-09-05 06:16:47'),
(332, 57, '21', '22.70512456336005', '75.90923103512146', NULL, '2020-09-05 06:16:56'),
(333, 57, '21', '22.70513137321515', '75.90938426113496', NULL, '2020-09-05 06:17:08'),
(334, 57, '21', '22.70514402074991', '75.90932096361733', NULL, '2020-09-05 06:18:08'),
(335, 57, '21', '22.70514262195244', '75.90929450903192', NULL, '2020-09-05 06:18:56'),
(336, 57, '21', '22.70512746888085', '75.90960074319131', NULL, '2020-09-05 06:20:37'),
(337, 57, '21', '22.70512746888085', '75.90960074319131', NULL, '2020-09-05 06:20:37'),
(338, 57, '21', '22.70511682071945', '75.90930332244973', NULL, '2020-09-05 06:21:10'),
(339, 57, '21', '22.70511682071945', '75.90930332244973', NULL, '2020-09-05 06:21:10'),
(340, 57, '21', '22.70511947186319', '75.90916853365464', NULL, '2020-09-05 06:23:15'),
(341, 57, '21', '22.70511947186319', '75.90916853365464', NULL, '2020-09-05 06:23:16'),
(342, 57, '21', '22.70511476190692', '75.90915670942255', NULL, '2020-09-05 06:36:24'),
(343, 57, '21', '22.70511476190692', '75.90915670942255', NULL, '2020-09-05 06:36:25'),
(344, 57, '21', '22.70511568635983', '75.90915671304241', NULL, '2020-09-05 06:36:25'),
(345, 57, '21', '22.7051154384601', '75.909153577011', NULL, '2020-09-05 06:37:18'),
(346, 57, '21', '22.70508853255092', '75.90918115347243', NULL, '2020-09-05 06:38:07'),
(347, 57, '21', '22.70508857446043', '75.90924569412685', NULL, '2020-09-05 06:44:00'),
(348, 57, '21', '22.70509176223567', '75.90924202096721', NULL, '2020-09-05 06:45:47'),
(349, 57, '21', '22.70507721698164', '75.90925323783971', NULL, '2020-09-05 06:45:54'),
(350, 57, '21', '22.70512097051619', '75.90930889367677', NULL, '2020-09-05 06:46:50'),
(351, 57, '21', '22.70511993620626', '75.9092526958827', NULL, '2020-09-05 06:49:06'),
(352, 57, '21', '22.70511993620626', '75.9092526958827', NULL, '2020-09-05 06:49:06'),
(353, 57, '21', '22.70509685749517', '75.90924369734647', NULL, '2020-09-05 06:49:30'),
(354, 57, '21', '22.70511755565431', '75.90936856463259', NULL, '2020-09-05 06:49:30'),
(355, 57, '21', '22.70510940348981', '75.90927771299697', NULL, '2020-09-05 06:50:12'),
(356, 57, '21', '22.70519913176327', '75.90919649235524', NULL, '2020-09-05 06:50:32'),
(357, 57, '21', '22.70511026325519', '75.90923755722319', NULL, '2020-09-05 06:51:11'),
(358, 57, '21', '22.70511026325519', '75.90923755722319', NULL, '2020-09-05 06:51:11'),
(359, 57, '21', '22.70511156429794', '75.90923725938067', NULL, '2020-09-05 06:51:12'),
(360, 57, '21', '22.70511636046945', '75.9094471950791', NULL, '2020-09-05 06:51:42'),
(361, 57, '21', '22.70511413926511', '75.90933512903369', NULL, '2020-09-05 06:53:20'),
(362, 57, '21', '22.70515358789536', '75.90953582345175', NULL, '2020-09-05 06:56:02'),
(363, 57, '21', '22.70518050953053', '75.90967278693735', NULL, '2020-09-05 06:56:03'),
(364, 57, '21', '22.705212050855', '75.9098332530351', NULL, '2020-09-05 06:56:05'),
(365, 57, '21', '22.70523144980731', '75.90993194496477', NULL, '2020-09-05 06:56:08'),
(366, 57, '21', '22.70511745011686', '75.90921644128478', NULL, '2020-09-05 06:56:14'),
(367, 57, '21', '22.70579594910089', '75.90921773804011', NULL, '2020-09-05 07:00:46'),
(368, 57, '21', '22.70635663471439', '75.90915300507463', NULL, '2020-09-05 07:00:47'),
(369, 57, '21', '22.70681586175633', '75.90910021287313', NULL, '2020-09-05 07:00:48'),
(370, 57, '21', '22.70718324339423', '75.90905797911141', NULL, '2020-09-05 07:00:49'),
(371, 57, '21', '22.70747714870742', '75.90902419210171', NULL, '2020-09-05 07:00:50'),
(372, 57, '21', '22.70772133379754', '75.90899640812242', NULL, '2020-09-05 07:00:51'),
(373, 57, '21', '22.70791668187074', '75.90897418093887', NULL, '2020-09-05 07:00:52'),
(374, 57, '21', '22.70807296032984', '75.90895639919195', NULL, '2020-09-05 07:00:53'),
(375, 57, '21', '22.70819798309728', '75.90894217379441', NULL, '2020-09-05 07:00:54'),
(376, 57, '21', '22.70829800131114', '75.90893079347639', NULL, '2020-09-05 07:00:55'),
(377, 57, '21', '22.7084420275383', '75.90891440581852', NULL, '2020-09-05 07:00:57'),
(378, 57, '21', '22.70853420432225', '75.90890391771767', NULL, '2020-09-05 07:00:59'),
(379, 57, '21', '22.70863095307077', '75.90889290940743', NULL, '2020-09-05 07:01:03'),
(380, 57, '21', '22.70877978072494', '75.90887792243441', NULL, '2020-09-05 07:01:05'),
(381, 57, '21', '22.70888810347314', '75.90886715480845', NULL, '2020-09-05 07:01:06'),
(382, 57, '21', '22.70904408822469', '75.90885164942765', NULL, '2020-09-05 07:01:08'),
(383, 57, '21', '22.7091439184597', '75.90884172598453', NULL, '2020-09-05 07:01:10'),
(384, 57, '21', '22.70924870026369', '75.90883131033971', NULL, '2020-09-05 07:01:14'),
(385, 57, '21', '22.70934113201085', '75.90882224150944', NULL, '2020-09-05 07:01:59'),
(386, 57, '21', '22.77515851894651', '75.90365060612174', NULL, '2020-09-05 07:02:55'),
(387, 57, '21', '22.77506081214879', '75.90365634772543', NULL, '2020-09-05 07:02:59'),
(388, 57, '21', '22.80019132422543', '75.90420230298851', NULL, '2020-09-05 07:05:00'),
(389, 57, '21', '22.80009449223862', '75.90420783504747', NULL, '2020-09-05 07:05:01'),
(390, 57, '21', '22.80000371225973', '75.90421302135226', NULL, '2020-09-05 07:05:05'),
(391, 57, '21', '22.80003408710481', '75.9042029811681', NULL, '2020-09-05 07:10:00'),
(392, 57, '21', '22.70521023778497', '75.90995254002131', NULL, '2020-09-05 07:10:17'),
(393, 57, '21', '22.70520170106965', '75.90987761320844', NULL, '2020-09-05 07:10:56'),
(394, 57, '21', '22.70505207968751', '75.91004870507247', NULL, '2020-09-05 07:10:59'),
(395, 57, '21', '22.70460249678459', '75.91056371716078', NULL, '2020-09-05 07:11:00'),
(396, 57, '21', '22.7042426682997', '75.91097592356635', NULL, '2020-09-05 07:11:01'),
(397, 57, '21', '22.70394573782772', '75.91131277646583', NULL, '2020-09-05 07:11:02'),
(398, 57, '21', '22.70370752959784', '75.91158302843945', NULL, '2020-09-05 07:11:05'),
(399, 57, '21', '22.70351689858835', '75.91179930331531', NULL, '2020-09-05 07:11:05'),
(400, 57, '21', '22.70336412371539', '75.91197262967445', NULL, '2020-09-05 07:11:05'),
(401, 57, '21', '22.70324201506594', '75.91211116454826', NULL, '2020-09-05 07:11:06'),
(402, 57, '21', '22.70314436736271', '75.91222194795577', NULL, '2020-09-05 07:11:07'),
(403, 57, '21', '22.70306651969024', '75.91231026780497', NULL, '2020-09-05 07:11:08'),
(404, 57, '21', '22.70295497597523', '75.91243681653502', NULL, '2020-09-05 07:11:10'),
(405, 57, '21', '22.70288407874974', '75.91251725095348', NULL, '2020-09-05 07:11:12'),
(406, 57, '21', '22.70281037483432', '75.91260086962171', NULL, '2020-09-05 07:11:16'),
(407, 57, '21', '22.70278580018771', '75.91244403695906', NULL, '2020-09-05 07:11:21'),
(408, 57, '21', '22.70279197209611', '75.91229973984841', NULL, '2020-09-05 07:11:22'),
(409, 57, '21', '22.70280130274483', '75.91212837922133', NULL, '2020-09-05 07:11:23'),
(410, 57, '21', '22.70280874156201', '75.91199176274246', NULL, '2020-09-05 07:11:24'),
(411, 57, '21', '22.70281968555969', '75.9118188098723', NULL, '2020-09-05 07:11:25'),
(412, 57, '21', '22.70282841061189', '75.91168092398601', NULL, '2020-09-05 07:11:26'),
(413, 57, '21', '22.70283622485197', '75.91155999952588', NULL, '2020-09-05 07:11:27'),
(414, 57, '21', '22.70284274401116', '75.91145993332687', NULL, '2020-09-05 07:11:28'),
(415, 57, '21', '22.70285237874803', '75.91131252932993', NULL, '2020-09-05 07:11:30'),
(416, 57, '21', '22.70224677749784', '75.91097008176017', NULL, '2020-09-05 07:11:36'),
(417, 57, '21', '22.70179243085687', '75.9107573695354', NULL, '2020-09-05 07:11:37'),
(418, 57, '21', '22.70136575333251', '75.91055761120711', NULL, '2020-09-05 07:11:38'),
(419, 57, '21', '22.70096505991195', '75.91037001790004', NULL, '2020-09-05 07:11:39'),
(420, 57, '21', '22.70058876819744', '75.91019384878041', NULL, '2020-09-05 07:11:40'),
(421, 57, '21', '22.70023539215716', '75.9100284081302', NULL, '2020-09-05 07:11:41'),
(422, 57, '21', '22.69990353625665', '75.90987304259973', NULL, '2020-09-05 07:11:42'),
(423, 57, '21', '22.69959188994766', '75.90972713862742', NULL, '2020-09-05 07:11:43'),
(424, 57, '21', '22.69929922249259', '75.9095901200168', NULL, '2020-09-05 07:11:44'),
(425, 57, '21', '22.70510883316808', '75.90932258041572', NULL, '2020-09-05 07:12:20'),
(426, 57, '21', '22.70510883316808', '75.90932258041572', NULL, '2020-09-05 07:12:20'),
(427, 57, '21', '22.70509429849324', '75.90967622593557', NULL, '2020-09-05 07:12:29'),
(428, 57, '21', '22.70508065915079', '75.90958498380361', NULL, '2020-09-05 07:12:44'),
(429, 57, '21', '22.70508812197138', '75.9098265082184', NULL, '2020-09-05 07:12:44'),
(430, 57, '21', '22.70509429849324', '75.90967622593557', NULL, '2020-09-05 07:12:44'),
(431, 57, '21', '22.70508065915079', '75.90958498380361', NULL, '2020-09-05 07:12:52'),
(432, 57, '21', '22.70504795516696', '75.90944041149348', NULL, '2020-09-05 07:13:15'),
(433, 57, '21', '22.70509100792404', '75.9093268663398', NULL, '2020-09-05 07:14:02'),
(434, 57, '21', '22.70510525444774', '75.90936337604738', NULL, '2020-09-05 07:15:21'),
(435, 57, '21', '22.70569446033119', '75.90957568965472', NULL, '2020-09-05 07:15:37'),
(436, 57, '21', '22.70516241902737', '75.90943386785305', NULL, '2020-09-05 07:16:05'),
(437, 57, '21', '22.70455054009585', '75.9094384778998', NULL, '2020-09-05 07:16:43'),
(438, 57, '21', '22.70501879511653', '75.90939346707977', NULL, '2020-09-05 07:16:54'),
(439, 57, '21', '22.70501879511653', '75.90939346707977', NULL, '2020-09-05 07:18:30'),
(440, 57, '21', '22.70508333577095', '75.90930755257226', NULL, '2020-09-05 07:20:33'),
(441, 57, '21', '22.70605123603968', '75.90828026651955', NULL, '2020-09-05 07:26:57'),
(442, 57, '21', '22.70517113620667', '75.90919422924138', NULL, '2020-09-05 07:27:06'),
(443, 57, '21', '22.70516971128313', '75.90918995447076', NULL, '2020-09-05 07:27:58'),
(444, 57, '21', '22.7050958785251', '75.90932936823931', NULL, '2020-09-05 08:00:54'),
(445, 57, '21', '22.7050958785251', '75.90932936823931', NULL, '2020-09-05 08:00:54'),
(446, 57, '21', '22.70509142430751', '75.90938634246207', NULL, '2020-09-05 08:01:26'),
(447, 57, '21', '22.70519376081001', '75.90953214153291', NULL, '2020-09-05 08:03:53'),
(448, 57, '21', '22.70552011862181', '75.90999790491149', NULL, '2020-09-05 08:03:54'),
(449, 57, '21', '22.70578120733228', '75.91037051912663', NULL, '2020-09-05 08:03:54'),
(450, 57, '21', '22.7059900786665', '75.91066861102085', NULL, '2020-09-05 08:03:55'),
(451, 57, '21', '22.70615717512512', '75.91090708366745', NULL, '2020-09-05 08:03:56'),
(452, 57, '21', '22.70629085124185', '75.91109786028596', NULL, '2020-09-05 08:03:58'),
(453, 57, '21', '22.70639779091685', '75.91125047984198', NULL, '2020-09-05 08:03:59'),
(454, 57, '21', '22.70511137323706', '75.90941526002801', NULL, '2020-09-05 08:04:00'),
(455, 57, '21', '22.70511552227913', '75.90930880985773', NULL, '2020-09-05 08:04:30'),
(456, 57, '21', '22.70509728535919', '75.90934390412028', NULL, '2020-09-05 08:05:20'),
(457, 57, '21', '22.70558310674755', '75.90957527055956', NULL, '2020-09-05 08:05:48'),
(458, 57, '21', '22.70516085084229', '75.90932616313425', NULL, '2020-09-05 08:06:03'),
(459, 57, '21', '22.70509736440148', '75.90933655064447', NULL, '2020-09-05 08:06:20'),
(460, 57, '21', '22.70508614370851', '75.90940184898294', NULL, '2020-09-05 08:07:38'),
(461, 57, '21', '22.70508614370851', '75.90940184898294', NULL, '2020-09-05 08:07:43'),
(462, 57, '21', '22.70506677634879', '75.909373714007', NULL, '2020-09-05 08:08:48'),
(463, 57, '21', '22.74418579416604', '76.02424247197433', NULL, '2020-09-05 08:10:48'),
(464, 57, '21', '22.74417100534338', '76.02413439779315', NULL, '2020-09-05 08:11:01'),
(465, 57, '21', '22.74413897206268', '76.02393097159592', NULL, '2020-09-05 08:11:03'),
(466, 57, '21', '22.7441232314347', '76.02383122758312', NULL, '2020-09-05 08:11:05'),
(467, 57, '21', '22.74409626807292', '76.02367948384217', NULL, '2020-09-05 08:11:09'),
(468, 57, '21', '22.7440752769182', '76.02356268467139', NULL, '2020-09-05 08:11:12'),
(469, 57, '21', '22.74405563344007', '76.02344895523979', NULL, '2020-09-05 08:11:14'),
(470, 57, '21', '22.7440325021781', '76.02331296024859', NULL, '2020-09-05 08:11:16'),
(471, 57, '21', '22.74401332764203', '76.02320007213198', NULL, '2020-09-05 08:11:19'),
(472, 57, '21', '22.71494091490536', '75.92141772627447', NULL, '2020-09-05 08:14:57'),
(473, 57, '21', '22.70606275067582', '75.91052251378734', NULL, '2020-09-05 08:14:59'),
(474, 57, '21', '22.70693653765978', '75.91159481822281', NULL, '2020-09-05 08:15:08'),
(475, 57, '21', '22.70771914860428', '75.91256072093061', NULL, '2020-09-05 08:15:09'),
(476, 57, '21', '22.70842471796457', '75.91343153853987', NULL, '2020-09-05 08:15:11'),
(477, 57, '21', '22.70674048446482', '75.91136035048656', NULL, '2020-09-05 08:15:11'),
(478, 57, '21', '22.70749454727017', '75.91232337605022', NULL, '2020-09-05 08:15:21'),
(479, 57, '21', '22.70817565774657', '75.91319324578731', NULL, '2020-09-05 08:15:22'),
(480, 57, '21', '22.70651631237186', '75.91114724211677', NULL, '2020-09-05 08:15:22'),
(481, 57, '21', '22.70717271604378', '75.91199140471952', NULL, '2020-09-05 08:15:31'),
(482, 57, '21', '22.70777355799706', '75.91276412487662', NULL, '2020-09-05 08:15:33'),
(483, 57, '21', '22.70638943189113', '75.91092922427789', NULL, '2020-09-05 08:15:33'),
(484, 57, '21', '22.70700264428029', '75.91172208269154', NULL, '2020-09-05 08:15:42'),
(485, 57, '21', '22.70756802618267', '75.91245311214053', NULL, '2020-09-05 08:15:43'),
(486, 57, '21', '22.70808968323597', '75.91312760619741', NULL, '2020-09-05 08:15:45'),
(487, 57, '21', '22.70857099687002', '75.91374993697004', NULL, '2020-09-05 08:15:46'),
(488, 57, '21', '22.7090150870168', '75.91432413845904', NULL, '2020-09-05 08:15:46'),
(489, 57, '21', '22.7094248323352', '75.91485393270682', NULL, '2020-09-05 08:15:47'),
(490, 57, '21', '22.70727561411935', '75.9120543996154', NULL, '2020-09-05 08:15:48'),
(491, 57, '21', '22.70616521493298', '75.91067051569539', NULL, '2020-09-05 08:15:54'),
(492, 57, '21', '22.70562954014963', '75.91000316158397', NULL, '2020-09-05 08:16:00'),
(493, 57, '21', '22.70535668184255', '75.90969318237765', NULL, '2020-09-05 08:16:06'),
(494, 57, '21', '22.70522282289324', '75.90954131762982', NULL, '2020-09-05 08:16:12'),
(495, 57, '21', '22.70515892352711', '75.90943991609518', NULL, '2020-09-05 08:16:18'),
(496, 57, '21', '22.70509235218626', '75.90933588473263', NULL, '2020-09-05 08:17:11'),
(497, 57, '21', '22.70440254586072', '75.90842008099403', NULL, '2020-09-05 08:19:54'),
(498, 57, '21', '22.70377089929315', '75.90751783534024', NULL, '2020-09-05 08:19:56'),
(499, 57, '21', '22.70424369387215', '75.90816781285973', NULL, '2020-09-05 08:19:56'),
(500, 57, '21', '22.7045475874473', '75.90858512236808', NULL, '2020-09-05 08:20:02'),
(501, 57, '21', '22.70474283222527', '75.90885323432877', NULL, '2020-09-05 08:20:08'),
(502, 57, '21', '22.70486519499251', '75.90904337484417', NULL, '2020-09-05 08:20:14'),
(503, 57, '21', '22.70494683036322', '75.90914818689038', NULL, '2020-09-05 08:20:20'),
(504, 57, '21', '22.70431350394386', '75.90826433606733', NULL, '2020-09-05 08:20:39'),
(505, 57, '21', '22.70368833992621', '75.90737342966617', NULL, '2020-09-05 08:20:40'),
(506, 57, '21', '22.70310870087595', '75.90654739981532', NULL, '2020-09-05 08:20:41'),
(507, 57, '21', '22.70257127162715', '75.90578152215056', NULL, '2020-09-05 08:20:42'),
(508, 57, '21', '22.702072978427', '75.90507141633971', NULL, '2020-09-05 08:20:42'),
(509, 57, '21', '22.7016109713559', '75.90441302102998', NULL, '2020-09-05 08:20:43'),
(510, 57, '21', '22.70283746361014', '75.90617291216526', NULL, '2020-09-05 08:20:44'),
(511, 57, '21', '22.70231978562807', '75.90543430433642', NULL, '2020-09-05 08:20:53'),
(512, 57, '21', '22.70395910213712', '75.90771343811426', NULL, '2020-09-05 08:20:59'),
(513, 57, '21', '22.70332002049135', '75.90682492599905', NULL, '2020-09-05 08:20:59'),
(514, 57, '21', '22.70436738258487', '75.90828124262822', NULL, '2020-09-05 08:21:10'),
(515, 57, '21', '22.70462701090415', '75.90865810801024', NULL, '2020-09-05 08:21:21'),
(516, 57, '21', '22.70479379797416', '75.90890043756905', NULL, '2020-09-05 08:21:27'),
(517, 57, '21', '22.70490098586603', '75.90905603286114', NULL, '2020-09-05 08:21:38'),
(518, 57, '21', '22.70496300883019', '75.90918047835271', NULL, '2020-09-05 08:21:44'),
(519, 57, '21', '22.70503241823301', '75.90927764456917', NULL, '2020-09-05 08:21:56'),
(520, 57, '21', '22.70509523807345', '75.909328004416', NULL, '2020-09-05 08:22:37'),
(521, 57, '21', '22.70508501326677', '75.90934808046055', NULL, '2020-09-05 08:24:50'),
(522, 57, '21', '22.70509092139332', '75.9093192872367', NULL, '2020-09-05 08:24:52'),
(523, 57, '21', '22.70508949646978', '75.90942339047409', NULL, '2020-09-05 08:25:02'),
(524, 57, '21', '22.70508949646978', '75.90942339047409', NULL, '2020-09-05 08:25:02'),
(525, 57, '21', '22.70508176779531', '75.90936902870446', NULL, '2020-09-05 08:25:45'),
(526, 57, '21', '22.7050868980798', '75.90939480818427', NULL, '2020-09-05 08:25:48'),
(527, 57, '21', '22.70545913839965', '75.90958742431916', NULL, '2020-09-05 08:26:02'),
(528, 57, '21', '22.70536169877528', '75.90959857225037', NULL, '2020-09-05 08:27:04'),
(529, 57, '21', '22.70516250284641', '75.90923580348111', NULL, '2020-09-05 08:27:23'),
(530, 57, '21', '22.70512993915258', '75.9092809819392', NULL, '2020-09-05 08:28:22'),
(531, 57, '21', '22.70502914676695', '75.90950083925939', NULL, '2020-09-05 08:29:46'),
(532, 57, '21', '22.70505031107245', '75.90944627306975', NULL, '2020-09-05 08:29:46'),
(533, 57, '21', '22.70508782008915', '75.90929104022301', NULL, '2020-09-05 08:31:52'),
(534, 57, '21', '22.70508246594664', '75.90925673080358', NULL, '2020-09-05 08:32:46'),
(535, 57, '21', '22.70508929798079', '75.90936588523059', NULL, '2020-09-05 08:32:53'),
(536, 57, '21', '22.70506943382611', '75.90948386650004', NULL, '2020-09-05 08:33:04'),
(537, 57, '21', '22.70508069547145', '75.90933311737693', NULL, '2020-09-05 08:33:12'),
(538, 57, '21', '22.70506040350439', '75.90948849342178', NULL, '2020-09-05 08:33:48'),
(539, 57, '21', '22.70506007598965', '75.90945105075456', NULL, '2020-09-05 08:33:49'),
(540, 57, '21', '22.70504900303006', '75.90944240527709', NULL, '2020-09-05 08:35:39'),
(541, 57, '21', '22.70510771627037', '75.90928398077746', NULL, '2020-09-05 08:35:56'),
(542, 57, '21', '22.70508580975834', '75.90939172883816', NULL, '2020-09-05 08:36:08'),
(543, 57, '21', '22.70508212039499', '75.90937821201599', NULL, '2020-09-05 08:36:36'),
(544, 57, '21', '22.70509121475993', '75.90926187119997', NULL, '2020-09-05 08:36:54'),
(545, 57, '21', '22.70508047915478', '75.90927949619949', NULL, '2020-09-05 08:39:20'),
(546, 57, '21', '22.70506312790663', '75.90948550378759', NULL, '2020-09-05 08:39:44'),
(547, 57, '21', '22.70507862576324', '75.90937769148067', NULL, '2020-09-05 08:39:57'),
(548, 57, '21', '22.70507256502538', '75.9093761165402', NULL, '2020-09-05 08:40:01'),
(549, 57, '21', '22.70507883991429', '75.90935519466304', NULL, '2020-09-05 08:41:10'),
(550, 57, '21', '22.70507883991429', '75.90935519466304', NULL, '2020-09-05 08:41:10'),
(551, 57, '21', '22.70502613784414', '75.9095322000216', NULL, '2020-09-05 08:45:44'),
(552, 57, '21', '22.70502613784414', '75.9095322000216', NULL, '2020-09-05 08:45:44'),
(553, 57, '21', '22.70502003223318', '75.90955823657401', NULL, '2020-09-05 08:45:55'),
(554, 57, '21', '22.7050717942375', '75.90943079131347', NULL, '2020-09-05 08:45:55'),
(555, 57, '21', '22.70510418291946', '75.90925550919185', NULL, '2020-09-05 08:46:08'),
(556, 57, '21', '22.7050797734621', '75.90938860557593', NULL, '2020-09-05 08:46:08'),
(557, 57, '21', '22.70509402269749', '75.90934183455623', NULL, '2020-09-05 08:46:46'),
(558, 57, '21', '22.70511718893694', '75.90932131889856', NULL, '2020-09-05 08:51:41'),
(559, 57, '21', '22.70511718893694', '75.90932131889856', NULL, '2020-09-05 08:51:41'),
(560, 57, '21', '22.70511388503371', '75.90932404043849', NULL, '2020-09-05 08:51:43'),
(561, 57, '21', '22.70502193833022', '75.90937846347309', NULL, '2020-09-05 08:52:13'),
(562, 57, '21', '22.70508185486027', '75.90934427723802', NULL, '2020-09-05 08:56:07'),
(563, 57, '21', '22.70508185486027', '75.90934427723802', NULL, '2020-09-05 08:56:07'),
(564, 57, '21', '22.70508200819562', '75.90934418975034', NULL, '2020-09-05 08:56:10'),
(565, 57, '21', '22.70517830273388', '75.90924418538428', NULL, '2020-09-05 08:56:37'),
(566, 57, '21', '22.70517830273388', '75.90924418538428', NULL, '2020-09-05 08:56:38'),
(567, 57, '21', '22.70515227692454', '75.9092849214337', NULL, '2020-09-05 08:57:38'),
(568, 57, '21', '22.70513137008881', '75.90937762289713', NULL, '2020-09-05 09:01:29'),
(569, 57, '21', '22.70513137008881', '75.90937762289713', NULL, '2020-09-05 09:01:29'),
(570, 57, '21', '22.70512783585052', '75.90926084890924', NULL, '2020-09-05 09:01:37'),
(571, 57, '21', '22.70509519616394', '75.90935306630648', NULL, '2020-09-05 09:01:37'),
(572, 57, '21', '22.70509519616394', '75.90935306630648', NULL, '2020-09-05 09:01:43'),
(573, 57, '21', '22.70508549229086', '75.90933657298764', NULL, '2020-09-05 09:02:42'),
(574, 57, '21', '22.70508549229086', '75.90933657298764', NULL, '2020-09-05 09:02:42'),
(575, 57, '21', '22.70508481995112', '75.90933570171825', NULL, '2020-09-05 09:02:43'),
(576, 57, '21', '22.70512265510654', '75.90933606001718', NULL, '2020-09-05 09:13:34'),
(577, 57, '21', '22.70512265510654', '75.90933606001718', NULL, '2020-09-05 09:13:34'),
(578, 57, '21', '22.70509584033397', '75.90946518672601', NULL, '2020-09-05 09:13:56'),
(579, 57, '21', '22.70511514509349', '75.90936723172284', NULL, '2020-09-05 09:14:03'),
(580, 57, '21', '22.70509841008636', '75.90950382197209', NULL, '2020-09-05 09:14:54'),
(581, 57, '21', '22.70509841008636', '75.90950382197209', NULL, '2020-09-05 09:14:54'),
(582, 57, '21', '22.70508521713259', '75.90939509231896', NULL, '2020-09-05 09:15:06'),
(583, 57, '21', '22.70510906821369', '75.90959002270914', NULL, '2020-09-05 09:15:30'),
(584, 57, '21', '22.70510148259132', '75.90935340158261', NULL, '2020-09-05 09:15:32'),
(585, 57, '21', '22.70510148259132', '75.90935340158261', NULL, '2020-09-05 09:15:45'),
(586, 57, '21', '22.70511440808821', '75.909239773073', NULL, '2020-09-05 09:16:38'),
(587, 57, '21', '22.70509029275058', '75.90938466608144', NULL, '2020-09-05 09:16:39'),
(588, 57, '21', '22.70532590804874', '75.90980233631647', NULL, '2020-09-05 09:17:25'),
(589, 57, '21', '22.70515663551419', '75.90933328501499', NULL, '2020-09-05 09:17:45'),
(590, 57, '21', '22.70503576238111', '75.90953901084147', NULL, '2020-09-05 09:18:30'),
(591, 57, '21', '22.70504532384007', '75.90958273045338', NULL, '2020-09-05 09:18:36'),
(592, 57, '21', '22.70507679841731', '75.90937293915614', NULL, '2020-09-05 09:19:28'),
(593, 57, '21', '22.70507679841731', '75.90937293915614', NULL, '2020-09-05 09:19:28'),
(594, 57, '21', '22.70506539897615', '75.90948434457052', NULL, '2020-09-05 09:19:38'),
(595, 57, '21', '22.70510015463626', '75.90934252328135', NULL, '2020-09-05 09:19:40'),
(596, 57, '21', '22.70508396701868', '75.90938931327806', NULL, '2020-09-05 09:20:18'),
(597, 57, '21', '22.70508396701868', '75.90938931327806', NULL, '2020-09-05 09:20:18'),
(598, 57, '21', '22.70508342396968', '75.9094008493289', NULL, '2020-09-05 09:20:20'),
(599, 57, '21', '22.70508304240434', '75.90939095250882', NULL, '2020-09-05 09:20:44'),
(600, 57, '21', '22.70508304240434', '75.90939095250882', NULL, '2020-09-05 09:20:44'),
(601, 57, '21', '22.70508903195706', '75.9093879993745', NULL, '2020-09-05 09:21:57'),
(602, 57, '21', '22.70508903195706', '75.9093879993745', NULL, '2020-09-05 09:21:57'),
(603, 57, '21', '22.70508432317391', '75.90935533287227', NULL, '2020-09-05 09:22:10'),
(604, 57, '21', '22.70508432317391', '75.90935533287227', NULL, '2020-09-05 09:22:10'),
(605, 57, '21', '22.70506798754097', '75.90947760553206', NULL, '2020-09-05 09:22:28'),
(606, 57, '21', '22.70508916119365', '75.90938944376624', NULL, '2020-09-05 09:22:43'),
(607, 57, '21', '22.70508450596007', '75.90933841767685', NULL, '2020-09-05 09:23:41'),
(608, 57, '21', '22.70508450596007', '75.90933841767685', NULL, '2020-09-05 09:23:41'),
(609, 57, '21', '22.70507476997952', '75.90947538638562', NULL, '2020-09-05 09:23:58'),
(610, 57, '21', '22.70508601828953', '75.90936093146186', NULL, '2020-09-05 09:24:24'),
(611, 57, '21', '22.70509230440734', '75.90939782566942', NULL, '2020-09-05 09:25:11'),
(612, 57, '21', '22.70509659462438', '75.90929424555304', NULL, '2020-09-05 09:27:15'),
(613, 57, '21', '22.70510026721536', '75.90931467718995', NULL, '2020-09-05 09:27:23'),
(614, 57, '21', '22.70475438798098', '75.90896523564673', NULL, '2020-09-05 09:28:28'),
(615, 57, '21', '22.70507642070083', '75.90926807380832', NULL, '2020-09-05 09:28:41'),
(616, 57, '21', '22.70507642070083', '75.90926807380832', NULL, '2020-09-05 09:28:47'),
(617, 57, '21', '22.70479510503283', '75.90913891655426', NULL, '2020-09-05 09:30:21'),
(618, 57, '21', '22.70460055828617', '75.90901355442266', NULL, '2020-09-05 09:30:21'),
(619, 57, '21', '22.70446587510964', '75.90892676720884', NULL, '2020-09-05 09:30:22'),
(620, 57, '21', '22.70437263581046', '75.90886668562182', NULL, '2020-09-05 09:30:24'),
(621, 57, '21', '22.70426340338622', '75.90879629837671', NULL, '2020-09-05 09:30:26'),
(622, 57, '21', '22.70417886678448', '75.90874182463827', NULL, '2020-09-05 09:30:31');
INSERT INTO `save_lat_long` (`id`, `chaperone_id`, `trip_id`, `latitude`, `longitude`, `travel_time`, `created_date`) VALUES
(623, 57, '21', '22.70508476069449', '75.90926027863837', NULL, '2020-09-05 09:30:39'),
(624, 57, '21', '22.70508476069449', '75.90926027863837', NULL, '2020-09-05 09:30:42'),
(625, 57, '21', '22.70508476069449', '75.90926027863837', NULL, '2020-09-05 09:31:37'),
(626, 57, '21', '22.70509808792053', '75.90945281095422', NULL, '2020-09-05 09:33:34'),
(627, 57, '21', '22.70506544431663', '75.90949386733458', NULL, '2020-09-05 09:34:56'),
(628, 57, '21', '22.70506544431663', '75.90949386733458', NULL, '2020-09-05 09:34:56'),
(629, 57, '21', '22.70506051257651', '75.9095165903089', NULL, '2020-09-05 09:35:00'),
(630, 57, '21', '22.70506391789543', '75.90961669017192', NULL, '2020-09-05 09:35:27'),
(631, 57, '21', '22.705083327132', '75.90941543254939', NULL, '2020-09-05 09:35:38'),
(632, 57, '21', '22.70508735908447', '75.90949287645138', NULL, '2020-09-05 09:35:39'),
(633, 57, '21', '22.70508886782704', '75.90939044959462', NULL, '2020-09-05 09:37:57'),
(634, 57, '21', '22.70508886782704', '75.90939044959462', NULL, '2020-09-05 09:37:57'),
(635, 57, '21', '22.70505409442003', '75.9093962333415', NULL, '2020-09-05 09:50:30'),
(636, 57, '21', '22.70505409442003', '75.9093962333415', NULL, '2020-09-05 09:50:30'),
(637, 57, '21', '22.7051211616149', '75.9092427883912', NULL, '2020-09-05 09:50:58'),
(638, 57, '21', '22.70508986937396', '75.90935557202425', NULL, '2020-09-05 09:51:04'),
(639, 57, '21', '22.70508920310317', '75.9092917945943', NULL, '2020-09-05 09:51:04'),
(640, 57, '19', '22.70508285759606', '75.90931231399497', NULL, '2020-09-05 09:52:50'),
(641, 57, '19', '22.70508285759606', '75.90931231399497', NULL, '2020-09-05 09:52:50'),
(642, 57, '19', '22.70506940432562', '75.90934166657361', NULL, '2020-09-05 09:53:12'),
(643, 57, '19', '22.70508245567112', '75.90928290977693', NULL, '2020-09-05 09:53:50'),
(644, 57, '19', '22.70508245567112', '75.90928290977693', NULL, '2020-09-05 09:59:44'),
(645, 57, '19', '22.70511144728747', '75.90947955953233', NULL, '2020-09-05 10:03:14'),
(646, 57, '19', '22.7051292080502', '75.90960003055417', NULL, '2020-09-05 10:03:14'),
(647, 57, '19', '22.70515001514216', '75.90974116478743', NULL, '2020-09-05 10:03:16'),
(648, 57, '19', '22.70508782008915', '75.90950754478193', NULL, '2020-09-05 10:03:19'),
(649, 57, '19', '22.70506471378528', '75.90935184483793', NULL, '2020-09-05 10:06:20'),
(650, 57, '19', '22.70506471378528', '75.90935184483793', NULL, '2020-09-05 10:06:20'),
(651, 57, '19', '22.70507822281002', '75.90932951315857', NULL, '2020-09-05 10:07:31'),
(652, 57, '19', '22.70507822281002', '75.90932951315857', NULL, '2020-09-05 10:07:58'),
(653, 57, '19', '22.70507822281002', '75.90932951315857', NULL, '2020-09-05 10:07:58'),
(654, 57, '19', '22.70506643347601', '75.90935165574588', NULL, '2020-09-05 10:08:04'),
(655, 57, '19', '22.70508468995189', '75.90932389609873', NULL, '2020-09-05 10:08:30'),
(656, 57, '19', '22.70508468995189', '75.90932389609873', NULL, '2020-09-05 10:08:30'),
(657, 57, '19', '22.70508315192348', '75.90941642376499', NULL, '2020-09-05 10:08:43'),
(658, 57, '19', '22.70508315192348', '75.90941642376499', NULL, '2020-09-05 10:08:43'),
(659, 57, '19', '22.70505626040067', '75.90941833064683', NULL, '2020-09-05 10:10:57'),
(660, 57, '19', '22.70505626040067', '75.90941833064683', NULL, '2020-09-05 10:10:57'),
(661, 57, '19', '22.70509935622256', '75.90923844497662', NULL, '2020-09-05 10:11:02'),
(662, 57, '19', '22.70509452561168', '75.90925424366809', NULL, '2020-09-05 10:11:07'),
(663, 57, '19', '22.70512109624474', '75.90915961198128', NULL, '2020-09-05 10:11:13'),
(664, 57, '19', '22.705090083203', '75.90919121175624', NULL, '2020-09-05 10:11:20'),
(665, 57, '19', '22.70509087948381', '75.90918375186241', NULL, '2020-09-05 10:11:23'),
(666, 57, '19', '22.70508618561803', '75.90926396667577', NULL, '2020-09-05 10:16:18'),
(667, 57, '19', '22.70500383341937', '75.90931467718995', NULL, '2020-09-05 10:16:19'),
(668, 57, '19', '22.70508343499656', '75.90934677155806', NULL, '2020-09-05 10:22:59'),
(669, 57, '19', '22.70508343499656', '75.90934677155806', NULL, '2020-09-05 10:22:59'),
(670, 57, '19', '22.70508970925258', '75.90928697724311', NULL, '2020-09-05 10:37:13'),
(671, 57, '19', '22.70508970925258', '75.90928697724311', NULL, '2020-09-05 10:37:13'),
(672, 57, '19', '22.70510290195373', '75.90939557655793', NULL, '2020-09-05 10:37:39'),
(673, 57, '19', '22.70509126363905', '75.90928788305183', NULL, '2020-09-05 10:38:03'),
(674, 57, '19', '22.70508958028881', '75.909322723817', NULL, '2020-09-05 10:38:03'),
(675, 57, '19', '22.70508958028881', '75.909322723817', NULL, '2020-09-05 10:38:30'),
(676, 57, '19', '22.70508958028881', '75.909322723817', NULL, '2020-09-05 10:40:45'),
(677, 57, '19', '22.70509232555616', '75.90933979404957', NULL, '2020-09-05 10:48:15'),
(678, 57, '19', '22.70509232555616', '75.90933979404957', NULL, '2020-09-05 10:48:15'),
(679, 57, '19', '22.70509398078798', '75.90935474268711', NULL, '2020-09-05 10:48:43'),
(680, 57, '19', '22.70509398078798', '75.90935474268711', NULL, '2020-09-05 10:49:04'),
(681, 57, '19', '22.70509129857896', '75.90931979015089', NULL, '2020-09-05 10:50:04'),
(682, 57, '19', '22.70509619802773', '75.90940696693043', NULL, '2020-09-05 10:51:37'),
(683, 57, '19', '22.70509619802773', '75.90940696693043', NULL, '2020-09-05 10:51:37'),
(684, 57, '19', '22.7051008958581', '75.90936890810347', NULL, '2020-09-05 10:51:57'),
(685, 57, '19', '22.70508722398733', '75.90933751328257', NULL, '2020-09-05 10:55:00'),
(686, 57, '19', '22.70508722398733', '75.90933751328257', NULL, '2020-09-05 10:55:00'),
(687, 57, '19', '22.7050911679544', '75.90933885907558', NULL, '2020-09-05 10:55:03'),
(688, 57, '19', '22.70509694898394', '75.90945646874994', NULL, '2020-09-05 10:55:06'),
(689, 57, '19', '22.70508914824896', '75.90931421919699', NULL, '2020-09-05 10:55:28'),
(690, 57, '19', '22.70507582616944', '75.90944848081554', NULL, '2020-09-05 10:57:26'),
(691, 57, '19', '22.70509448139956', '75.90933639347088', NULL, '2020-09-05 10:57:44'),
(692, 57, '19', '22.70509322641669', '75.90932305909313', NULL, '2020-09-05 10:58:01'),
(693, 57, '19', '22.7050332538995', '75.90946421034253', NULL, '2020-09-05 10:58:06'),
(694, 57, '19', '22.70509578448043', '75.90932776626894', NULL, '2020-09-05 11:00:21'),
(695, 57, '19', '22.70509578448043', '75.90932776626894', NULL, '2020-09-05 11:00:21'),
(696, 57, '19', '22.70509287905228', '75.90928217192413', NULL, '2020-09-05 11:00:53'),
(697, 57, '19', '22.70508151526672', '75.90938083052002', NULL, '2020-09-05 11:01:18'),
(698, 57, '19', '22.7051139314048', '75.90924798981936', NULL, '2020-09-05 11:01:30'),
(699, 57, '19', '22.70510227887212', '75.90930093086875', NULL, '2020-09-05 11:01:37'),
(700, 57, '19', '22.7050965261293', '75.90932596377299', NULL, '2020-09-05 11:02:11'),
(701, 57, '19', '22.70510051867245', '75.90923932388044', NULL, '2020-09-05 11:02:56'),
(702, 57, '19', '22.70509712400167', '75.90929565026975', NULL, '2020-09-05 11:03:40'),
(703, 57, '19', '22.70507518164511', '75.90933339137682', NULL, '2020-09-05 11:05:53'),
(704, 57, '19', '22.70509652015792', '75.90929201927764', NULL, '2020-09-05 11:06:47'),
(705, 57, '19', '22.70509652015792', '75.90929201927764', NULL, '2020-09-05 11:06:57'),
(706, 57, '19', '22.70509365511844', '75.90927893871508', NULL, '2020-09-05 11:07:07'),
(707, 57, '19', '22.70509365511844', '75.90927893871508', NULL, '2020-09-05 11:07:17'),
(708, 57, '19', '22.70509365511844', '75.90927893871508', NULL, '2020-09-05 11:07:27'),
(709, 57, '19', '22.70509323929555', '75.9092737630471', NULL, '2020-09-05 11:07:37'),
(710, 57, '19', '22.70509323929555', '75.9092737630471', NULL, '2020-09-05 11:07:47'),
(711, 57, '19', '22.70509323929555', '75.9092737630471', NULL, '2020-09-05 11:07:57'),
(712, 57, '19', '22.70509323929555', '75.9092737630471', NULL, '2020-09-05 11:08:07'),
(713, 57, '19', '22.70509323929555', '75.9092737630471', NULL, '2020-09-05 11:08:17'),
(714, 57, '19', '22.70509223469596', '75.9092768847978', NULL, '2020-09-05 11:09:14'),
(715, 57, '19', '22.70509223469596', '75.9092768847978', NULL, '2020-09-05 11:09:23'),
(716, 57, '19', '22.70510802047579', '75.9092727676741', NULL, '2020-09-05 11:09:33'),
(717, 57, '19', '22.70509930231269', '75.90941923750958', NULL, '2020-09-05 11:09:43'),
(718, 57, '19', '22.70509857313422', '75.9094508771358', NULL, '2020-09-05 11:09:53'),
(719, 57, '19', '22.70509845017685', '75.90939466954251', NULL, '2020-09-05 11:10:43'),
(720, 57, '19', '22.70509845017685', '75.90939466954251', NULL, '2020-09-05 11:10:53'),
(721, 57, '19', '22.70509845017685', '75.90939466954251', NULL, '2020-09-05 11:11:03'),
(722, 57, '19', '22.7050856460584', '75.90936225406604', NULL, '2020-09-05 11:11:13'),
(723, 57, '19', '22.70510182565929', '75.90928553545788', NULL, '2020-09-05 11:12:32'),
(724, 57, '19', '22.70510182565929', '75.90928553545788', NULL, '2020-09-05 11:12:42'),
(725, 57, '19', '22.70512424663333', '75.90920762347673', NULL, '2020-09-05 11:12:52'),
(726, 57, '19', '22.70509500774732', '75.90930191187077', NULL, '2020-09-05 11:13:02'),
(727, 57, '19', '22.7050995906923', '75.90927489610355', NULL, '2020-09-05 11:13:06'),
(728, 57, '19', '22.70509500774732', '75.90930191187077', NULL, '2020-09-05 11:13:12'),
(729, 57, '19', '22.7050995906923', '75.90927489610355', NULL, '2020-09-05 11:13:16'),
(730, 57, '19', '22.70509500774732', '75.90930191187077', NULL, '2020-09-05 11:13:22'),
(731, 57, '19', '22.70508153366177', '75.90928668163336', NULL, '2020-09-05 11:13:26'),
(732, 57, '19', '22.70508153366177', '75.90928668163336', NULL, '2020-09-05 11:13:32'),
(733, 57, '19', '22.70508153366177', '75.90928668163336', NULL, '2020-09-05 11:13:36'),
(734, 57, '19', '22.70508153366177', '75.90928668163336', NULL, '2020-09-05 11:13:36'),
(735, 57, '19', '22.70503099591404', '75.90951539858148', NULL, '2020-09-05 11:24:44'),
(736, 57, '19', '22.70503099591404', '75.90951539858148', NULL, '2020-09-05 11:24:54'),
(737, 57, '19', '22.70503021897106', '75.90951916734025', NULL, '2020-09-05 11:24:59'),
(738, 57, '19', '22.70503099591404', '75.90951539858148', NULL, '2020-09-05 11:25:04'),
(739, 57, '19', '22.70503021897106', '75.90951916734025', NULL, '2020-09-05 11:25:09'),
(740, 57, '19', '22.70503099591404', '75.90951539858148', NULL, '2020-09-05 11:25:14'),
(741, 57, '19', '22.70503021897106', '75.90951916734025', NULL, '2020-09-05 11:25:19'),
(742, 57, '19', '22.70503099591404', '75.90951539858148', NULL, '2020-09-05 11:25:24'),
(743, 57, '19', '22.70502953803585', '75.90952247038899', NULL, '2020-09-05 11:25:27'),
(744, 57, '19', '22.70503021897106', '75.90951916734025', NULL, '2020-09-05 11:25:29'),
(745, 57, '19', '22.70503099591404', '75.90951539858148', NULL, '2020-09-05 11:25:34'),
(746, 57, '19', '22.70502953803585', '75.90952247038899', NULL, '2020-09-05 11:25:37'),
(747, 57, '19', '22.70503021897106', '75.90951916734025', NULL, '2020-09-05 11:25:39'),
(748, 57, '19', '22.70503099591404', '75.90951539858148', NULL, '2020-09-05 11:25:44'),
(749, 57, '19', '22.70502953803585', '75.90952247038899', NULL, '2020-09-05 11:25:47'),
(750, 57, '19', '22.70503021897106', '75.90951916734025', NULL, '2020-09-05 11:25:49'),
(751, 57, '19', '22.70503099591404', '75.90951539858148', NULL, '2020-09-05 11:25:54'),
(752, 57, '19', '22.70508093554205', '75.90942896781858', NULL, '2020-09-05 11:25:57'),
(753, 57, '19', '22.70508093554205', '75.90942896781858', NULL, '2020-09-05 11:25:59'),
(754, 57, '19', '22.70508093554205', '75.90942896781858', NULL, '2020-09-05 11:26:04'),
(755, 57, '19', '22.70508870018898', '75.90938583954788', NULL, '2020-09-05 11:26:07'),
(756, 57, '19', '22.70508870018898', '75.90938583954788', NULL, '2020-09-05 11:26:09'),
(757, 57, '19', '22.70508870018898', '75.90938583954788', NULL, '2020-09-05 11:26:14'),
(758, 57, '19', '22.70508870018898', '75.90938583954788', NULL, '2020-09-05 11:26:17'),
(759, 57, '19', '22.70508870018898', '75.90938583954788', NULL, '2020-09-05 11:26:19'),
(760, 57, '19', '22.70508870018898', '75.90938583954788', NULL, '2020-09-05 11:26:24'),
(761, 57, '19', '22.70508870018898', '75.90938583954788', NULL, '2020-09-05 11:26:27'),
(762, 57, '19', '22.70508870018898', '75.90938583954788', NULL, '2020-09-05 11:26:29'),
(763, 57, '19', '22.70508870018898', '75.90938583954788', NULL, '2020-09-05 11:26:34'),
(764, 57, '19', '22.70508870018898', '75.90938583954788', NULL, '2020-09-05 11:26:37'),
(765, 57, '19', '22.70508870018898', '75.90938583954788', NULL, '2020-09-05 11:26:39'),
(766, 57, '19', '22.70508870018898', '75.90938583954788', NULL, '2020-09-05 11:26:44'),
(767, 57, '19', '22.70508870018898', '75.90938583954788', NULL, '2020-09-05 11:26:47'),
(768, 57, '19', '22.70508870018898', '75.90938583954788', NULL, '2020-09-05 11:26:49'),
(769, 57, '19', '22.70508870018898', '75.90938583954788', NULL, '2020-09-05 11:26:54'),
(770, 57, '19', '22.70508870018898', '75.90938583954788', NULL, '2020-09-05 11:26:57'),
(771, 57, '19', '22.70508870018898', '75.90938583954788', NULL, '2020-09-05 11:26:59'),
(772, 57, '19', '22.70508870018898', '75.90938583954788', NULL, '2020-09-05 11:27:04'),
(773, 57, '19', '22.70508040210484', '75.90944216593719', NULL, '2020-09-05 11:27:42'),
(774, 57, '19', '22.70508040210484', '75.90944216593719', NULL, '2020-09-05 11:27:52'),
(775, 57, '19', '22.70508040210484', '75.90944216593719', NULL, '2020-09-05 11:28:02'),
(776, 57, '19', '22.70508040210484', '75.90944216593719', NULL, '2020-09-05 11:28:12'),
(777, 57, '19', '22.70508040210484', '75.90944216593719', NULL, '2020-09-05 11:28:22'),
(778, 57, '19', '22.70508040210484', '75.90944216593719', NULL, '2020-09-05 11:28:32'),
(779, 57, '19', '22.7050789771813', '75.90938659391917', NULL, '2020-09-05 11:28:42'),
(780, 57, '19', '22.7050789771813', '75.90938659391917', NULL, '2020-09-05 11:28:52'),
(781, 57, '19', '22.70510156641035', '75.90928517289079', NULL, '2020-09-05 11:29:02'),
(782, 57, '19', '22.70510156641035', '75.90928517289079', NULL, '2020-09-05 11:29:12'),
(783, 57, '19', '22.70510156641035', '75.90928517289079', NULL, '2020-09-05 11:29:22'),
(784, 57, '19', '22.70510156641035', '75.90928517289079', NULL, '2020-09-05 11:29:32'),
(785, 57, '19', '22.70510156641035', '75.90928517289079', NULL, '2020-09-05 11:29:42'),
(786, 57, '19', '22.70510156641035', '75.90928517289079', NULL, '2020-09-05 11:29:52'),
(787, 57, '19', '22.70510156641035', '75.90928517289079', NULL, '2020-09-05 11:30:02'),
(788, 57, '19', '22.70510156641035', '75.90928517289079', NULL, '2020-09-05 11:30:12'),
(789, 57, '19', '22.70510156641035', '75.90928517289079', NULL, '2020-09-05 11:30:22'),
(790, 57, '19', '22.70510156641035', '75.90928517289079', NULL, '2020-09-05 11:30:32'),
(791, 57, '19', '22.70510156641035', '75.90928517289079', NULL, '2020-09-05 11:30:42'),
(792, 57, '19', '22.70510156641035', '75.90928517289079', NULL, '2020-09-05 11:30:52'),
(793, 57, '19', '22.70510156641035', '75.90928517289079', NULL, '2020-09-05 11:31:02'),
(794, 57, '19', '22.70510156641035', '75.90928517289079', NULL, '2020-09-05 11:31:12'),
(795, 57, '19', '22.70510156641035', '75.90928517289079', NULL, '2020-09-05 11:31:22'),
(796, 57, '19', '22.70507701710954', '75.90940785405003', NULL, '2020-09-05 12:00:03'),
(797, 57, '19', '22.70507701710954', '75.90940785405003', NULL, '2020-09-05 12:00:12'),
(798, 57, '19', '22.70515902435659', '75.90931392281867', NULL, '2020-09-05 12:00:22'),
(799, 57, '19', '22.70515902435659', '75.90931392281867', NULL, '2020-09-05 12:00:32'),
(800, 57, '19', '22.70515902435659', '75.90931392281867', NULL, '2020-09-05 12:00:42'),
(801, 57, '19', '22.70515902435659', '75.90931392281867', NULL, '2020-09-05 12:00:52'),
(802, 57, '19', '22.70515902435659', '75.90931392281867', NULL, '2020-09-05 12:01:02'),
(803, 57, '19', '22.70515902435659', '75.90931392281867', NULL, '2020-09-05 12:01:20'),
(804, 57, '19', '22.70515902435659', '75.90931392281867', NULL, '2020-09-05 12:01:23'),
(805, 57, '19', '22.70515902435659', '75.90931392281867', NULL, '2020-09-05 12:01:32'),
(806, 57, '19', '22.70515902435659', '75.90931392281867', NULL, '2020-09-05 12:01:42'),
(807, 57, '19', '22.70515902435659', '75.90931392281867', NULL, '2020-09-05 12:01:54'),
(808, 57, '19', '22.70515902435659', '75.90931392281867', NULL, '2020-09-05 12:02:20'),
(809, 57, '19', '22.70515902435659', '75.90931392281867', NULL, '2020-09-05 12:02:23'),
(810, 57, '19', '22.70515902435659', '75.90931392281867', NULL, '2020-09-05 12:02:26'),
(811, 57, '19', '22.70515902435659', '75.90931392281867', NULL, '2020-09-05 12:02:34'),
(812, 57, '19', '22.70509243013589', '75.90930512182034', NULL, '2020-09-05 13:13:50'),
(813, 57, '19', '22.70509243013589', '75.90930512182034', NULL, '2020-09-05 13:14:00'),
(814, 57, '19', '22.70509243013589', '75.90930512182034', NULL, '2020-09-05 13:14:05'),
(815, 57, '19', '22.70509243013589', '75.90930512182034', NULL, '2020-09-05 13:14:10'),
(816, 57, '19', '22.70509243013589', '75.90930512182034', NULL, '2020-09-05 13:14:15'),
(817, 57, '19', '22.70509243013589', '75.90930512182034', NULL, '2020-09-05 13:14:19'),
(818, 57, '19', '22.70509243013589', '75.90930512182034', NULL, '2020-09-05 13:14:25'),
(819, 57, '19', '22.70509243013589', '75.90930512182034', NULL, '2020-09-05 13:14:29'),
(820, 57, '19', '22.70509243013589', '75.90930512182034', NULL, '2020-09-05 13:14:35'),
(821, 57, '19', '22.70509243013589', '75.90930512182034', NULL, '2020-09-05 13:14:35'),
(822, 57, '19', '22.70509243013589', '75.90930512182034', NULL, '2020-09-05 13:14:39'),
(823, 57, '19', '22.70509243013589', '75.90930512182034', NULL, '2020-09-05 13:14:45'),
(824, 57, '19', '22.70509243013589', '75.90930512182034', NULL, '2020-09-05 13:14:45'),
(825, 57, '19', '22.70509243013589', '75.90930512182034', NULL, '2020-09-05 13:14:50'),
(826, 57, '19', '22.70509243013589', '75.90930512182034', NULL, '2020-09-05 13:14:55'),
(827, 57, '19', '22.70509243013589', '75.90930512182034', NULL, '2020-09-05 13:14:56'),
(828, 57, '19', '22.70509243013589', '75.90930512182034', NULL, '2020-09-05 13:15:00'),
(829, 57, '19', '22.70509243013589', '75.90930512182034', NULL, '2020-09-05 13:15:05'),
(830, 57, '19', '22.70509243013589', '75.90930512182034', NULL, '2020-09-05 13:15:05'),
(831, 57, '19', '22.70509243013589', '75.90930512182034', NULL, '2020-09-05 13:15:10'),
(832, 57, '19', '22.70509243013589', '75.90930512182034', NULL, '2020-09-05 13:15:15'),
(833, 57, '19', '22.70509243013589', '75.90930512182034', NULL, '2020-09-05 13:15:15'),
(834, 57, '19', '22.70509243013589', '75.90930512182034', NULL, '2020-09-05 13:15:20'),
(835, 57, '19', '22.70509243013589', '75.90930512182034', NULL, '2020-09-05 13:15:25'),
(836, 57, '19', '22.70509243013589', '75.90930512182034', NULL, '2020-09-05 13:15:25'),
(837, 57, '19', '22.70509243013589', '75.90930512182034', NULL, '2020-09-05 13:15:30'),
(838, 57, '19', '22.70509243013589', '75.90930512182034', NULL, '2020-09-05 13:15:35'),
(839, 57, '19', '22.70509243013589', '75.90930512182034', NULL, '2020-09-05 13:15:35'),
(840, 57, '19', '22.70509243013589', '75.90930512182034', NULL, '2020-09-05 13:15:40'),
(841, 57, '19', '22.70509243013589', '75.90930512182034', NULL, '2020-09-05 13:15:45'),
(842, 57, '19', '22.70509243013589', '75.90930512182034', NULL, '2020-09-05 13:15:45'),
(843, 57, '19', '22.70509243013589', '75.90930512182034', NULL, '2020-09-05 13:15:50'),
(844, 57, '19', '22.70509243013589', '75.90930512182034', NULL, '2020-09-05 13:15:55'),
(845, 57, '19', '22.70509243013589', '75.90930512182034', NULL, '2020-09-05 13:15:55'),
(846, 57, '19', '22.70509243013589', '75.90930512182034', NULL, '2020-09-05 13:16:00'),
(847, 57, '19', '22.70509243013589', '75.90930512182034', NULL, '2020-09-05 13:16:03'),
(848, 57, '19', '22.70509243013589', '75.90930512182034', NULL, '2020-09-05 13:16:05'),
(849, 57, '19', '22.70509243013589', '75.90930512182034', NULL, '2020-09-05 13:16:05'),
(850, 57, '19', '22.70509243013589', '75.90930512182034', NULL, '2020-09-05 13:16:09'),
(851, 57, '19', '22.70509243013589', '75.90930512182034', NULL, '2020-09-05 13:16:13'),
(852, 57, '19', '22.70509243013589', '75.90930512182034', NULL, '2020-09-05 13:16:15'),
(853, 57, '19', '22.70509243013589', '75.90930512182034', NULL, '2020-09-05 13:16:15'),
(854, 57, '19', '22.70509243013589', '75.90930512182034', NULL, '2020-09-05 13:16:19'),
(855, 57, '19', '22.70509243013589', '75.90930512182034', NULL, '2020-09-05 13:16:23'),
(856, 57, '19', '22.70509243013589', '75.90930512182034', NULL, '2020-09-05 13:16:25'),
(857, 57, '19', '22.70509243013589', '75.90930512182034', NULL, '2020-09-05 13:16:25'),
(858, 57, '19', '22.70509243013589', '75.90930512182034', NULL, '2020-09-05 13:16:30'),
(859, 57, '19', '22.70509243013589', '75.90930512182034', NULL, '2020-09-05 13:16:33'),
(860, 57, '19', '22.70509243013589', '75.90930512182034', NULL, '2020-09-05 13:16:35'),
(861, 57, '19', '22.70509243013589', '75.90930512182034', NULL, '2020-09-05 13:16:35'),
(862, 57, '19', '22.70509243013589', '75.90930512182034', NULL, '2020-09-05 13:16:40'),
(863, 57, '19', '22.70509243013589', '75.90930512182034', NULL, '2020-09-05 13:16:43'),
(864, 57, '19', '22.70509243013589', '75.90930512182034', NULL, '2020-09-05 13:16:45'),
(865, 57, '19', '22.70509243013589', '75.90930512182034', NULL, '2020-09-05 13:16:46'),
(866, 57, '19', '22.70509243013589', '75.90930512182034', NULL, '2020-09-05 13:16:49'),
(867, 57, '19', '22.70509243013589', '75.90930512182034', NULL, '2020-09-05 13:16:53'),
(868, 57, '19', '22.70509243013589', '75.90930512182034', NULL, '2020-09-05 13:16:55'),
(869, 57, '19', '22.70509243013589', '75.90930512182034', NULL, '2020-09-05 13:16:55'),
(870, 57, '19', '22.70509243013589', '75.90930512182034', NULL, '2020-09-05 13:16:59'),
(871, 57, '19', '22.70509243013589', '75.90930512182034', NULL, '2020-09-05 13:17:03'),
(872, 57, '19', '22.70509243013589', '75.90930512182034', NULL, '2020-09-05 13:17:05'),
(873, 57, '19', '22.70509243013589', '75.90930512182034', NULL, '2020-09-05 13:17:05'),
(874, 57, '19', '22.70509243013589', '75.90930512182034', NULL, '2020-09-05 13:17:09'),
(875, 57, '19', '22.70509243013589', '75.90930512182034', NULL, '2020-09-05 13:17:13'),
(876, 57, '19', '22.70509243013589', '75.90930512182034', NULL, '2020-09-05 13:17:15'),
(877, 57, '19', '22.70509243013589', '75.90930512182034', NULL, '2020-09-05 13:17:15'),
(878, 57, '19', '22.70509243013589', '75.90930512182034', NULL, '2020-09-05 13:17:19'),
(879, 57, '19', '22.70509243013589', '75.90930512182034', NULL, '2020-09-05 13:17:23'),
(880, 57, '19', '22.70509243013589', '75.90930512182034', NULL, '2020-09-05 13:17:25'),
(881, 57, '19', '22.70509243013589', '75.90930512182034', NULL, '2020-09-05 13:17:25'),
(882, 57, '19', '22.70509243013589', '75.90930512182034', NULL, '2020-09-05 13:17:29'),
(883, 57, '19', '22.70509243013589', '75.90930512182034', NULL, '2020-09-05 13:17:33'),
(884, 57, '19', '22.70509243013589', '75.90930512182034', NULL, '2020-09-05 13:17:35'),
(885, 57, '19', '22.70509243013589', '75.90930512182034', NULL, '2020-09-05 13:17:35'),
(886, 57, '19', '22.70509243013589', '75.90930512182034', NULL, '2020-09-05 13:17:39'),
(887, 57, '19', '22.70509243013589', '75.90930512182034', NULL, '2020-09-05 13:17:43'),
(888, 57, '19', '22.70509243013589', '75.90930512182034', NULL, '2020-09-05 13:17:45'),
(889, 57, '19', '22.70509243013589', '75.90930512182034', NULL, '2020-09-05 13:17:46'),
(890, 57, '19', '22.70509243013589', '75.90930512182034', NULL, '2020-09-05 13:17:50'),
(891, 57, '19', '22.70509243013589', '75.90930512182034', NULL, '2020-09-05 13:17:53'),
(892, 57, '19', '22.70509243013589', '75.90930512182034', NULL, '2020-09-05 13:17:55'),
(893, 57, '19', '22.70509243013589', '75.90930512182034', NULL, '2020-09-05 13:17:57'),
(894, 57, '19', '22.70509243013589', '75.90930512182034', NULL, '2020-09-05 13:18:00'),
(895, 57, '19', '22.70509243013589', '75.90930512182034', NULL, '2020-09-05 13:18:03'),
(896, 57, '19', '22.70509243013589', '75.90930512182034', NULL, '2020-09-05 13:18:05'),
(897, 57, '19', '22.70509243013589', '75.90930512182034', NULL, '2020-09-05 13:18:05'),
(898, 57, '19', '22.70509243013589', '75.90930512182034', NULL, '2020-09-05 13:18:09'),
(899, 57, '19', '22.70509243013589', '75.90930512182034', NULL, '2020-09-05 13:18:13'),
(900, 57, '19', '22.70509243013589', '75.90930512182034', NULL, '2020-09-05 13:18:15'),
(901, 57, '19', '22.70509243013589', '75.90930512182034', NULL, '2020-09-05 13:18:15'),
(902, 57, '19', '22.70509243013589', '75.90930512182034', NULL, '2020-09-05 13:18:19'),
(903, 57, '19', '22.70509243013589', '75.90930512182034', NULL, '2020-09-05 13:18:23'),
(904, 57, '19', '22.70509243013589', '75.90930512182034', NULL, '2020-09-05 13:18:25'),
(905, 57, '19', '22.70509243013589', '75.90930512182034', NULL, '2020-09-05 13:18:25'),
(906, 57, '19', '22.70509243013589', '75.90930512182034', NULL, '2020-09-05 13:18:30'),
(907, 57, '19', '22.70509243013589', '75.90930512182034', NULL, '2020-09-05 13:18:33'),
(908, 57, '19', '22.70509243013589', '75.90930512182034', NULL, '2020-09-05 13:18:35'),
(909, 57, '19', '22.70509243013589', '75.90930512182034', NULL, '2020-09-05 13:18:35'),
(910, 57, '19', '22.70509243013589', '75.90930512182034', NULL, '2020-09-05 13:18:39'),
(911, 57, '19', '22.70509243013589', '75.90930512182034', NULL, '2020-09-05 13:18:43'),
(912, 57, '19', '22.70509243013589', '75.90930512182034', NULL, '2020-09-05 13:18:45'),
(913, 57, '19', '22.70509243013589', '75.90930512182034', NULL, '2020-09-05 13:18:45'),
(914, 57, '19', '22.70509243013589', '75.90930512182034', NULL, '2020-09-05 13:18:49'),
(915, 57, '19', '22.70509243013589', '75.90930512182034', NULL, '2020-09-05 13:18:53'),
(916, 57, '19', '22.70509243013589', '75.90930512182034', NULL, '2020-09-05 13:18:55'),
(917, 57, '19', '22.70509243013589', '75.90930512182034', NULL, '2020-09-05 13:18:55'),
(918, 57, '19', '22.70509243013589', '75.90930512182034', NULL, '2020-09-05 13:19:00'),
(919, 57, '19', '22.70509243013589', '75.90930512182034', NULL, '2020-09-05 13:19:03'),
(920, 57, '19', '22.70509243013589', '75.90930512182034', NULL, '2020-09-05 13:19:05'),
(921, 57, '19', '22.70509243013589', '75.90930512182034', NULL, '2020-09-05 13:19:05'),
(922, 57, '19', '22.70509243013589', '75.90930512182034', NULL, '2020-09-05 13:19:09'),
(923, 57, '19', '22.70509243013589', '75.90930512182034', NULL, '2020-09-05 13:19:13'),
(924, 57, '19', '22.70509243013589', '75.90930512182034', NULL, '2020-09-05 13:19:15'),
(925, 57, '19', '22.70509243013589', '75.90930512182034', NULL, '2020-09-05 13:19:15'),
(926, 57, '19', '22.70509243013589', '75.90930512182034', NULL, '2020-09-05 13:19:20'),
(927, 57, '19', '22.70509243013589', '75.90930512182034', NULL, '2020-09-05 13:19:23'),
(928, 57, '19', '22.70509243013589', '75.90930512182034', NULL, '2020-09-05 13:19:25'),
(929, 57, '19', '22.70509243013589', '75.90930512182034', NULL, '2020-09-05 13:19:25'),
(930, 57, '19', '22.70509243013589', '75.90930512182034', NULL, '2020-09-05 13:19:29'),
(931, 57, '19', '22.70509243013589', '75.90930512182034', NULL, '2020-09-05 13:19:33'),
(932, 57, '19', '22.70509243013589', '75.90930512182034', NULL, '2020-09-05 13:19:35'),
(933, 57, '19', '22.70509243013589', '75.90930512182034', NULL, '2020-09-05 13:19:35'),
(934, 57, '19', '22.70509243013589', '75.90930512182034', NULL, '2020-09-05 13:19:40'),
(935, 57, '19', '22.70509243013589', '75.90930512182034', NULL, '2020-09-05 13:19:43'),
(936, 57, '19', '22.70509243013589', '75.90930512182034', NULL, '2020-09-05 13:19:45'),
(937, 57, '19', '22.70509243013589', '75.90930512182034', NULL, '2020-09-05 13:19:45'),
(938, 57, '19', '22.70509243013589', '75.90930512182034', NULL, '2020-09-05 13:19:49'),
(939, 57, '19', '22.70509243013589', '75.90930512182034', NULL, '2020-09-05 13:19:53'),
(940, 57, '19', '22.70509243013589', '75.90930512182034', NULL, '2020-09-05 13:19:55'),
(941, 57, '19', '22.70509243013589', '75.90930512182034', NULL, '2020-09-05 13:19:55'),
(942, 57, '19', '22.70509243013589', '75.90930512182034', NULL, '2020-09-05 13:19:59'),
(943, 57, '19', '22.70509243013589', '75.90930512182034', NULL, '2020-09-05 13:20:03'),
(944, 57, '19', '22.70509243013589', '75.90930512182034', NULL, '2020-09-05 13:20:05'),
(945, 57, '19', '22.70509243013589', '75.90930512182034', NULL, '2020-09-05 13:20:05'),
(946, 57, '19', '22.70509243013589', '75.90930512182034', NULL, '2020-09-05 13:20:10'),
(947, 57, '19', '22.70509243013589', '75.90930512182034', NULL, '2020-09-05 13:20:13'),
(948, 57, '19', '22.70509243013589', '75.90930512182034', NULL, '2020-09-05 13:20:15'),
(949, 57, '19', '22.70509243013589', '75.90930512182034', NULL, '2020-09-05 13:20:16'),
(950, 57, '19', '22.70509243013589', '75.90930512182034', NULL, '2020-09-05 13:20:20'),
(951, 57, '19', '22.70509243013589', '75.90930512182034', NULL, '2020-09-05 13:20:23'),
(952, 57, '19', '22.70509243013589', '75.90930512182034', NULL, '2020-09-05 13:20:25'),
(953, 57, '19', '22.70509243013589', '75.90930512182034', NULL, '2020-09-05 13:20:25'),
(954, 57, '19', '22.70509243013589', '75.90930512182034', NULL, '2020-09-05 13:20:30'),
(955, 57, '19', '22.70509243013589', '75.90930512182034', NULL, '2020-09-05 13:20:33'),
(956, 57, '19', '22.70509243013589', '75.90930512182034', NULL, '2020-09-05 13:20:35'),
(957, 57, '19', '22.70509243013589', '75.90930512182034', NULL, '2020-09-05 13:20:35'),
(958, 57, '19', '22.70509243013589', '75.90930512182034', NULL, '2020-09-05 13:20:39'),
(959, 57, '19', '22.70509243013589', '75.90930512182034', NULL, '2020-09-05 13:20:43'),
(960, 57, '19', '22.70509243013589', '75.90930512182034', NULL, '2020-09-05 13:20:45'),
(961, 57, '19', '22.70509243013589', '75.90930512182034', NULL, '2020-09-05 13:20:45'),
(962, 57, '19', '22.70509243013589', '75.90930512182034', NULL, '2020-09-05 13:20:49'),
(963, 57, '19', '22.70509243013589', '75.90930512182034', NULL, '2020-09-05 13:20:53'),
(964, 57, '19', '22.70509243013589', '75.90930512182034', NULL, '2020-09-05 13:20:55'),
(965, 57, '19', '22.70509243013589', '75.90930512182034', NULL, '2020-09-05 13:20:56'),
(966, 57, '19', '22.70509243013589', '75.90930512182034', NULL, '2020-09-05 13:20:59'),
(967, 57, '19', '22.70509243013589', '75.90930512182034', NULL, '2020-09-05 13:21:03'),
(968, 57, '19', '22.70509243013589', '75.90930512182034', NULL, '2020-09-05 13:21:05'),
(969, 57, '19', '22.70509243013589', '75.90930512182034', NULL, '2020-09-05 13:21:06'),
(970, 57, '19', '22.70509243013589', '75.90930512182034', NULL, '2020-09-05 13:21:09'),
(971, 57, '19', '22.70509243013589', '75.90930512182034', NULL, '2020-09-05 13:21:13'),
(972, 57, '19', '22.70509243013589', '75.90930512182034', NULL, '2020-09-05 13:21:15'),
(973, 57, '19', '22.70509243013589', '75.90930512182034', NULL, '2020-09-05 13:21:15'),
(974, 57, '19', '22.70509243013589', '75.90930512182034', NULL, '2020-09-05 13:21:20'),
(975, 57, '19', '22.70509243013589', '75.90930512182034', NULL, '2020-09-05 13:21:23'),
(976, 57, '19', '22.70509243013589', '75.90930512182034', NULL, '2020-09-05 13:21:25'),
(977, 57, '19', '22.70509243013589', '75.90930512182034', NULL, '2020-09-05 13:21:25'),
(978, 57, '19', '22.70509243013589', '75.90930512182034', NULL, '2020-09-05 13:21:29'),
(979, 57, '19', '22.70509243013589', '75.90930512182034', NULL, '2020-09-05 13:21:33'),
(980, 57, '19', '22.70509243013589', '75.90930512182034', NULL, '2020-09-05 13:21:35'),
(981, 57, '19', '22.70509243013589', '75.90930512182034', NULL, '2020-09-05 13:21:35'),
(982, 57, '19', '22.70509243013589', '75.90930512182034', NULL, '2020-09-05 13:21:39'),
(983, 57, '19', '22.70509243013589', '75.90930512182034', NULL, '2020-09-05 13:21:43'),
(984, 57, '19', '22.70509243013589', '75.90930512182034', NULL, '2020-09-05 13:21:45'),
(985, 57, '19', '22.70509243013589', '75.90930512182034', NULL, '2020-09-05 13:21:45'),
(986, 57, '19', '22.70509243013589', '75.90930512182034', NULL, '2020-09-05 13:21:50'),
(987, 57, '19', '22.70509243013589', '75.90930512182034', NULL, '2020-09-05 13:21:53'),
(988, 57, '19', '22.70509243013589', '75.90930512182034', NULL, '2020-09-05 13:21:55'),
(989, 57, '19', '22.70509243013589', '75.90930512182034', NULL, '2020-09-05 13:21:56'),
(990, 57, '19', '22.70509243013589', '75.90930512182034', NULL, '2020-09-05 13:22:00'),
(991, 57, '19', '22.70509243013589', '75.90930512182034', NULL, '2020-09-05 13:22:03'),
(992, 57, '19', '22.70509243013589', '75.90930512182034', NULL, '2020-09-05 13:22:05'),
(993, 57, '19', '22.70509243013589', '75.90930512182034', NULL, '2020-09-05 13:22:06'),
(994, 57, '19', '22.70509243013589', '75.90930512182034', NULL, '2020-09-05 13:22:09'),
(995, 57, '19', '22.70509243013589', '75.90930512182034', NULL, '2020-09-05 13:22:13'),
(996, 57, '19', '22.70509243013589', '75.90930512182034', NULL, '2020-09-05 13:22:15'),
(997, 57, '19', '22.70509243013589', '75.90930512182034', NULL, '2020-09-05 13:22:15'),
(998, 57, '19', '22.70509243013589', '75.90930512182034', NULL, '2020-09-05 13:22:20'),
(999, 57, '19', '22.70509243013589', '75.90930512182034', NULL, '2020-09-05 13:22:23'),
(1000, 57, '19', '22.70509243013589', '75.90930512182034', NULL, '2020-09-05 13:22:25'),
(1001, 57, '19', '22.70509243013589', '75.90930512182034', NULL, '2020-09-05 13:22:25'),
(1002, 57, '19', '22.70509243013589', '75.90930512182034', NULL, '2020-09-05 13:22:29'),
(1003, 57, '19', '22.70509243013589', '75.90930512182034', NULL, '2020-09-05 13:22:33'),
(1004, 57, '19', '22.70509243013589', '75.90930512182034', NULL, '2020-09-05 13:22:35'),
(1005, 57, '19', '22.70509243013589', '75.90930512182034', NULL, '2020-09-05 13:22:35'),
(1006, 57, '19', '22.70509243013589', '75.90930512182034', NULL, '2020-09-05 13:22:39'),
(1007, 57, '19', '22.70509243013589', '75.90930512182034', NULL, '2020-09-05 13:22:43'),
(1008, 57, '19', '22.70509243013589', '75.90930512182034', NULL, '2020-09-05 13:22:45'),
(1009, 57, '19', '22.70509243013589', '75.90930512182034', NULL, '2020-09-05 13:22:46'),
(1010, 57, '19', '22.70509243013589', '75.90930512182034', NULL, '2020-09-05 13:22:49'),
(1011, 57, '19', '22.70509243013589', '75.90930512182034', NULL, '2020-09-05 13:22:53'),
(1012, 57, '19', '22.70509243013589', '75.90930512182034', NULL, '2020-09-05 13:22:55'),
(1013, 57, '19', '22.70509243013589', '75.90930512182034', NULL, '2020-09-05 13:22:55'),
(1014, 57, '19', '22.70509243013589', '75.90930512182034', NULL, '2020-09-05 13:22:59'),
(1015, 57, '19', '22.70509243013589', '75.90930512182034', NULL, '2020-09-05 13:23:03'),
(1016, 57, '19', '22.70509243013589', '75.90930512182034', NULL, '2020-09-05 13:23:05'),
(1017, 57, '19', '22.70509243013589', '75.90930512182034', NULL, '2020-09-05 13:23:06'),
(1018, 57, '19', '22.70509243013589', '75.90930512182034', NULL, '2020-09-05 13:23:09'),
(1019, 57, '19', '22.70509243013589', '75.90930512182034', NULL, '2020-09-05 13:23:13'),
(1020, 57, '19', '22.70509243013589', '75.90930512182034', NULL, '2020-09-05 13:23:15'),
(1021, 57, '19', '22.70509243013589', '75.90930512182034', NULL, '2020-09-05 13:23:15'),
(1022, 57, '19', '22.70509243013589', '75.90930512182034', NULL, '2020-09-05 13:23:19'),
(1023, 57, '19', '22.70509243013589', '75.90930512182034', NULL, '2020-09-05 13:23:23'),
(1024, 57, '19', '22.70509243013589', '75.90930512182034', NULL, '2020-09-05 13:23:25'),
(1025, 57, '19', '22.70509243013589', '75.90930512182034', NULL, '2020-09-05 13:23:25'),
(1026, 57, '19', '22.70509243013589', '75.90930512182034', NULL, '2020-09-05 13:23:30'),
(1027, 57, '19', '22.70509243013589', '75.90930512182034', NULL, '2020-09-05 13:23:33'),
(1028, 57, '19', '22.70509243013589', '75.90930512182034', NULL, '2020-09-05 13:23:35'),
(1029, 57, '19', '22.70509243013589', '75.90930512182034', NULL, '2020-09-05 13:23:36'),
(1030, 57, '19', '22.70509243013589', '75.90930512182034', NULL, '2020-09-05 13:23:39'),
(1031, 57, '19', '22.70509243013589', '75.90930512182034', NULL, '2020-09-05 13:23:43'),
(1032, 57, '19', '22.70509243013589', '75.90930512182034', NULL, '2020-09-05 13:23:45'),
(1033, 57, '19', '22.70509243013589', '75.90930512182034', NULL, '2020-09-05 13:23:45'),
(1034, 57, '19', '22.70509243013589', '75.90930512182034', NULL, '2020-09-05 13:23:50'),
(1035, 57, '19', '22.70509243013589', '75.90930512182034', NULL, '2020-09-05 13:23:53'),
(1036, 57, '19', '22.70509243013589', '75.90930512182034', NULL, '2020-09-05 13:23:55'),
(1037, 57, '19', '22.70509243013589', '75.90930512182034', NULL, '2020-09-05 13:23:55'),
(1038, 57, '19', '22.70509243013589', '75.90930512182034', NULL, '2020-09-05 13:24:00'),
(1039, 57, '19', '22.70509243013589', '75.90930512182034', NULL, '2020-09-05 13:24:03'),
(1040, 57, '19', '22.70509243013589', '75.90930512182034', NULL, '2020-09-05 13:24:05'),
(1041, 57, '19', '22.70509243013589', '75.90930512182034', NULL, '2020-09-05 13:24:05'),
(1042, 57, '19', '22.70509243013589', '75.90930512182034', NULL, '2020-09-05 13:24:10'),
(1043, 57, '19', '22.70509243013589', '75.90930512182034', NULL, '2020-09-05 13:24:13'),
(1044, 57, '19', '22.70509243013589', '75.90930512182034', NULL, '2020-09-05 13:24:15'),
(1045, 57, '19', '22.70509243013589', '75.90930512182034', NULL, '2020-09-05 13:24:16'),
(1046, 57, '19', '22.70509243013589', '75.90930512182034', NULL, '2020-09-05 13:24:20'),
(1047, 57, '19', '22.70509243013589', '75.90930512182034', NULL, '2020-09-05 13:24:23'),
(1048, 57, '19', '22.70509243013589', '75.90930512182034', NULL, '2020-09-05 13:24:25'),
(1049, 57, '19', '22.70509243013589', '75.90930512182034', NULL, '2020-09-05 13:24:25'),
(1050, 57, '19', '22.70509243013589', '75.90930512182034', NULL, '2020-09-05 13:24:29'),
(1051, 57, '19', '22.70509243013589', '75.90930512182034', NULL, '2020-09-05 13:24:33'),
(1052, 57, '19', '22.70509243013589', '75.90930512182034', NULL, '2020-09-05 13:24:35'),
(1053, 57, '19', '22.70509243013589', '75.90930512182034', NULL, '2020-09-05 13:24:36'),
(1054, 57, '19', '22.70509243013589', '75.90930512182034', NULL, '2020-09-05 13:24:39'),
(1055, 57, '19', '22.70509243013589', '75.90930512182034', NULL, '2020-09-05 13:24:43'),
(1056, 57, '19', '22.70509243013589', '75.90930512182034', NULL, '2020-09-05 13:24:45'),
(1057, 57, '19', '22.70509243013589', '75.90930512182034', NULL, '2020-09-05 13:24:45'),
(1058, 57, '19', '22.70509243013589', '75.90930512182034', NULL, '2020-09-05 13:24:49'),
(1059, 57, '19', '22.70509243013589', '75.90930512182034', NULL, '2020-09-05 13:24:53'),
(1060, 57, '19', '22.70509243013589', '75.90930512182034', NULL, '2020-09-05 13:24:55'),
(1061, 57, '19', '22.70509243013589', '75.90930512182034', NULL, '2020-09-05 13:24:55'),
(1062, 57, '19', '22.70509243013589', '75.90930512182034', NULL, '2020-09-05 13:24:59'),
(1063, 57, '19', '22.70509243013589', '75.90930512182034', NULL, '2020-09-05 13:25:03'),
(1064, 57, '19', '22.70509243013589', '75.90930512182034', NULL, '2020-09-05 13:25:05'),
(1065, 57, '19', '22.70509243013589', '75.90930512182034', NULL, '2020-09-05 13:25:06'),
(1066, 57, '19', '22.70509243013589', '75.90930512182034', NULL, '2020-09-05 13:25:10'),
(1067, 57, '19', '22.70509243013589', '75.90930512182034', NULL, '2020-09-05 13:25:13'),
(1068, 57, '19', '22.70509243013589', '75.90930512182034', NULL, '2020-09-05 13:25:15'),
(1069, 57, '19', '22.70509243013589', '75.90930512182034', NULL, '2020-09-05 13:25:15'),
(1070, 57, '19', '22.70509243013589', '75.90930512182034', NULL, '2020-09-05 13:25:19'),
(1071, 57, '19', '22.70509243013589', '75.90930512182034', NULL, '2020-09-05 13:25:24'),
(1072, 57, '19', '22.70509243013589', '75.90930512182034', NULL, '2020-09-05 13:25:25'),
(1073, 57, '19', '22.70509243013589', '75.90930512182034', NULL, '2020-09-05 13:25:25'),
(1074, 57, '19', '22.70509243013589', '75.90930512182034', NULL, '2020-09-05 13:25:29'),
(1075, 57, '19', '22.70509243013589', '75.90930512182034', NULL, '2020-09-05 13:25:33'),
(1076, 57, '19', '22.70509243013589', '75.90930512182034', NULL, '2020-09-05 13:25:35'),
(1077, 57, '19', '22.70509243013589', '75.90930512182034', NULL, '2020-09-05 13:25:35'),
(1078, 57, '19', '22.70509243013589', '75.90930512182034', NULL, '2020-09-05 13:25:39'),
(1079, 57, '19', '22.70509243013589', '75.90930512182034', NULL, '2020-09-05 13:25:43'),
(1080, 57, '19', '22.70509243013589', '75.90930512182034', NULL, '2020-09-05 13:25:45'),
(1081, 57, '19', '22.70509243013589', '75.90930512182034', NULL, '2020-09-05 13:25:45'),
(1082, 57, '19', '22.70509243013589', '75.90930512182034', NULL, '2020-09-05 13:25:49'),
(1083, 57, '19', '22.70509243013589', '75.90930512182034', NULL, '2020-09-05 13:25:53'),
(1084, 57, '19', '22.70509243013589', '75.90930512182034', NULL, '2020-09-05 13:25:55'),
(1085, 57, '19', '22.70509243013589', '75.90930512182034', NULL, '2020-09-05 13:25:55'),
(1086, 57, '19', '22.70509243013589', '75.90930512182034', NULL, '2020-09-05 13:25:59'),
(1087, 57, '19', '22.70509243013589', '75.90930512182034', NULL, '2020-09-05 13:26:03'),
(1088, 57, '19', '22.70509243013589', '75.90930512182034', NULL, '2020-09-05 13:26:05'),
(1089, 57, '19', '22.70509243013589', '75.90930512182034', NULL, '2020-09-05 13:26:05'),
(1090, 57, '19', '22.70509243013589', '75.90930512182034', NULL, '2020-09-05 13:26:10'),
(1091, 57, '19', '22.70509243013589', '75.90930512182034', NULL, '2020-09-05 13:26:13'),
(1092, 57, '19', '22.70509243013589', '75.90930512182034', NULL, '2020-09-05 13:26:15'),
(1093, 57, '19', '22.70509243013589', '75.90930512182034', NULL, '2020-09-05 13:26:15'),
(1094, 57, '19', '22.70509243013589', '75.90930512182034', NULL, '2020-09-05 13:26:19'),
(1095, 57, '19', '22.70509243013589', '75.90930512182034', NULL, '2020-09-05 13:26:23'),
(1096, 57, '19', '22.70509243013589', '75.90930512182034', NULL, '2020-09-05 13:26:25'),
(1097, 57, '19', '22.70509243013589', '75.90930512182034', NULL, '2020-09-05 13:26:25'),
(1098, 57, '19', '22.70509243013589', '75.90930512182034', NULL, '2020-09-05 13:26:29'),
(1099, 57, '19', '22.70509243013589', '75.90930512182034', NULL, '2020-09-05 13:26:33'),
(1100, 57, '19', '22.70509243013589', '75.90930512182034', NULL, '2020-09-05 13:26:35'),
(1101, 57, '19', '22.70509243013589', '75.90930512182034', NULL, '2020-09-05 13:26:35'),
(1102, 57, '19', '22.70509243013589', '75.90930512182034', NULL, '2020-09-05 13:26:39'),
(1103, 57, '19', '22.70509243013589', '75.90930512182034', NULL, '2020-09-05 13:26:43'),
(1104, 57, '19', '22.70509243013589', '75.90930512182034', NULL, '2020-09-05 13:26:45'),
(1105, 57, '19', '22.70509243013589', '75.90930512182034', NULL, '2020-09-05 13:26:45'),
(1106, 57, '19', '22.70509243013589', '75.90930512182034', NULL, '2020-09-05 13:26:49'),
(1107, 57, '19', '22.70509243013589', '75.90930512182034', NULL, '2020-09-05 13:26:53'),
(1108, 57, '19', '22.70509243013589', '75.90930512182034', NULL, '2020-09-05 13:26:55'),
(1109, 57, '19', '22.70509243013589', '75.90930512182034', NULL, '2020-09-05 13:26:56'),
(1110, 57, '19', '22.70509243013589', '75.90930512182034', NULL, '2020-09-05 13:27:00'),
(1111, 57, '19', '22.70509243013589', '75.90930512182034', NULL, '2020-09-05 13:27:03'),
(1112, 57, '19', '22.70509243013589', '75.90930512182034', NULL, '2020-09-05 13:27:05'),
(1113, 57, '19', '22.70509243013589', '75.90930512182034', NULL, '2020-09-05 13:27:05'),
(1114, 57, '19', '22.70509243013589', '75.90930512182034', NULL, '2020-09-05 13:27:10'),
(1115, 57, '19', '22.70509243013589', '75.90930512182034', NULL, '2020-09-05 13:27:13'),
(1116, 57, '19', '22.70509243013589', '75.90930512182034', NULL, '2020-09-05 13:27:15'),
(1117, 57, '19', '22.70509243013589', '75.90930512182034', NULL, '2020-09-05 13:27:15'),
(1118, 57, '19', '22.70509243013589', '75.90930512182034', NULL, '2020-09-05 13:27:20'),
(1119, 57, '19', '22.70509243013589', '75.90930512182034', NULL, '2020-09-05 13:27:23'),
(1120, 57, '19', '22.70509243013589', '75.90930512182034', NULL, '2020-09-05 13:27:25'),
(1121, 57, '19', '22.70509243013589', '75.90930512182034', NULL, '2020-09-05 13:27:25'),
(1122, 57, '19', '22.70509243013589', '75.90930512182034', NULL, '2020-09-05 13:27:29'),
(1123, 57, '19', '22.70509243013589', '75.90930512182034', NULL, '2020-09-05 13:27:33'),
(1124, 57, '19', '22.70509243013589', '75.90930512182034', NULL, '2020-09-05 13:27:35'),
(1125, 57, '19', '22.70509243013589', '75.90930512182034', NULL, '2020-09-05 13:27:35'),
(1126, 57, '19', '22.70509243013589', '75.90930512182034', NULL, '2020-09-05 13:27:40'),
(1127, 57, '', '22.70509955882524', '75.90951545072156', NULL, '2020-09-05 13:37:26'),
(1128, 57, '19', '22.70508384221801', '75.9093381810908', NULL, '2020-09-05 13:38:41'),
(1129, 57, '19', '22.70510403907178', '75.90924032970882', NULL, '2020-09-05 13:38:49'),
(1130, 57, '19', '22.70510403907178', '75.90924032970882', NULL, '2020-09-05 13:38:51'),
(1131, 57, '19', '22.70510403907178', '75.90924032970882', NULL, '2020-09-05 13:38:59'),
(1132, 57, '19', '22.70510403907178', '75.90924032970882', NULL, '2020-09-05 13:39:01'),
(1133, 57, '19', '22.70510403907178', '75.90924032970882', NULL, '2020-09-05 13:39:08'),
(1134, 57, '19', '22.70510403907178', '75.90924032970882', NULL, '2020-09-05 13:39:09'),
(1135, 57, '19', '22.70510403907178', '75.90924032970882', NULL, '2020-09-05 13:39:11'),
(1136, 57, '19', '22.70510403907178', '75.90924032970882', NULL, '2020-09-05 13:39:13'),
(1137, 57, '19', '22.70510403907178', '75.90924032970882', NULL, '2020-09-05 13:39:19'),
(1138, 57, '19', '22.70510403907178', '75.90924032970882', NULL, '2020-09-05 13:39:19'),
(1139, 57, '19', '22.70510403907178', '75.90924032970882', NULL, '2020-09-05 13:39:21'),
(1140, 57, '19', '22.70510403907178', '75.90924032970882', NULL, '2020-09-05 13:39:22'),
(1141, 57, '19', '22.70510403907178', '75.90924032970882', NULL, '2020-09-05 13:39:28'),
(1142, 57, '19', '22.70510403907178', '75.90924032970882', NULL, '2020-09-05 13:39:30'),
(1143, 57, '19', '22.70510403907178', '75.90924032970882', NULL, '2020-09-05 13:39:32'),
(1144, 57, '19', '22.70510403907178', '75.90924032970882', NULL, '2020-09-05 13:39:32'),
(1145, 57, '19', '22.70510403907178', '75.90924032970882', NULL, '2020-09-05 13:39:38'),
(1146, 57, '19', '22.70510403907178', '75.90924032970882', NULL, '2020-09-05 13:39:39'),
(1147, 57, '19', '22.70510403907178', '75.90924032970882', NULL, '2020-09-05 13:39:41'),
(1148, 57, '19', '22.70510403907178', '75.90924032970882', NULL, '2020-09-05 13:39:43'),
(1149, 57, '19', '22.70510403907178', '75.90924032970882', NULL, '2020-09-05 13:39:48'),
(1150, 57, '19', '22.70510403907178', '75.90924032970882', NULL, '2020-09-05 13:39:49'),
(1151, 57, '19', '22.70510403907178', '75.90924032970882', NULL, '2020-09-05 13:39:51'),
(1152, 57, '19', '22.70510403907178', '75.90924032970882', NULL, '2020-09-05 13:39:52'),
(1153, 57, '19', '22.70510403907178', '75.90924032970882', NULL, '2020-09-05 13:39:58'),
(1154, 57, '19', '22.70510403907178', '75.90924032970882', NULL, '2020-09-05 13:39:59'),
(1155, 57, '19', '22.70510403907178', '75.90924032970882', NULL, '2020-09-05 13:40:02'),
(1156, 57, '19', '22.70510403907178', '75.90924032970882', NULL, '2020-09-05 13:40:02'),
(1157, 57, '19', '22.70510403907178', '75.90924032970882', NULL, '2020-09-05 13:40:08'),
(1158, 57, '19', '22.70510403907178', '75.90924032970882', NULL, '2020-09-05 13:40:09'),
(1159, 57, '19', '22.70510403907178', '75.90924032970882', NULL, '2020-09-05 13:40:11'),
(1160, 57, '19', '22.70510403907178', '75.90924032970882', NULL, '2020-09-05 13:40:12'),
(1161, 57, '19', '22.70510403907178', '75.90924032970882', NULL, '2020-09-05 13:40:18'),
(1162, 57, '19', '22.70510403907178', '75.90924032970882', NULL, '2020-09-05 13:40:19'),
(1163, 57, '19', '22.70510403907178', '75.90924032970882', NULL, '2020-09-05 13:40:21'),
(1164, 57, '19', '22.70510403907178', '75.90924032970882', NULL, '2020-09-05 13:40:22'),
(1165, 57, '19', '22.70510403907178', '75.90924032970882', NULL, '2020-09-05 13:40:28'),
(1166, 57, '19', '22.70510403907178', '75.90924032970882', NULL, '2020-09-05 13:40:29'),
(1167, 57, '19', '22.70510403907178', '75.90924032970882', NULL, '2020-09-05 13:40:31'),
(1168, 57, '19', '22.70510403907178', '75.90924032970882', NULL, '2020-09-05 13:40:32'),
(1169, 57, '19', '22.70510403907178', '75.90924032970882', NULL, '2020-09-05 13:40:38'),
(1170, 57, '19', '22.70510403907178', '75.90924032970882', NULL, '2020-09-05 13:40:39'),
(1171, 57, '19', '22.70510403907178', '75.90924032970882', NULL, '2020-09-05 13:40:42'),
(1172, 57, '19', '22.70510403907178', '75.90924032970882', NULL, '2020-09-05 13:40:42'),
(1173, 57, '19', '22.70510403907178', '75.90924032970882', NULL, '2020-09-05 13:40:48'),
(1174, 57, '19', '22.70510403907178', '75.90924032970882', NULL, '2020-09-05 13:40:49'),
(1175, 57, '19', '22.70510403907178', '75.90924032970882', NULL, '2020-09-05 13:40:51'),
(1176, 57, '19', '22.70510403907178', '75.90924032970882', NULL, '2020-09-05 13:40:52'),
(1177, 57, '19', '22.70510403907178', '75.90924032970882', NULL, '2020-09-05 13:40:58'),
(1178, 57, '19', '22.70510403907178', '75.90924032970882', NULL, '2020-09-05 13:40:59'),
(1179, 57, '19', '22.70510403907178', '75.90924032970882', NULL, '2020-09-05 13:41:01'),
(1180, 57, '19', '22.70510403907178', '75.90924032970882', NULL, '2020-09-05 13:41:02'),
(1181, 57, '19', '22.70510403907178', '75.90924032970882', NULL, '2020-09-05 13:41:08'),
(1182, 57, '19', '22.70510403907178', '75.90924032970882', NULL, '2020-09-05 13:41:09'),
(1183, 57, '19', '22.70510403907178', '75.90924032970882', NULL, '2020-09-05 13:41:11'),
(1184, 57, '19', '22.70510403907178', '75.90924032970882', NULL, '2020-09-05 13:41:12'),
(1185, 57, '19', '22.70510403907178', '75.90924032970882', NULL, '2020-09-05 13:41:18'),
(1186, 57, '19', '22.70510403907178', '75.90924032970882', NULL, '2020-09-05 13:41:19'),
(1187, 57, '19', '22.70510403907178', '75.90924032970882', NULL, '2020-09-05 13:41:21'),
(1188, 57, '19', '22.70510403907178', '75.90924032970882', NULL, '2020-09-05 13:41:22'),
(1189, 57, '19', '22.70510403907178', '75.90924032970882', NULL, '2020-09-05 13:41:28'),
(1190, 57, '19', '22.70510403907178', '75.90924032970882', NULL, '2020-09-05 13:41:29'),
(1191, 57, '19', '22.70510403907178', '75.90924032970882', NULL, '2020-09-05 13:41:31'),
(1192, 57, '19', '22.70510403907178', '75.90924032970882', NULL, '2020-09-05 13:41:32'),
(1193, 57, '19', '22.70510403907178', '75.90924032970882', NULL, '2020-09-05 13:41:38'),
(1194, 57, '19', '22.70510403907178', '75.90924032970882', NULL, '2020-09-05 13:41:39'),
(1195, 57, '19', '22.70510403907178', '75.90924032970882', NULL, '2020-09-05 13:41:41'),
(1196, 57, '19', '22.70510403907178', '75.90924032970882', NULL, '2020-09-05 13:41:42'),
(1197, 57, '19', '22.70510403907178', '75.90924032970882', NULL, '2020-09-05 13:41:48'),
(1198, 57, '19', '22.70510403907178', '75.90924032970882', NULL, '2020-09-05 13:41:49'),
(1199, 57, '19', '22.70510403907178', '75.90924032970882', NULL, '2020-09-05 13:41:51'),
(1200, 57, '19', '22.70510403907178', '75.90924032970882', NULL, '2020-09-05 13:41:52');
INSERT INTO `save_lat_long` (`id`, `chaperone_id`, `trip_id`, `latitude`, `longitude`, `travel_time`, `created_date`) VALUES
(1201, 57, '19', '22.70510403907178', '75.90924032970882', NULL, '2020-09-05 13:41:58'),
(1202, 57, '19', '22.70510403907178', '75.90924032970882', NULL, '2020-09-05 13:41:59'),
(1203, 57, '19', '22.70510403907178', '75.90924032970882', NULL, '2020-09-05 13:42:01'),
(1204, 57, '19', '22.70510403907178', '75.90924032970882', NULL, '2020-09-05 13:42:02'),
(1205, 57, '19', '22.70510403907178', '75.90924032970882', NULL, '2020-09-05 13:42:08'),
(1206, 57, '19', '22.70510403907178', '75.90924032970882', NULL, '2020-09-05 13:42:09'),
(1207, 57, '19', '22.70510403907178', '75.90924032970882', NULL, '2020-09-05 13:42:11'),
(1208, 57, '19', '22.70510403907178', '75.90924032970882', NULL, '2020-09-05 13:42:12'),
(1209, 57, '19', '22.70510403907178', '75.90924032970882', NULL, '2020-09-05 13:42:19'),
(1210, 57, '19', '22.70510403907178', '75.90924032970882', NULL, '2020-09-05 13:42:19'),
(1211, 57, '19', '22.70510403907178', '75.90924032970882', NULL, '2020-09-05 13:42:21'),
(1212, 57, '19', '22.70510403907178', '75.90924032970882', NULL, '2020-09-05 13:42:22'),
(1213, 57, '19', '22.70510403907178', '75.90924032970882', NULL, '2020-09-05 13:42:28'),
(1214, 57, '19', '22.70510403907178', '75.90924032970882', NULL, '2020-09-05 13:42:29'),
(1215, 57, '19', '22.70510403907178', '75.90924032970882', NULL, '2020-09-05 13:42:31'),
(1216, 57, '19', '22.70510403907178', '75.90924032970882', NULL, '2020-09-05 13:42:32'),
(1217, 57, '19', '22.70510403907178', '75.90924032970882', NULL, '2020-09-05 13:42:38'),
(1218, 57, '19', '22.70510403907178', '75.90924032970882', NULL, '2020-09-05 13:42:39'),
(1219, 57, '19', '22.70510403907178', '75.90924032970882', NULL, '2020-09-05 13:42:41'),
(1220, 57, '19', '22.70510403907178', '75.90924032970882', NULL, '2020-09-05 13:42:42'),
(1221, 57, '19', '22.70510403907178', '75.90924032970882', NULL, '2020-09-05 13:42:48'),
(1222, 57, '19', '22.70510403907178', '75.90924032970882', NULL, '2020-09-05 13:42:49'),
(1223, 57, '19', '22.70510403907178', '75.90924032970882', NULL, '2020-09-05 13:42:51'),
(1224, 57, '19', '22.70510403907178', '75.90924032970882', NULL, '2020-09-05 13:42:52'),
(1225, 57, '19', '22.70510403907178', '75.90924032970882', NULL, '2020-09-05 13:42:58'),
(1226, 57, '19', '22.70510403907178', '75.90924032970882', NULL, '2020-09-05 13:42:59'),
(1227, 57, '19', '22.70510403907178', '75.90924032970882', NULL, '2020-09-05 13:43:01'),
(1228, 57, '19', '22.70510403907178', '75.90924032970882', NULL, '2020-09-05 13:43:02'),
(1229, 57, '19', '22.70510403907178', '75.90924032970882', NULL, '2020-09-05 13:43:08'),
(1230, 57, '19', '22.70510403907178', '75.90924032970882', NULL, '2020-09-05 13:43:09'),
(1231, 57, '19', '22.70510403907178', '75.90924032970882', NULL, '2020-09-05 13:43:11'),
(1232, 57, '19', '22.70510403907178', '75.90924032970882', NULL, '2020-09-05 13:43:12'),
(1233, 57, '19', '22.70510403907178', '75.90924032970882', NULL, '2020-09-05 13:43:18'),
(1234, 57, '19', '22.70510403907178', '75.90924032970882', NULL, '2020-09-05 13:43:19'),
(1235, 57, '19', '22.70510403907178', '75.90924032970882', NULL, '2020-09-05 13:43:21'),
(1236, 57, '19', '22.70510403907178', '75.90924032970882', NULL, '2020-09-05 13:43:22'),
(1237, 57, '19', '22.70510403907178', '75.90924032970882', NULL, '2020-09-05 13:43:28'),
(1238, 57, '19', '22.70510403907178', '75.90924032970882', NULL, '2020-09-05 13:43:29'),
(1239, 57, '19', '22.70510403907178', '75.90924032970882', NULL, '2020-09-05 13:43:31'),
(1240, 57, '19', '22.70510403907178', '75.90924032970882', NULL, '2020-09-05 13:43:32'),
(1241, 57, '19', '22.70510403907178', '75.90924032970882', NULL, '2020-09-05 13:43:38'),
(1242, 57, '19', '22.70510403907178', '75.90924032970882', NULL, '2020-09-05 13:43:39'),
(1243, 57, '19', '22.70510403907178', '75.90924032970882', NULL, '2020-09-05 13:43:41'),
(1244, 57, '19', '22.70510403907178', '75.90924032970882', NULL, '2020-09-05 13:43:42'),
(1245, 57, '19', '22.70510403907178', '75.90924032970882', NULL, '2020-09-05 13:43:48'),
(1246, 57, '19', '22.70510403907178', '75.90924032970882', NULL, '2020-09-05 13:43:49'),
(1247, 57, '19', '22.70510403907178', '75.90924032970882', NULL, '2020-09-05 13:43:51'),
(1248, 57, '19', '22.70510403907178', '75.90924032970882', NULL, '2020-09-05 13:43:52'),
(1249, 57, '19', '22.70510403907178', '75.90924032970882', NULL, '2020-09-05 13:43:52'),
(1250, 57, '19', '22.70510403907178', '75.90924032970882', NULL, '2020-09-05 13:43:58'),
(1251, 57, '19', '22.70510403907178', '75.90924032970882', NULL, '2020-09-05 13:43:59'),
(1252, 57, '19', '22.70510403907178', '75.90924032970882', NULL, '2020-09-05 13:44:01'),
(1253, 57, '19', '22.70510403907178', '75.90924032970882', NULL, '2020-09-05 13:44:02'),
(1254, 57, '19', '22.70510403907178', '75.90924032970882', NULL, '2020-09-05 13:44:02'),
(1255, 57, '19', '22.70510403907178', '75.90924032970882', NULL, '2020-09-05 13:44:07'),
(1256, 57, '19', '22.70510403907178', '75.90924032970882', NULL, '2020-09-05 13:44:08'),
(1257, 57, '19', '22.70510403907178', '75.90924032970882', NULL, '2020-09-05 13:44:09'),
(1258, 57, '19', '22.70510403907178', '75.90924032970882', NULL, '2020-09-05 13:44:11'),
(1259, 57, '19', '22.70510403907178', '75.90924032970882', NULL, '2020-09-05 13:44:12'),
(1260, 57, '19', '22.70510403907178', '75.90924032970882', NULL, '2020-09-05 13:44:12'),
(1261, 57, '19', '22.70510403907178', '75.90924032970882', NULL, '2020-09-05 13:44:16'),
(1262, 57, '19', '22.70510403907178', '75.90924032970882', NULL, '2020-09-05 13:44:17'),
(1263, 57, '19', '22.70510403907178', '75.90924032970882', NULL, '2020-09-05 13:44:18'),
(1264, 57, '19', '22.70510403907178', '75.90924032970882', NULL, '2020-09-05 13:44:19'),
(1265, 57, '19', '22.70510403907178', '75.90924032970882', NULL, '2020-09-05 13:44:21'),
(1266, 57, '19', '22.70510403907178', '75.90924032970882', NULL, '2020-09-05 13:44:22'),
(1267, 57, '19', '22.70510403907178', '75.90924032970882', NULL, '2020-09-05 13:44:22'),
(1268, 57, '19', '22.70510403907178', '75.90924032970882', NULL, '2020-09-05 13:44:26'),
(1269, 57, '19', '22.70510403907178', '75.90924032970882', NULL, '2020-09-05 13:44:27'),
(1270, 57, '19', '22.70510403907178', '75.90924032970882', NULL, '2020-09-05 13:44:28'),
(1271, 57, '19', '22.70510403907178', '75.90924032970882', NULL, '2020-09-05 13:44:29'),
(1272, 57, '19', '22.70510403907178', '75.90924032970882', NULL, '2020-09-05 13:44:31'),
(1273, 57, '19', '22.70510403907178', '75.90924032970882', NULL, '2020-09-05 13:44:32'),
(1274, 57, '19', '22.70510403907178', '75.90924032970882', NULL, '2020-09-05 13:44:32'),
(1275, 57, '19', '22.70510403907178', '75.90924032970882', NULL, '2020-09-05 13:44:36'),
(1276, 57, '19', '22.70510403907178', '75.90924032970882', NULL, '2020-09-05 13:44:37'),
(1277, 57, '19', '22.70510403907178', '75.90924032970882', NULL, '2020-09-05 13:44:38'),
(1278, 57, '19', '22.70510403907178', '75.90924032970882', NULL, '2020-09-05 13:44:39'),
(1279, 57, '19', '22.70510403907178', '75.90924032970882', NULL, '2020-09-05 13:44:41'),
(1280, 57, '19', '22.70510403907178', '75.90924032970882', NULL, '2020-09-05 13:44:42'),
(1281, 57, '19', '22.70510403907178', '75.90924032970882', NULL, '2020-09-05 13:44:42'),
(1282, 57, '19', '22.70510403907178', '75.90924032970882', NULL, '2020-09-05 13:44:47'),
(1283, 57, '19', '22.70510403907178', '75.90924032970882', NULL, '2020-09-05 13:44:47'),
(1284, 57, '19', '22.70510403907178', '75.90924032970882', NULL, '2020-09-05 13:44:48'),
(1285, 57, '19', '22.70510403907178', '75.90924032970882', NULL, '2020-09-05 13:44:49'),
(1286, 57, '19', '22.70510403907178', '75.90924032970882', NULL, '2020-09-05 13:44:51'),
(1287, 57, '19', '22.70510403907178', '75.90924032970882', NULL, '2020-09-05 13:44:52'),
(1288, 57, '19', '22.70510403907178', '75.90924032970882', NULL, '2020-09-05 13:44:52'),
(1289, 57, '19', '22.70510403907178', '75.90924032970882', NULL, '2020-09-05 13:44:56'),
(1290, 57, '19', '22.70510403907178', '75.90924032970882', NULL, '2020-09-05 13:44:57'),
(1291, 57, '19', '22.70510403907178', '75.90924032970882', NULL, '2020-09-05 13:44:58'),
(1292, 57, '19', '22.70510403907178', '75.90924032970882', NULL, '2020-09-05 13:44:59'),
(1293, 57, '19', '22.70510403907178', '75.90924032970882', NULL, '2020-09-05 13:45:01'),
(1294, 57, '19', '22.70510403907178', '75.90924032970882', NULL, '2020-09-05 13:45:02'),
(1295, 57, '19', '22.70510403907178', '75.90924032970882', NULL, '2020-09-05 13:45:03'),
(1296, 57, '19', '22.70510403907178', '75.90924032970882', NULL, '2020-09-05 13:45:06'),
(1297, 57, '19', '22.70510403907178', '75.90924032970882', NULL, '2020-09-05 13:45:07'),
(1298, 57, '19', '22.70510403907178', '75.90924032970882', NULL, '2020-09-05 13:45:08'),
(1299, 57, '19', '22.70510403907178', '75.90924032970882', NULL, '2020-09-05 13:45:09'),
(1300, 57, '19', '22.70510403907178', '75.90924032970882', NULL, '2020-09-05 13:45:11'),
(1301, 57, '19', '22.70510403907178', '75.90924032970882', NULL, '2020-09-05 13:45:12'),
(1302, 57, '19', '22.70510403907178', '75.90924032970882', NULL, '2020-09-05 13:45:12'),
(1303, 57, '19', '22.70510403907178', '75.90924032970882', NULL, '2020-09-05 13:45:17'),
(1304, 57, '19', '22.70510403907178', '75.90924032970882', NULL, '2020-09-05 13:45:17'),
(1305, 57, '19', '22.70510403907178', '75.90924032970882', NULL, '2020-09-05 13:45:18'),
(1306, 57, '19', '22.70510403907178', '75.90924032970882', NULL, '2020-09-05 13:45:19'),
(1307, 57, '19', '22.70510403907178', '75.90924032970882', NULL, '2020-09-05 13:45:21'),
(1308, 57, '19', '22.70510403907178', '75.90924032970882', NULL, '2020-09-05 13:45:22'),
(1309, 57, '19', '22.70510403907178', '75.90924032970882', NULL, '2020-09-05 13:45:22'),
(1310, 57, '19', '22.70510403907178', '75.90924032970882', NULL, '2020-09-05 13:45:26'),
(1311, 57, '19', '22.70510403907178', '75.90924032970882', NULL, '2020-09-05 13:45:27'),
(1312, 57, '19', '22.70510403907178', '75.90924032970882', NULL, '2020-09-05 13:45:28'),
(1313, 57, '19', '22.70510403907178', '75.90924032970882', NULL, '2020-09-05 13:45:29'),
(1314, 57, '19', '22.70510403907178', '75.90924032970882', NULL, '2020-09-05 13:45:31'),
(1315, 57, '19', '22.70510403907178', '75.90924032970882', NULL, '2020-09-05 13:45:32'),
(1316, 57, '19', '22.70510403907178', '75.90924032970882', NULL, '2020-09-05 13:45:32'),
(1317, 57, '19', '22.70510403907178', '75.90924032970882', NULL, '2020-09-05 13:45:36'),
(1318, 57, '19', '22.70510403907178', '75.90924032970882', NULL, '2020-09-05 13:45:37'),
(1319, 57, '19', '22.70510403907178', '75.90924032970882', NULL, '2020-09-05 13:45:38'),
(1320, 57, '19', '22.70510403907178', '75.90924032970882', NULL, '2020-09-05 13:45:39'),
(1321, 57, '19', '22.70510403907178', '75.90924032970882', NULL, '2020-09-05 13:45:41'),
(1322, 57, '19', '22.70510403907178', '75.90924032970882', NULL, '2020-09-05 13:45:42'),
(1323, 57, '19', '22.70510403907178', '75.90924032970882', NULL, '2020-09-05 13:45:42'),
(1324, 57, '19', '22.70510403907178', '75.90924032970882', NULL, '2020-09-05 13:45:46'),
(1325, 57, '19', '22.70510403907178', '75.90924032970882', NULL, '2020-09-05 13:45:47'),
(1326, 57, '19', '22.70510403907178', '75.90924032970882', NULL, '2020-09-05 13:45:48'),
(1327, 57, '19', '22.70510403907178', '75.90924032970882', NULL, '2020-09-05 13:45:49'),
(1328, 57, '19', '22.70510403907178', '75.90924032970882', NULL, '2020-09-05 13:45:51'),
(1329, 57, '19', '22.70510403907178', '75.90924032970882', NULL, '2020-09-05 13:45:52'),
(1330, 57, '19', '22.70510403907178', '75.90924032970882', NULL, '2020-09-05 13:45:52'),
(1331, 57, '19', '22.70510403907178', '75.90924032970882', NULL, '2020-09-05 13:45:56'),
(1332, 57, '19', '22.70510403907178', '75.90924032970882', NULL, '2020-09-05 13:45:57'),
(1333, 57, '19', '22.70510403907178', '75.90924032970882', NULL, '2020-09-05 13:45:58'),
(1334, 57, '19', '22.70510403907178', '75.90924032970882', NULL, '2020-09-05 13:45:59'),
(1335, 57, '19', '22.70510403907178', '75.90924032970882', NULL, '2020-09-05 13:46:01'),
(1336, 57, '19', '22.70510403907178', '75.90924032970882', NULL, '2020-09-05 13:46:02'),
(1337, 57, '19', '22.70510403907178', '75.90924032970882', NULL, '2020-09-05 13:46:02'),
(1338, 57, '19', '22.70510403907178', '75.90924032970882', NULL, '2020-09-05 13:46:07'),
(1339, 57, '19', '22.70510403907178', '75.90924032970882', NULL, '2020-09-05 13:46:07'),
(1340, 57, '19', '22.70510403907178', '75.90924032970882', NULL, '2020-09-05 13:46:08'),
(1341, 57, '19', '22.70510403907178', '75.90924032970882', NULL, '2020-09-05 13:46:09'),
(1342, 57, '19', '22.70510403907178', '75.90924032970882', NULL, '2020-09-05 13:46:11'),
(1343, 57, '19', '22.70510403907178', '75.90924032970882', NULL, '2020-09-05 13:46:12'),
(1344, 57, '19', '22.70510403907178', '75.90924032970882', NULL, '2020-09-05 13:46:12'),
(1345, 57, '19', '22.70510403907178', '75.90924032970882', NULL, '2020-09-05 13:46:16'),
(1346, 57, '19', '22.70510403907178', '75.90924032970882', NULL, '2020-09-05 13:46:17'),
(1347, 57, '19', '22.70510403907178', '75.90924032970882', NULL, '2020-09-05 13:46:18'),
(1348, 57, '19', '22.70510403907178', '75.90924032970882', NULL, '2020-09-05 13:46:19'),
(1349, 57, '19', '22.70510403907178', '75.90924032970882', NULL, '2020-09-05 13:46:21'),
(1350, 57, '19', '22.70510403907178', '75.90924032970882', NULL, '2020-09-05 13:46:22'),
(1351, 57, '19', '22.70510403907178', '75.90924032970882', NULL, '2020-09-05 13:46:22'),
(1352, 57, '19', '22.70510403907178', '75.90924032970882', NULL, '2020-09-05 13:46:26'),
(1353, 57, '19', '22.70510403907178', '75.90924032970882', NULL, '2020-09-05 13:46:27'),
(1354, 57, '19', '22.70510403907178', '75.90924032970882', NULL, '2020-09-05 13:46:28'),
(1355, 57, '19', '22.70510403907178', '75.90924032970882', NULL, '2020-09-05 13:46:29'),
(1356, 57, '19', '22.70510403907178', '75.90924032970882', NULL, '2020-09-05 13:46:31'),
(1357, 57, '19', '22.70510403907178', '75.90924032970882', NULL, '2020-09-05 13:46:32'),
(1358, 57, '19', '22.70510403907178', '75.90924032970882', NULL, '2020-09-05 13:46:32'),
(1359, 57, '19', '22.70510403907178', '75.90924032970882', NULL, '2020-09-05 13:46:36'),
(1360, 57, '19', '22.70510403907178', '75.90924032970882', NULL, '2020-09-05 13:46:37'),
(1361, 57, '19', '22.70510403907178', '75.90924032970882', NULL, '2020-09-05 13:46:38'),
(1362, 57, '19', '22.70510403907178', '75.90924032970882', NULL, '2020-09-05 13:46:39'),
(1363, 57, '19', '22.70510403907178', '75.90924032970882', NULL, '2020-09-05 13:46:41'),
(1364, 57, '19', '22.70510403907178', '75.90924032970882', NULL, '2020-09-05 13:46:42'),
(1365, 57, '19', '22.70510403907178', '75.90924032970882', NULL, '2020-09-05 13:46:42'),
(1366, 57, '19', '22.70510403907178', '75.90924032970882', NULL, '2020-09-05 13:46:46'),
(1367, 57, '19', '22.70510403907178', '75.90924032970882', NULL, '2020-09-05 13:46:47'),
(1368, 57, '19', '22.70510403907178', '75.90924032970882', NULL, '2020-09-05 13:46:48'),
(1369, 57, '19', '22.70510403907178', '75.90924032970882', NULL, '2020-09-05 13:46:49'),
(1370, 57, '19', '22.70510403907178', '75.90924032970882', NULL, '2020-09-05 13:46:51'),
(1371, 57, '19', '22.70510403907178', '75.90924032970882', NULL, '2020-09-05 13:46:52'),
(1372, 57, '19', '22.70510403907178', '75.90924032970882', NULL, '2020-09-05 13:46:52'),
(1373, 57, '19', '22.70510403907178', '75.90924032970882', NULL, '2020-09-05 13:46:56'),
(1374, 57, '19', '22.70510403907178', '75.90924032970882', NULL, '2020-09-05 13:46:57'),
(1375, 57, '19', '22.70510403907178', '75.90924032970882', NULL, '2020-09-05 13:46:58'),
(1376, 57, '19', '22.70510403907178', '75.90924032970882', NULL, '2020-09-05 13:46:59'),
(1377, 57, '19', '22.70510403907178', '75.90924032970882', NULL, '2020-09-05 13:47:01'),
(1378, 57, '19', '22.70510403907178', '75.90924032970882', NULL, '2020-09-05 13:47:02'),
(1379, 57, '19', '22.70510403907178', '75.90924032970882', NULL, '2020-09-05 13:47:02'),
(1380, 57, '19', '22.70510403907178', '75.90924032970882', NULL, '2020-09-05 13:47:06'),
(1381, 57, '19', '22.70510403907178', '75.90924032970882', NULL, '2020-09-05 13:47:07'),
(1382, 57, '19', '22.70510403907178', '75.90924032970882', NULL, '2020-09-05 13:47:08'),
(1383, 57, '19', '22.70510403907178', '75.90924032970882', NULL, '2020-09-05 13:47:09'),
(1384, 57, '19', '22.70510403907178', '75.90924032970882', NULL, '2020-09-05 13:47:11'),
(1385, 57, '19', '22.70510403907178', '75.90924032970882', NULL, '2020-09-05 13:47:12'),
(1386, 57, '19', '22.70510403907178', '75.90924032970882', NULL, '2020-09-05 13:47:12'),
(1387, 57, '19', '22.70510403907178', '75.90924032970882', NULL, '2020-09-05 13:47:16'),
(1388, 57, '19', '22.70510403907178', '75.90924032970882', NULL, '2020-09-05 13:47:17'),
(1389, 57, '19', '22.70510403907178', '75.90924032970882', NULL, '2020-09-05 13:47:18'),
(1390, 57, '19', '22.70510403907178', '75.90924032970882', NULL, '2020-09-05 13:47:19'),
(1391, 57, '19', '22.70510403907178', '75.90924032970882', NULL, '2020-09-05 13:47:21'),
(1392, 57, '19', '22.70510403907178', '75.90924032970882', NULL, '2020-09-05 13:47:22'),
(1393, 57, '19', '22.70510403907178', '75.90924032970882', NULL, '2020-09-05 13:47:22'),
(1394, 57, '19', '22.70510403907178', '75.90924032970882', NULL, '2020-09-05 13:47:26'),
(1395, 57, '19', '22.70510403907178', '75.90924032970882', NULL, '2020-09-05 13:47:27'),
(1396, 57, '19', '22.70510403907178', '75.90924032970882', NULL, '2020-09-05 13:47:28'),
(1397, 57, '19', '22.70510403907178', '75.90924032970882', NULL, '2020-09-05 13:47:29'),
(1398, 57, '19', '22.70510403907178', '75.90924032970882', NULL, '2020-09-05 13:47:31'),
(1399, 57, '19', '22.70510403907178', '75.90924032970882', NULL, '2020-09-05 13:47:32'),
(1400, 57, '19', '22.70510403907178', '75.90924032970882', NULL, '2020-09-05 13:47:32'),
(1401, 57, '19', '22.70510403907178', '75.90924032970882', NULL, '2020-09-05 13:47:36'),
(1402, 57, '19', '22.70510403907178', '75.90924032970882', NULL, '2020-09-05 13:47:37'),
(1403, 57, '19', '22.70510403907178', '75.90924032970882', NULL, '2020-09-05 13:47:38'),
(1404, 57, '19', '22.70510403907178', '75.90924032970882', NULL, '2020-09-05 13:47:39'),
(1405, 57, '19', '22.70510403907178', '75.90924032970882', NULL, '2020-09-05 13:47:41'),
(1406, 57, '19', '22.70510403907178', '75.90924032970882', NULL, '2020-09-05 13:47:42'),
(1407, 57, '19', '22.70510403907178', '75.90924032970882', NULL, '2020-09-05 13:47:42'),
(1408, 57, '19', '22.70510403907178', '75.90924032970882', NULL, '2020-09-05 13:47:46'),
(1409, 57, '19', '22.70510403907178', '75.90924032970882', NULL, '2020-09-05 13:47:47'),
(1410, 57, '19', '22.70510403907178', '75.90924032970882', NULL, '2020-09-05 13:47:48'),
(1411, 57, '19', '22.70510403907178', '75.90924032970882', NULL, '2020-09-05 13:47:49'),
(1412, 57, '19', '22.70510403907178', '75.90924032970882', NULL, '2020-09-05 13:47:51'),
(1413, 57, '19', '22.70510403907178', '75.90924032970882', NULL, '2020-09-05 13:47:52'),
(1414, 57, '19', '22.70510403907178', '75.90924032970882', NULL, '2020-09-05 13:47:52'),
(1415, 57, '19', '22.70510403907178', '75.90924032970882', NULL, '2020-09-05 13:47:56'),
(1416, 57, '19', '22.70510403907178', '75.90924032970882', NULL, '2020-09-05 13:47:57'),
(1417, 57, '19', '22.70510403907178', '75.90924032970882', NULL, '2020-09-05 13:47:58'),
(1418, 57, '19', '22.70510403907178', '75.90924032970882', NULL, '2020-09-05 13:47:59'),
(1419, 57, '19', '22.70510403907178', '75.90924032970882', NULL, '2020-09-05 13:48:01'),
(1420, 57, '19', '22.70510403907178', '75.90924032970882', NULL, '2020-09-05 13:48:02'),
(1421, 57, '19', '22.70510403907178', '75.90924032970882', NULL, '2020-09-05 13:48:02'),
(1422, 57, '19', '22.70510403907178', '75.90924032970882', NULL, '2020-09-05 13:48:06'),
(1423, 57, '19', '22.70510403907178', '75.90924032970882', NULL, '2020-09-05 13:48:07'),
(1424, 57, '19', '22.70510403907178', '75.90924032970882', NULL, '2020-09-05 13:48:08'),
(1425, 57, '19', '22.70510403907178', '75.90924032970882', NULL, '2020-09-05 13:48:09'),
(1426, 57, '19', '22.70510403907178', '75.90924032970882', NULL, '2020-09-05 13:48:11'),
(1427, 57, '19', '22.70510403907178', '75.90924032970882', NULL, '2020-09-05 13:48:12'),
(1428, 57, '19', '22.70510403907178', '75.90924032970882', NULL, '2020-09-05 13:48:12'),
(1429, 57, '19', '22.70510403907178', '75.90924032970882', NULL, '2020-09-05 13:48:17'),
(1430, 57, '19', '22.70510403907178', '75.90924032970882', NULL, '2020-09-05 13:48:17'),
(1431, 57, '19', '22.70510403907178', '75.90924032970882', NULL, '2020-09-05 13:48:18'),
(1432, 57, '19', '22.70510403907178', '75.90924032970882', NULL, '2020-09-05 13:48:19'),
(1433, 57, '19', '22.70510403907178', '75.90924032970882', NULL, '2020-09-05 13:48:21'),
(1434, 57, '19', '22.70510403907178', '75.90924032970882', NULL, '2020-09-05 13:48:22'),
(1435, 57, '19', '22.70510403907178', '75.90924032970882', NULL, '2020-09-05 13:48:22'),
(1436, 57, '19', '22.70510403907178', '75.90924032970882', NULL, '2020-09-05 13:48:26'),
(1437, 57, '19', '22.70510403907178', '75.90924032970882', NULL, '2020-09-05 13:48:27'),
(1438, 57, '19', '22.70510403907178', '75.90924032970882', NULL, '2020-09-05 13:48:28'),
(1439, 57, '19', '22.70510403907178', '75.90924032970882', NULL, '2020-09-05 13:48:29'),
(1440, 57, '19', '22.70510403907178', '75.90924032970882', NULL, '2020-09-05 13:48:31'),
(1441, 57, '19', '22.70510403907178', '75.90924032970882', NULL, '2020-09-05 13:48:32'),
(1442, 57, '19', '22.70510403907178', '75.90924032970882', NULL, '2020-09-05 13:48:32'),
(1443, 57, '19', '22.70510403907178', '75.90924032970882', NULL, '2020-09-05 13:48:36'),
(1444, 57, '19', '22.70510403907178', '75.90924032970882', NULL, '2020-09-05 13:48:37'),
(1445, 57, '19', '22.70510403907178', '75.90924032970882', NULL, '2020-09-05 13:48:38'),
(1446, 57, '19', '22.70510403907178', '75.90924032970882', NULL, '2020-09-05 13:48:39'),
(1447, 57, '19', '22.70510403907178', '75.90924032970882', NULL, '2020-09-05 13:48:41'),
(1448, 57, '19', '22.70510403907178', '75.90924032970882', NULL, '2020-09-05 13:48:42'),
(1449, 57, '19', '22.70510403907178', '75.90924032970882', NULL, '2020-09-05 13:48:42'),
(1450, 57, '19', '22.70510403907178', '75.90924032970882', NULL, '2020-09-05 13:48:46'),
(1451, 57, '19', '22.70510403907178', '75.90924032970882', NULL, '2020-09-05 13:48:48'),
(1452, 57, '19', '22.70510403907178', '75.90924032970882', NULL, '2020-09-05 13:48:48'),
(1453, 57, '19', '22.70510403907178', '75.90924032970882', NULL, '2020-09-05 13:48:49'),
(1454, 57, '19', '22.70510403907178', '75.90924032970882', NULL, '2020-09-05 13:48:51'),
(1455, 57, '19', '22.70510403907178', '75.90924032970882', NULL, '2020-09-05 13:48:52'),
(1456, 57, '19', '22.70510403907178', '75.90924032970882', NULL, '2020-09-05 13:48:52'),
(1457, 57, '19', '22.70510403907178', '75.90924032970882', NULL, '2020-09-05 13:48:56'),
(1458, 57, '19', '22.70510403907178', '75.90924032970882', NULL, '2020-09-05 13:48:57'),
(1459, 57, '19', '22.70510403907178', '75.90924032970882', NULL, '2020-09-05 13:48:58'),
(1460, 57, '19', '22.70510403907178', '75.90924032970882', NULL, '2020-09-05 13:48:59'),
(1461, 57, '19', '22.70510403907178', '75.90924032970882', NULL, '2020-09-05 13:49:01'),
(1462, 57, '19', '22.70510403907178', '75.90924032970882', NULL, '2020-09-05 13:49:03'),
(1463, 57, '19', '22.70510403907178', '75.90924032970882', NULL, '2020-09-05 13:49:04'),
(1464, 57, '19', '22.70510403907178', '75.90924032970882', NULL, '2020-09-05 13:49:11'),
(1465, 57, '19', '22.70510403907178', '75.90924032970882', NULL, '2020-09-05 13:49:11'),
(1466, 57, '19', '22.70510403907178', '75.90924032970882', NULL, '2020-09-05 13:49:12'),
(1467, 57, '19', '22.70510403907178', '75.90924032970882', NULL, '2020-09-05 13:49:12'),
(1468, 57, '19', '22.70510403907178', '75.90924032970882', NULL, '2020-09-05 13:49:18'),
(1469, 57, '19', '22.70510403907178', '75.90924032970882', NULL, '2020-09-05 13:49:18'),
(1470, 57, '19', '22.70510403907178', '75.90924032970882', NULL, '2020-09-05 13:49:18'),
(1471, 57, '19', '22.70510403907178', '75.90924032970882', NULL, '2020-09-05 13:49:21'),
(1472, 57, '19', '22.70510403907178', '75.90924032970882', NULL, '2020-09-05 13:49:21'),
(1473, 57, '19', '22.70510403907178', '75.90924032970882', NULL, '2020-09-05 13:49:21'),
(1474, 57, '19', '22.70510403907178', '75.90924032970882', NULL, '2020-09-05 13:49:21'),
(1475, 57, '19', '22.70510403907178', '75.90924032970882', NULL, '2020-09-05 13:49:40'),
(1476, 57, '19', '22.70510403907178', '75.90924032970882', NULL, '2020-09-05 13:49:40'),
(1477, 57, '19', '22.70510403907178', '75.90924032970882', NULL, '2020-09-05 13:49:42'),
(1478, 57, '19', '22.70510403907178', '75.90924032970882', NULL, '2020-09-05 13:49:45'),
(1479, 57, '19', '22.70510403907178', '75.90924032970882', NULL, '2020-09-05 13:49:46'),
(1480, 57, '19', '22.70510403907178', '75.90924032970882', NULL, '2020-09-05 13:49:46'),
(1481, 57, '19', '22.70510403907178', '75.90924032970882', NULL, '2020-09-05 13:49:46'),
(1482, 57, '19', '22.70510403907178', '75.90924032970882', NULL, '2020-09-05 13:49:50'),
(1483, 57, '19', '22.70510403907178', '75.90924032970882', NULL, '2020-09-05 13:49:50'),
(1484, 57, '19', '22.70510403907178', '75.90924032970882', NULL, '2020-09-05 13:49:55'),
(1485, 57, '19', '22.70510403907178', '75.90924032970882', NULL, '2020-09-05 13:49:59'),
(1486, 57, '19', '22.70510403907178', '75.90924032970882', NULL, '2020-09-05 13:50:00'),
(1487, 57, '19', '22.70510403907178', '75.90924032970882', NULL, '2020-09-05 13:50:00'),
(1488, 57, '19', '22.70510403907178', '75.90924032970882', NULL, '2020-09-05 13:50:00'),
(1489, 57, '19', '22.70510403907178', '75.90924032970882', NULL, '2020-09-05 13:50:02'),
(1490, 57, '19', '22.70510403907178', '75.90924032970882', NULL, '2020-09-05 13:50:02'),
(1491, 57, '19', '22.70510403907178', '75.90924032970882', NULL, '2020-09-05 13:50:02'),
(1492, 57, '19', '22.70510403907178', '75.90924032970882', NULL, '2020-09-05 13:50:04'),
(1493, 57, '19', '22.70510403907178', '75.90924032970882', NULL, '2020-09-05 13:50:05'),
(1494, 57, '19', '22.70510403907178', '75.90924032970882', NULL, '2020-09-05 13:50:05'),
(1495, 57, '19', '22.70510403907178', '75.90924032970882', NULL, '2020-09-05 13:50:05'),
(1496, 57, '19', '22.70510403907178', '75.90924032970882', NULL, '2020-09-05 13:50:06'),
(1497, 57, '19', '22.70510403907178', '75.90924032970882', NULL, '2020-09-05 13:50:06'),
(1498, 57, '19', '22.70510403907178', '75.90924032970882', NULL, '2020-09-05 13:50:07'),
(1499, 57, '19', '22.70510403907178', '75.90924032970882', NULL, '2020-09-05 13:50:07'),
(1500, 57, '19', '22.70510403907178', '75.90924032970882', NULL, '2020-09-05 13:50:08'),
(1501, 57, '19', '22.70510403907178', '75.90924032970882', NULL, '2020-09-05 13:50:08'),
(1502, 57, '19', '22.70510403907178', '75.90924032970882', NULL, '2020-09-05 13:50:09'),
(1503, 57, '19', '22.70510403907178', '75.90924032970882', NULL, '2020-09-05 13:50:09'),
(1504, 57, '19', '22.70510403907178', '75.90924032970882', NULL, '2020-09-05 13:50:10'),
(1505, 57, '19', '22.70510403907178', '75.90924032970882', NULL, '2020-09-05 13:50:10'),
(1506, 57, '19', '22.70510403907178', '75.90924032970882', NULL, '2020-09-05 13:50:11'),
(1507, 57, '19', '22.70510403907178', '75.90924032970882', NULL, '2020-09-05 13:50:11'),
(1508, 57, '19', '22.70510403907178', '75.90924032970882', NULL, '2020-09-05 13:50:12'),
(1509, 57, '19', '22.70510403907178', '75.90924032970882', NULL, '2020-09-05 13:50:12'),
(1510, 57, '19', '22.70510403907178', '75.90924032970882', NULL, '2020-09-05 13:50:13'),
(1511, 57, '19', '22.70510403907178', '75.90924032970882', NULL, '2020-09-05 13:50:16'),
(1512, 57, '19', '22.70510403907178', '75.90924032970882', NULL, '2020-09-05 13:50:17'),
(1513, 57, '19', '22.70510403907178', '75.90924032970882', NULL, '2020-09-05 13:50:18'),
(1514, 57, '19', '22.70510403907178', '75.90924032970882', NULL, '2020-09-05 13:50:19'),
(1515, 57, '19', '22.70510403907178', '75.90924032970882', NULL, '2020-09-05 13:50:21'),
(1516, 57, '19', '22.70510403907178', '75.90924032970882', NULL, '2020-09-05 13:50:22'),
(1517, 57, '19', '22.70510403907178', '75.90924032970882', NULL, '2020-09-05 13:50:22'),
(1518, 57, '19', '22.70510403907178', '75.90924032970882', NULL, '2020-09-05 13:50:24'),
(1519, 57, '19', '22.70510403907178', '75.90924032970882', NULL, '2020-09-05 13:50:24'),
(1520, 57, '19', '22.70510403907178', '75.90924032970882', NULL, '2020-09-05 13:50:26'),
(1521, 57, '19', '22.70510403907178', '75.90924032970882', NULL, '2020-09-05 13:50:27'),
(1522, 57, '19', '22.70510403907178', '75.90924032970882', NULL, '2020-09-05 13:50:28'),
(1523, 57, '19', '22.70510403907178', '75.90924032970882', NULL, '2020-09-05 13:50:29'),
(1524, 57, '19', '22.70510403907178', '75.90924032970882', NULL, '2020-09-05 13:50:31'),
(1525, 57, '19', '22.70510403907178', '75.90924032970882', NULL, '2020-09-05 13:50:32'),
(1526, 57, '19', '22.70510403907178', '75.90924032970882', NULL, '2020-09-05 13:50:32'),
(1527, 57, '19', '22.70510403907178', '75.90924032970882', NULL, '2020-09-05 13:50:36'),
(1528, 57, '19', '22.70510403907178', '75.90924032970882', NULL, '2020-09-05 13:50:37'),
(1529, 57, '19', '22.70510403907178', '75.90924032970882', NULL, '2020-09-05 13:50:38'),
(1530, 57, '19', '22.70510403907178', '75.90924032970882', NULL, '2020-09-05 13:50:39'),
(1531, 57, '19', '22.70510403907178', '75.90924032970882', NULL, '2020-09-05 13:50:41'),
(1532, 57, '19', '22.70510403907178', '75.90924032970882', NULL, '2020-09-05 13:50:42'),
(1533, 57, '19', '22.70510403907178', '75.90924032970882', NULL, '2020-09-05 13:50:42'),
(1534, 57, '19', '22.70510403907178', '75.90924032970882', NULL, '2020-09-05 13:50:46'),
(1535, 57, '19', '22.70510403907178', '75.90924032970882', NULL, '2020-09-05 13:50:47'),
(1536, 57, '19', '22.70510403907178', '75.90924032970882', NULL, '2020-09-05 13:50:48'),
(1537, 57, '19', '22.70510403907178', '75.90924032970882', NULL, '2020-09-05 13:50:49'),
(1538, 57, '19', '22.70510403907178', '75.90924032970882', NULL, '2020-09-05 13:50:51'),
(1539, 57, '19', '22.70510403907178', '75.90924032970882', NULL, '2020-09-05 13:50:52'),
(1540, 57, '19', '22.70510403907178', '75.90924032970882', NULL, '2020-09-05 13:50:52'),
(1541, 57, '19', '22.70510403907178', '75.90924032970882', NULL, '2020-09-05 13:50:57'),
(1542, 57, '19', '22.70510403907178', '75.90924032970882', NULL, '2020-09-05 13:50:57'),
(1543, 57, '19', '22.70510403907178', '75.90924032970882', NULL, '2020-09-05 13:50:58'),
(1544, 57, '19', '22.70510403907178', '75.90924032970882', NULL, '2020-09-05 13:50:59'),
(1545, 57, '19', '22.70510403907178', '75.90924032970882', NULL, '2020-09-05 13:51:01'),
(1546, 57, '19', '22.70510403907178', '75.90924032970882', NULL, '2020-09-05 13:51:02'),
(1547, 57, '19', '22.70510403907178', '75.90924032970882', NULL, '2020-09-05 13:51:02'),
(1548, 57, '19', '22.70510403907178', '75.90924032970882', NULL, '2020-09-05 13:51:06'),
(1549, 57, '19', '22.70510403907178', '75.90924032970882', NULL, '2020-09-05 13:51:07'),
(1550, 57, '19', '22.70510403907178', '75.90924032970882', NULL, '2020-09-05 13:51:08'),
(1551, 57, '19', '22.70510403907178', '75.90924032970882', NULL, '2020-09-05 13:51:09'),
(1552, 57, '19', '22.70510403907178', '75.90924032970882', NULL, '2020-09-05 13:51:11'),
(1553, 57, '19', '22.70510403907178', '75.90924032970882', NULL, '2020-09-05 13:51:12'),
(1554, 57, '19', '22.70510403907178', '75.90924032970882', NULL, '2020-09-05 13:51:12'),
(1555, 57, '19', '22.70510403907178', '75.90924032970882', NULL, '2020-09-05 13:51:16'),
(1556, 57, '19', '22.70510403907178', '75.90924032970882', NULL, '2020-09-05 13:51:17'),
(1557, 57, '19', '22.70510403907178', '75.90924032970882', NULL, '2020-09-05 13:51:18'),
(1558, 57, '19', '22.70510403907178', '75.90924032970882', NULL, '2020-09-05 13:51:19'),
(1559, 57, '19', '22.70510403907178', '75.90924032970882', NULL, '2020-09-05 13:51:21'),
(1560, 57, '19', '22.70510403907178', '75.90924032970882', NULL, '2020-09-05 13:51:22'),
(1561, 57, '19', '22.70510403907178', '75.90924032970882', NULL, '2020-09-05 13:51:22'),
(1562, 57, '19', '22.70510403907178', '75.90924032970882', NULL, '2020-09-05 13:51:27'),
(1563, 57, '19', '22.70510403907178', '75.90924032970882', NULL, '2020-09-05 13:51:27'),
(1564, 57, '19', '22.70510403907178', '75.90924032970882', NULL, '2020-09-05 13:51:29'),
(1565, 57, '19', '22.70510403907178', '75.90924032970882', NULL, '2020-09-05 13:51:29'),
(1566, 57, '19', '22.70510403907178', '75.90924032970882', NULL, '2020-09-05 13:51:31'),
(1567, 57, '19', '22.70510403907178', '75.90924032970882', NULL, '2020-09-05 13:51:32'),
(1568, 57, '19', '22.70510403907178', '75.90924032970882', NULL, '2020-09-05 13:51:32'),
(1569, 57, '19', '22.70510403907178', '75.90924032970882', NULL, '2020-09-05 13:51:37'),
(1570, 57, '19', '22.70510403907178', '75.90924032970882', NULL, '2020-09-05 13:51:38'),
(1571, 57, '19', '22.70510403907178', '75.90924032970882', NULL, '2020-09-05 13:51:38'),
(1572, 57, '19', '22.70510403907178', '75.90924032970882', NULL, '2020-09-05 13:51:39'),
(1573, 57, '19', '22.70510403907178', '75.90924032970882', NULL, '2020-09-05 13:51:41'),
(1574, 57, '19', '22.70510403907178', '75.90924032970882', NULL, '2020-09-05 13:51:42'),
(1575, 57, '19', '22.70510403907178', '75.90924032970882', NULL, '2020-09-05 13:51:42'),
(1576, 57, '19', '22.70510403907178', '75.90924032970882', NULL, '2020-09-05 13:51:46'),
(1577, 57, '19', '22.70510403907178', '75.90924032970882', NULL, '2020-09-05 13:51:47'),
(1578, 57, '19', '22.70510403907178', '75.90924032970882', NULL, '2020-09-05 13:51:48'),
(1579, 57, '19', '22.70510403907178', '75.90924032970882', NULL, '2020-09-05 13:51:49'),
(1580, 57, '19', '22.70510403907178', '75.90924032970882', NULL, '2020-09-05 13:51:51'),
(1581, 57, '19', '22.70510403907178', '75.90924032970882', NULL, '2020-09-05 13:51:52'),
(1582, 57, '19', '22.70510403907178', '75.90924032970882', NULL, '2020-09-05 13:51:52'),
(1583, 57, '19', '22.70510403907178', '75.90924032970882', NULL, '2020-09-05 13:51:57'),
(1584, 57, '19', '22.70510403907178', '75.90924032970882', NULL, '2020-09-05 13:51:57'),
(1585, 57, '19', '22.70510403907178', '75.90924032970882', NULL, '2020-09-05 13:51:58'),
(1586, 57, '19', '22.70510403907178', '75.90924032970882', NULL, '2020-09-05 13:51:59'),
(1587, 57, '19', '22.70510403907178', '75.90924032970882', NULL, '2020-09-05 13:52:01'),
(1588, 57, '19', '22.70510403907178', '75.90924032970882', NULL, '2020-09-05 13:52:03'),
(1589, 57, '19', '22.70510403907178', '75.90924032970882', NULL, '2020-09-05 13:52:03'),
(1590, 57, '19', '22.70510403907178', '75.90924032970882', NULL, '2020-09-05 13:52:08'),
(1591, 57, '19', '22.70510403907178', '75.90924032970882', NULL, '2020-09-05 13:52:09'),
(1592, 57, '19', '22.70510403907178', '75.90924032970882', NULL, '2020-09-05 13:52:09'),
(1593, 57, '19', '22.70510403907178', '75.90924032970882', NULL, '2020-09-05 13:52:12'),
(1594, 57, '19', '22.70510403907178', '75.90924032970882', NULL, '2020-09-05 13:52:14'),
(1595, 57, '19', '22.70510403907178', '75.90924032970882', NULL, '2020-09-05 13:52:14'),
(1596, 57, '19', '22.70510403907178', '75.90924032970882', NULL, '2020-09-05 13:52:16'),
(1597, 57, '19', '22.70510403907178', '75.90924032970882', NULL, '2020-09-05 13:52:19'),
(1598, 57, '19', '22.70510403907178', '75.90924032970882', NULL, '2020-09-05 13:52:21'),
(1599, 57, '19', '22.70510403907178', '75.90924032970882', NULL, '2020-09-05 13:52:22'),
(1600, 57, '19', '22.70510403907178', '75.90924032970882', NULL, '2020-09-05 13:52:23'),
(1601, 57, '19', '22.70510403907178', '75.90924032970882', NULL, '2020-09-05 13:52:24'),
(1602, 57, '19', '22.70510403907178', '75.90924032970882', NULL, '2020-09-05 13:52:25'),
(1603, 57, '19', '22.70510403907178', '75.90924032970882', NULL, '2020-09-05 13:52:26'),
(1604, 57, '19', '22.70510403907178', '75.90924032970882', NULL, '2020-09-05 13:52:27'),
(1605, 57, '19', '22.70510403907178', '75.90924032970882', NULL, '2020-09-05 13:52:27'),
(1606, 57, '19', '22.70510403907178', '75.90924032970882', NULL, '2020-09-05 13:52:28'),
(1607, 57, '19', '22.70510403907178', '75.90924032970882', NULL, '2020-09-05 13:52:29'),
(1608, 57, '19', '22.70510403907178', '75.90924032970882', NULL, '2020-09-05 13:52:31'),
(1609, 57, '19', '22.70510403907178', '75.90924032970882', NULL, '2020-09-05 13:52:32'),
(1610, 57, '19', '22.70510403907178', '75.90924032970882', NULL, '2020-09-05 13:52:32'),
(1611, 57, '19', '22.70510403907178', '75.90924032970882', NULL, '2020-09-05 13:52:37'),
(1612, 57, '19', '22.70510403907178', '75.90924032970882', NULL, '2020-09-05 13:52:37'),
(1613, 57, '19', '22.70510403907178', '75.90924032970882', NULL, '2020-09-05 13:52:38'),
(1614, 57, '19', '22.70510403907178', '75.90924032970882', NULL, '2020-09-05 13:52:39'),
(1615, 57, '19', '22.70510403907178', '75.90924032970882', NULL, '2020-09-05 13:52:41'),
(1616, 57, '19', '22.70510403907178', '75.90924032970882', NULL, '2020-09-05 13:52:42'),
(1617, 57, '19', '22.70510403907178', '75.90924032970882', NULL, '2020-09-05 13:52:42'),
(1618, 57, '19', '22.70510403907178', '75.90924032970882', NULL, '2020-09-05 13:52:46'),
(1619, 57, '19', '22.70510403907178', '75.90924032970882', NULL, '2020-09-05 13:52:47'),
(1620, 57, '19', '22.70510403907178', '75.90924032970882', NULL, '2020-09-05 13:52:48'),
(1621, 57, '19', '22.70510403907178', '75.90924032970882', NULL, '2020-09-05 13:52:49'),
(1622, 57, '19', '22.70510403907178', '75.90924032970882', NULL, '2020-09-05 13:52:51'),
(1623, 57, '19', '22.70510403907178', '75.90924032970882', NULL, '2020-09-05 13:52:52'),
(1624, 57, '19', '22.70510403907178', '75.90924032970882', NULL, '2020-09-05 13:52:52'),
(1625, 57, '19', '22.70510403907178', '75.90924032970882', NULL, '2020-09-05 13:52:56'),
(1626, 57, '19', '22.70510403907178', '75.90924032970882', NULL, '2020-09-05 13:52:57'),
(1627, 57, '19', '22.70510403907178', '75.90924032970882', NULL, '2020-09-05 13:52:58'),
(1628, 57, '19', '22.70510403907178', '75.90924032970882', NULL, '2020-09-05 13:52:59'),
(1629, 57, '19', '22.70510403907178', '75.90924032970882', NULL, '2020-09-05 13:53:01'),
(1630, 57, '19', '22.70510403907178', '75.90924032970882', NULL, '2020-09-05 13:53:02'),
(1631, 57, '19', '22.70510403907178', '75.90924032970882', NULL, '2020-09-05 13:53:02'),
(1632, 57, '19', '22.70510403907178', '75.90924032970882', NULL, '2020-09-05 13:53:06'),
(1633, 57, '19', '22.70510403907178', '75.90924032970882', NULL, '2020-09-05 13:53:07'),
(1634, 57, '19', '22.70510403907178', '75.90924032970882', NULL, '2020-09-05 13:53:08'),
(1635, 57, '19', '22.70510403907178', '75.90924032970882', NULL, '2020-09-05 13:53:09'),
(1636, 57, '19', '22.70510403907178', '75.90924032970882', NULL, '2020-09-05 13:53:11'),
(1637, 57, '19', '22.70510403907178', '75.90924032970882', NULL, '2020-09-05 13:53:12'),
(1638, 57, '19', '22.70510403907178', '75.90924032970882', NULL, '2020-09-05 13:53:12'),
(1639, 57, '19', '22.70510403907178', '75.90924032970882', NULL, '2020-09-05 13:53:16'),
(1640, 57, '19', '22.70510403907178', '75.90924032970882', NULL, '2020-09-05 13:53:17'),
(1641, 57, '19', '22.70510403907178', '75.90924032970882', NULL, '2020-09-05 13:53:18'),
(1642, 57, '19', '22.70510403907178', '75.90924032970882', NULL, '2020-09-05 13:53:19'),
(1643, 57, '19', '22.70510403907178', '75.90924032970882', NULL, '2020-09-05 13:53:21'),
(1644, 57, '19', '22.70510403907178', '75.90924032970882', NULL, '2020-09-05 13:53:22'),
(1645, 57, '19', '22.70510403907178', '75.90924032970882', NULL, '2020-09-05 13:53:22'),
(1646, 57, '19', '22.70510403907178', '75.90924032970882', NULL, '2020-09-05 13:53:26'),
(1647, 57, '19', '22.70510403907178', '75.90924032970882', NULL, '2020-09-05 13:53:28'),
(1648, 57, '19', '22.70510403907178', '75.90924032970882', NULL, '2020-09-05 13:53:28'),
(1649, 57, '19', '22.70510403907178', '75.90924032970882', NULL, '2020-09-05 13:53:29'),
(1650, 57, '19', '22.70510403907178', '75.90924032970882', NULL, '2020-09-05 13:53:31'),
(1651, 57, '19', '22.70510403907178', '75.90924032970882', NULL, '2020-09-05 13:53:32'),
(1652, 57, '19', '22.70510403907178', '75.90924032970882', NULL, '2020-09-05 13:53:32'),
(1653, 57, '19', '22.70510403907178', '75.90924032970882', NULL, '2020-09-05 13:53:37'),
(1654, 57, '19', '22.70510403907178', '75.90924032970882', NULL, '2020-09-05 13:53:37'),
(1655, 57, '19', '22.70510403907178', '75.90924032970882', NULL, '2020-09-05 13:53:38'),
(1656, 57, '19', '22.70510403907178', '75.90924032970882', NULL, '2020-09-05 13:53:39'),
(1657, 57, '19', '22.70510403907178', '75.90924032970882', NULL, '2020-09-05 13:53:41'),
(1658, 57, '19', '22.70510403907178', '75.90924032970882', NULL, '2020-09-05 13:53:42'),
(1659, 57, '19', '22.70510403907178', '75.90924032970882', NULL, '2020-09-05 13:53:42'),
(1660, 57, '19', '22.70510403907178', '75.90924032970882', NULL, '2020-09-05 13:53:46'),
(1661, 57, '19', '22.70510403907178', '75.90924032970882', NULL, '2020-09-05 13:53:47'),
(1662, 57, '19', '22.70510403907178', '75.90924032970882', NULL, '2020-09-05 13:53:48'),
(1663, 57, '19', '22.70510403907178', '75.90924032970882', NULL, '2020-09-05 13:53:49'),
(1664, 57, '19', '22.70510403907178', '75.90924032970882', NULL, '2020-09-05 13:53:51'),
(1665, 57, '19', '22.70510403907178', '75.90924032970882', NULL, '2020-09-05 13:53:52'),
(1666, 57, '19', '22.70510403907178', '75.90924032970882', NULL, '2020-09-05 13:53:52'),
(1667, 57, '19', '22.70510403907178', '75.90924032970882', NULL, '2020-09-05 13:53:56'),
(1668, 57, '19', '22.70510403907178', '75.90924032970882', NULL, '2020-09-05 13:53:57'),
(1669, 57, '19', '22.70510403907178', '75.90924032970882', NULL, '2020-09-05 13:53:58'),
(1670, 57, '19', '22.70510403907178', '75.90924032970882', NULL, '2020-09-05 13:53:59'),
(1671, 57, '19', '22.70510403907178', '75.90924032970882', NULL, '2020-09-05 13:54:01'),
(1672, 57, '19', '22.70510403907178', '75.90924032970882', NULL, '2020-09-05 13:54:02'),
(1673, 57, '19', '22.70510403907178', '75.90924032970882', NULL, '2020-09-05 13:54:02'),
(1674, 57, '19', '22.70510403907178', '75.90924032970882', NULL, '2020-09-05 13:54:06'),
(1675, 57, '19', '22.70510403907178', '75.90924032970882', NULL, '2020-09-05 13:54:07'),
(1676, 57, '19', '22.70510403907178', '75.90924032970882', NULL, '2020-09-05 13:54:08'),
(1677, 57, '19', '22.70510403907178', '75.90924032970882', NULL, '2020-09-05 13:54:09'),
(1678, 57, '19', '22.70510403907178', '75.90924032970882', NULL, '2020-09-05 13:54:11'),
(1679, 57, '19', '22.70510403907178', '75.90924032970882', NULL, '2020-09-05 13:54:12'),
(1680, 57, '19', '22.70510403907178', '75.90924032970882', NULL, '2020-09-05 13:54:12'),
(1681, 57, '19', '22.70510403907178', '75.90924032970882', NULL, '2020-09-05 13:54:16'),
(1682, 57, '19', '22.70510403907178', '75.90924032970882', NULL, '2020-09-05 13:54:17'),
(1683, 57, '19', '22.70510403907178', '75.90924032970882', NULL, '2020-09-05 13:54:18'),
(1684, 57, '19', '22.70510403907178', '75.90924032970882', NULL, '2020-09-05 13:54:19'),
(1685, 57, '19', '22.70510403907178', '75.90924032970882', NULL, '2020-09-05 13:54:21'),
(1686, 57, '19', '22.70510403907178', '75.90924032970882', NULL, '2020-09-05 13:54:22'),
(1687, 57, '19', '22.70510403907178', '75.90924032970882', NULL, '2020-09-05 13:54:22'),
(1688, 57, '19', '22.70510403907178', '75.90924032970882', NULL, '2020-09-05 13:54:26'),
(1689, 57, '19', '22.70510403907178', '75.90924032970882', NULL, '2020-09-05 13:54:27'),
(1690, 57, '19', '22.70510403907178', '75.90924032970882', NULL, '2020-09-05 13:54:28'),
(1691, 57, '19', '22.70510403907178', '75.90924032970882', NULL, '2020-09-05 13:54:29'),
(1692, 57, '19', '22.70510403907178', '75.90924032970882', NULL, '2020-09-05 13:54:31'),
(1693, 57, '19', '22.70510403907178', '75.90924032970882', NULL, '2020-09-05 13:54:32'),
(1694, 57, '19', '22.70510403907178', '75.90924032970882', NULL, '2020-09-05 13:54:32'),
(1695, 57, '19', '22.70510403907178', '75.90924032970882', NULL, '2020-09-05 13:54:37'),
(1696, 57, '19', '22.70510403907178', '75.90924032970882', NULL, '2020-09-05 13:54:37'),
(1697, 57, '19', '22.70510403907178', '75.90924032970882', NULL, '2020-09-05 13:54:38'),
(1698, 57, '19', '22.70510403907178', '75.90924032970882', NULL, '2020-09-05 13:54:39'),
(1699, 57, '19', '22.70510403907178', '75.90924032970882', NULL, '2020-09-05 13:54:41'),
(1700, 57, '19', '22.70510403907178', '75.90924032970882', NULL, '2020-09-05 13:54:42'),
(1701, 57, '19', '22.70510403907178', '75.90924032970882', NULL, '2020-09-05 13:54:42'),
(1702, 57, '19', '22.70510403907178', '75.90924032970882', NULL, '2020-09-05 13:54:46'),
(1703, 57, '19', '22.70510403907178', '75.90924032970882', NULL, '2020-09-05 13:54:47'),
(1704, 57, '19', '22.70510403907178', '75.90924032970882', NULL, '2020-09-05 13:54:48'),
(1705, 57, '19', '22.70510403907178', '75.90924032970882', NULL, '2020-09-05 13:54:49'),
(1706, 57, '19', '22.70510403907178', '75.90924032970882', NULL, '2020-09-05 13:54:51'),
(1707, 57, '19', '22.70510403907178', '75.90924032970882', NULL, '2020-09-05 13:54:52'),
(1708, 57, '19', '22.70510403907178', '75.90924032970882', NULL, '2020-09-05 13:54:52'),
(1709, 57, '19', '22.70510403907178', '75.90924032970882', NULL, '2020-09-05 13:54:56'),
(1710, 57, '19', '22.70510403907178', '75.90924032970882', NULL, '2020-09-05 13:54:57'),
(1711, 57, '19', '22.70510403907178', '75.90924032970882', NULL, '2020-09-05 13:54:58'),
(1712, 57, '19', '22.70510403907178', '75.90924032970882', NULL, '2020-09-05 13:54:59'),
(1713, 57, '19', '22.70510403907178', '75.90924032970882', NULL, '2020-09-05 13:55:01'),
(1714, 57, '19', '22.70510403907178', '75.90924032970882', NULL, '2020-09-05 13:55:02'),
(1715, 57, '19', '22.70510403907178', '75.90924032970882', NULL, '2020-09-05 13:55:02'),
(1716, 57, '19', '22.70510403907178', '75.90924032970882', NULL, '2020-09-05 13:55:06'),
(1717, 57, '19', '22.70510403907178', '75.90924032970882', NULL, '2020-09-05 13:55:07'),
(1718, 57, '19', '22.70510403907178', '75.90924032970882', NULL, '2020-09-05 13:55:08'),
(1719, 57, '19', '22.70510403907178', '75.90924032970882', NULL, '2020-09-05 13:55:09'),
(1720, 57, '19', '22.70510403907178', '75.90924032970882', NULL, '2020-09-05 13:55:11'),
(1721, 57, '19', '22.70510403907178', '75.90924032970882', NULL, '2020-09-05 13:55:12'),
(1722, 57, '19', '22.70510403907178', '75.90924032970882', NULL, '2020-09-05 13:55:12'),
(1723, 57, '19', '22.70510403907178', '75.90924032970882', NULL, '2020-09-05 13:55:17'),
(1724, 57, '19', '22.70510403907178', '75.90924032970882', NULL, '2020-09-05 13:55:17'),
(1725, 57, '19', '22.70510403907178', '75.90924032970882', NULL, '2020-09-05 13:55:18'),
(1726, 57, '19', '22.70510403907178', '75.90924032970882', NULL, '2020-09-05 13:55:19'),
(1727, 57, '19', '22.70510403907178', '75.90924032970882', NULL, '2020-09-05 13:55:21'),
(1728, 57, '19', '22.70510403907178', '75.90924032970882', NULL, '2020-09-05 13:55:22'),
(1729, 57, '19', '22.70510403907178', '75.90924032970882', NULL, '2020-09-05 13:55:22'),
(1730, 57, '19', '22.70510403907178', '75.90924032970882', NULL, '2020-09-05 13:55:26'),
(1731, 57, '19', '22.70510403907178', '75.90924032970882', NULL, '2020-09-05 13:55:27'),
(1732, 57, '19', '22.70510403907178', '75.90924032970882', NULL, '2020-09-05 13:55:28'),
(1733, 57, '19', '22.70510403907178', '75.90924032970882', NULL, '2020-09-05 13:55:29'),
(1734, 57, '19', '22.70510403907178', '75.90924032970882', NULL, '2020-09-05 13:55:31'),
(1735, 57, '19', '22.70510403907178', '75.90924032970882', NULL, '2020-09-05 13:55:32'),
(1736, 57, '19', '22.70510403907178', '75.90924032970882', NULL, '2020-09-05 13:55:32'),
(1737, 57, '19', '22.70510403907178', '75.90924032970882', NULL, '2020-09-05 13:55:36'),
(1738, 57, '19', '22.70510403907178', '75.90924032970882', NULL, '2020-09-05 13:55:37'),
(1739, 57, '19', '22.70510403907178', '75.90924032970882', NULL, '2020-09-05 13:55:38'),
(1740, 57, '19', '22.70510403907178', '75.90924032970882', NULL, '2020-09-05 13:55:39'),
(1741, 57, '19', '22.70510403907178', '75.90924032970882', NULL, '2020-09-05 13:55:41'),
(1742, 57, '19', '22.70510403907178', '75.90924032970882', NULL, '2020-09-05 13:55:42'),
(1743, 57, '19', '22.70510403907178', '75.90924032970882', NULL, '2020-09-05 13:55:42'),
(1744, 57, '19', '22.70510403907178', '75.90924032970882', NULL, '2020-09-05 13:55:46'),
(1745, 57, '19', '22.70510403907178', '75.90924032970882', NULL, '2020-09-05 13:55:47'),
(1746, 57, '19', '22.70510403907178', '75.90924032970882', NULL, '2020-09-05 13:55:48'),
(1747, 57, '19', '22.70510403907178', '75.90924032970882', NULL, '2020-09-05 13:55:49'),
(1748, 57, '19', '22.70510403907178', '75.90924032970882', NULL, '2020-09-05 13:55:51'),
(1749, 57, '19', '22.70510403907178', '75.90924032970882', NULL, '2020-09-05 13:55:52'),
(1750, 57, '19', '22.70510403907178', '75.90924032970882', NULL, '2020-09-05 13:55:52'),
(1751, 57, '19', '22.70510403907178', '75.90924032970882', NULL, '2020-09-05 13:55:56'),
(1752, 57, '19', '22.70510403907178', '75.90924032970882', NULL, '2020-09-05 13:55:57'),
(1753, 57, '19', '22.70510403907178', '75.90924032970882', NULL, '2020-09-05 13:55:58'),
(1754, 57, '19', '22.70510403907178', '75.90924032970882', NULL, '2020-09-05 13:55:59'),
(1755, 57, '19', '22.70510403907178', '75.90924032970882', NULL, '2020-09-05 13:56:01'),
(1756, 57, '19', '22.70510403907178', '75.90924032970882', NULL, '2020-09-05 13:56:02'),
(1757, 57, '19', '22.70510403907178', '75.90924032970882', NULL, '2020-09-05 13:56:03'),
(1758, 57, '19', '22.70510403907178', '75.90924032970882', NULL, '2020-09-05 13:56:07'),
(1759, 57, '19', '22.70510403907178', '75.90924032970882', NULL, '2020-09-05 13:56:07'),
(1760, 57, '19', '22.70510403907178', '75.90924032970882', NULL, '2020-09-05 13:56:08'),
(1761, 57, '19', '22.70510403907178', '75.90924032970882', NULL, '2020-09-05 13:56:09'),
(1762, 57, '19', '22.70510403907178', '75.90924032970882', NULL, '2020-09-05 13:56:11'),
(1763, 57, '19', '22.70510403907178', '75.90924032970882', NULL, '2020-09-05 13:56:12'),
(1764, 57, '19', '22.70510403907178', '75.90924032970882', NULL, '2020-09-05 13:56:12'),
(1765, 57, '19', '22.70510403907178', '75.90924032970882', NULL, '2020-09-05 13:56:16'),
(1766, 57, '19', '22.70510403907178', '75.90924032970882', NULL, '2020-09-05 13:56:17'),
(1767, 57, '19', '22.70510403907178', '75.90924032970882', NULL, '2020-09-05 13:56:18'),
(1768, 57, '19', '22.70510403907178', '75.90924032970882', NULL, '2020-09-05 13:56:19'),
(1769, 57, '19', '22.70510403907178', '75.90924032970882', NULL, '2020-09-05 13:56:21'),
(1770, 57, '19', '22.70510403907178', '75.90924032970882', NULL, '2020-09-05 13:56:22'),
(1771, 57, '19', '22.70510403907178', '75.90924032970882', NULL, '2020-09-05 13:56:22'),
(1772, 57, '19', '22.70510403907178', '75.90924032970882', NULL, '2020-09-05 13:56:26'),
(1773, 57, '19', '22.70510403907178', '75.90924032970882', NULL, '2020-09-05 13:56:27');
INSERT INTO `save_lat_long` (`id`, `chaperone_id`, `trip_id`, `latitude`, `longitude`, `travel_time`, `created_date`) VALUES
(1774, 57, '19', '22.70510403907178', '75.90924032970882', NULL, '2020-09-05 13:56:28'),
(1775, 57, '19', '22.70510403907178', '75.90924032970882', NULL, '2020-09-05 13:56:29'),
(1776, 57, '19', '22.70510403907178', '75.90924032970882', NULL, '2020-09-05 13:56:31'),
(1777, 57, '19', '22.70510403907178', '75.90924032970882', NULL, '2020-09-05 13:56:32'),
(1778, 57, '19', '22.70510403907178', '75.90924032970882', NULL, '2020-09-05 13:56:32'),
(1779, 57, '19', '22.70510403907178', '75.90924032970882', NULL, '2020-09-05 13:56:36'),
(1780, 57, '19', '22.70510403907178', '75.90924032970882', NULL, '2020-09-05 13:56:37'),
(1781, 57, '19', '22.70510403907178', '75.90924032970882', NULL, '2020-09-05 13:56:38'),
(1782, 57, '19', '22.70510403907178', '75.90924032970882', NULL, '2020-09-05 13:56:39'),
(1783, 57, '19', '22.70510403907178', '75.90924032970882', NULL, '2020-09-05 13:56:41'),
(1784, 57, '19', '22.70510403907178', '75.90924032970882', NULL, '2020-09-05 13:56:42'),
(1785, 57, '19', '22.70510403907178', '75.90924032970882', NULL, '2020-09-05 13:56:42'),
(1786, 57, '19', '22.70510403907178', '75.90924032970882', NULL, '2020-09-05 13:56:46'),
(1787, 57, '19', '22.70510403907178', '75.90924032970882', NULL, '2020-09-05 13:56:47'),
(1788, 57, '19', '22.70510403907178', '75.90924032970882', NULL, '2020-09-05 13:56:48'),
(1789, 57, '19', '22.70510403907178', '75.90924032970882', NULL, '2020-09-05 13:56:49'),
(1790, 57, '', '24.0026744', '76.7352897', '6122', '2020-09-05 16:16:56'),
(1791, 57, '21', '24.0026821', '76.7352887', '6122', '2020-09-05 16:17:06'),
(1792, 57, '21', '24.0027552', '76.7352968', '6122', '2020-09-05 16:17:22'),
(1793, 57, '21', '24.0027541', '76.7352954', '6122', '2020-09-05 16:17:27'),
(1794, 57, '21', '24.0027368', '76.7352978', '6122', '2020-09-05 16:17:39'),
(1795, 57, '21', '24.0027218', '76.7353026', '6122', '2020-09-05 16:17:47'),
(1796, 57, '21', '24.0027221', '76.7352981', '6122', '2020-09-05 16:17:57'),
(1797, 57, '21', '24.0027741', '76.7352874', '6122', '2020-09-05 16:18:13'),
(1798, 57, '21', '24.0027894', '76.7352872', '6122', '2020-09-05 16:18:23'),
(1799, 57, '21', '24.0027937', '76.7352909', '6122', '2020-09-05 16:18:29'),
(1800, 57, '21', '24.0027907', '76.7352814', '6122', '2020-09-05 16:18:40'),
(1801, 57, '21', '24.0027831', '76.7352739', '6122', '2020-09-05 16:18:49'),
(1802, 57, '21', '24.002782', '76.7352663', '6122', '2020-09-05 16:19:01'),
(1803, 57, '21', '24.0027823', '76.7352631', '6122', '2020-09-05 16:19:11'),
(1804, 57, '21', '24.0027806', '76.7352628', '6122', '2020-09-05 16:19:24'),
(1805, 57, '21', '24.0027786', '76.7352633', '6122', '2020-09-05 16:19:31'),
(1806, 57, '21', '24.0027781', '76.7352605', '6122', '2020-09-05 16:19:41'),
(1807, 57, '21', '22.70507157237163', '75.90935508532971', NULL, '2020-09-07 05:06:34'),
(1808, 57, '21', '22.70507752093704', '75.909455499198', NULL, '2020-09-07 05:06:44'),
(1809, 57, '21', '22.70507752093704', '75.909455499198', NULL, '2020-09-07 05:06:54'),
(1810, 57, '21', '22.70508245567112', '75.90940142988778', NULL, '2020-09-07 05:07:04'),
(1811, 57, '21', '22.70508245567112', '75.90940142988778', NULL, '2020-09-07 05:07:14'),
(1812, 57, '21', '22.70508245567112', '75.90940142988778', NULL, '2020-09-07 05:07:24'),
(1813, 57, '21', '22.70508245567112', '75.90940142988778', NULL, '2020-09-07 05:07:34'),
(1814, 57, '21', '22.70508245567112', '75.90940142988778', NULL, '2020-09-07 05:07:44'),
(1815, 57, '21', '22.70508245567112', '75.90940142988778', NULL, '2020-09-07 05:07:54'),
(1816, 57, '21', '22.70508245567112', '75.90940142988778', NULL, '2020-09-07 05:08:04'),
(1817, 57, '21', '22.70508245567112', '75.90940142988778', NULL, '2020-09-07 05:08:14'),
(1818, 57, '21', '22.70508245567112', '75.90940142988778', NULL, '2020-09-07 05:08:24'),
(1819, 57, '21', '22.70508245567112', '75.90940142988778', NULL, '2020-09-07 05:08:34'),
(1820, 57, '21', '22.70508245567112', '75.90940142988778', NULL, '2020-09-07 05:08:44'),
(1821, 57, '21', '22.70508245567112', '75.90940142988778', NULL, '2020-09-07 05:08:54'),
(1822, 57, '21', '22.70508245567112', '75.90940142988778', NULL, '2020-09-07 05:09:04'),
(1823, 57, '21', '22.70508245567112', '75.90940142988778', NULL, '2020-09-07 05:09:14'),
(1824, 57, '21', '22.70508245567112', '75.90940142988778', NULL, '2020-09-07 05:09:24'),
(1825, 57, '21', '22.70508177952343', '75.90937733170676', NULL, '2020-09-07 05:10:08'),
(1826, 57, '21', '22.70508177952343', '75.90937733170676', NULL, '2020-09-07 05:10:23'),
(1827, 57, '21', '22.70509557334958', '75.90933454230047', NULL, '2020-09-07 05:10:28'),
(1828, 57, '21', '22.70509557334958', '75.90933454230047', NULL, '2020-09-07 05:10:40'),
(1829, 57, '21', '22.70509557334958', '75.90933454230047', NULL, '2020-09-07 05:10:51'),
(1830, 57, '21', '22.70509557334958', '75.90933454230047', NULL, '2020-09-07 05:10:59'),
(1831, 57, '21', '22.70509557334958', '75.90933454230047', NULL, '2020-09-07 05:10:59'),
(1832, 57, '21', '22.70509557334958', '75.90933454230047', NULL, '2020-09-07 05:11:06'),
(1833, 57, '21', '22.70509557334958', '75.90933454230047', NULL, '2020-09-07 05:11:07'),
(1834, 57, '21', '22.70509557334958', '75.90933454230047', NULL, '2020-09-07 05:11:13'),
(1835, 57, '21', '22.70509557334958', '75.90933454230047', NULL, '2020-09-07 05:11:16'),
(1836, 57, '21', '22.70509557334958', '75.90933454230047', NULL, '2020-09-07 05:11:17'),
(1837, 57, '21', '22.70509557334958', '75.90933454230047', NULL, '2020-09-07 05:11:22'),
(1838, 57, '21', '22.70509557334958', '75.90933454230047', NULL, '2020-09-07 05:11:26'),
(1839, 57, '21', '22.70509557334958', '75.90933454230047', NULL, '2020-09-07 05:11:28'),
(1840, 57, '21', '22.70512993915258', '75.90926815762735', NULL, '2020-09-07 05:11:41'),
(1841, 57, '21', '22.70537514363501', '75.90904299251096', NULL, '2020-09-07 05:11:42'),
(1842, 57, '21', '22.70512993915258', '75.90926815762735', NULL, '2020-09-07 05:11:42'),
(1843, 57, '21', '22.70512993915258', '75.90926815762735', NULL, '2020-09-07 05:11:43'),
(1844, 57, '21', '22.70512993915258', '75.90926815762735', NULL, '2020-09-07 05:11:46'),
(1845, 57, '21', '22.70512993915258', '75.90926815762735', NULL, '2020-09-07 05:11:54'),
(1846, 57, '21', '22.70512993915258', '75.90926815762735', NULL, '2020-09-07 05:12:00'),
(1847, 57, '21', '22.70512993915258', '75.90926815762735', NULL, '2020-09-07 05:12:01'),
(1848, 57, '21', '22.70512993915258', '75.90926815762735', NULL, '2020-09-07 05:12:03'),
(1849, 57, '21', '22.70512993915258', '75.90926815762735', NULL, '2020-09-07 05:12:03'),
(1850, 57, '21', '22.70512993915258', '75.90926815762735', NULL, '2020-09-07 05:12:07'),
(1851, 57, '21', '22.70512993915258', '75.90926815762735', NULL, '2020-09-07 05:12:09'),
(1852, 57, '21', '22.70512993915258', '75.90926815762735', NULL, '2020-09-07 05:12:09'),
(1853, 57, '21', '22.70512993915258', '75.90926815762735', NULL, '2020-09-07 05:12:12'),
(1854, 57, '21', '22.70512993915258', '75.90926815762735', NULL, '2020-09-07 05:12:18'),
(1855, 57, '21', '22.70512993915258', '75.90926815762735', NULL, '2020-09-07 05:12:25'),
(1856, 57, '21', '22.70512993915258', '75.90926815762735', NULL, '2020-09-07 05:12:26'),
(1857, 57, '21', '22.70512993915258', '75.90926815762735', NULL, '2020-09-07 05:12:27'),
(1858, 57, '21', '22.70512993915258', '75.90926815762735', NULL, '2020-09-07 05:12:27'),
(1859, 57, '21', '22.70512993915258', '75.90926815762735', NULL, '2020-09-07 05:12:29'),
(1860, 57, '21', '22.70512993915258', '75.90926815762735', NULL, '2020-09-07 05:12:32'),
(1861, 57, '21', '22.70512993915258', '75.90926815762735', NULL, '2020-09-07 05:12:32'),
(1862, 57, '21', '22.70512868186711', '75.90927058837927', NULL, '2020-09-07 05:12:33'),
(1863, 57, '21', '22.70509360360234', '75.90931484482802', NULL, '2020-09-07 05:12:36'),
(1864, 57, '21', '22.70509360360234', '75.90931484482802', NULL, '2020-09-07 05:12:37'),
(1865, 57, '21', '22.70509360360234', '75.90931484482802', NULL, '2020-09-07 05:12:39'),
(1866, 57, '21', '22.70509360360234', '75.90931484482802', NULL, '2020-09-07 05:12:42'),
(1867, 57, '21', '22.70509360360234', '75.90931484482802', NULL, '2020-09-07 05:12:43'),
(1868, 57, '21', '22.70509360360234', '75.90931484482802', NULL, '2020-09-07 05:12:46'),
(1869, 57, '21', '22.70509360360234', '75.90931484482802', NULL, '2020-09-07 05:12:47'),
(1870, 57, '21', '22.70509360360234', '75.90931484482802', NULL, '2020-09-07 05:12:54'),
(1871, 57, '21', '22.70509360360234', '75.90931484482802', NULL, '2020-09-07 05:12:54'),
(1872, 57, '21', '22.70509360360234', '75.90931484482802', NULL, '2020-09-07 05:12:56'),
(1873, 57, '21', '22.70509360360234', '75.90931484482802', NULL, '2020-09-07 05:12:57'),
(1874, 57, '21', '22.70509360360234', '75.90931484482802', NULL, '2020-09-07 05:12:59'),
(1875, 57, '21', '22.70509360360234', '75.90931484482802', NULL, '2020-09-07 05:13:00'),
(1876, 57, '21', '22.70509360360234', '75.90931484482802', NULL, '2020-09-07 05:13:02'),
(1877, 57, '21', '22.70509360360234', '75.90931484482802', NULL, '2020-09-07 05:13:03'),
(1878, 57, '21', '22.70509360360234', '75.90931484482802', NULL, '2020-09-07 05:13:07'),
(1879, 57, '21', '22.70509360360234', '75.90931484482802', NULL, '2020-09-07 05:13:07'),
(1880, 57, '21', '22.70509360360234', '75.90931484482802', NULL, '2020-09-07 05:13:09'),
(1881, 57, '21', '22.70509360360234', '75.90931484482802', NULL, '2020-09-07 05:13:12'),
(1882, 57, '21', '22.70509360360234', '75.90931484482802', NULL, '2020-09-07 05:13:13'),
(1883, 57, '21', '22.70509360360234', '75.90931484482802', NULL, '2020-09-07 05:13:16'),
(1884, 57, '21', '22.70509360360234', '75.90931484482802', NULL, '2020-09-07 05:13:17'),
(1885, 57, '21', '22.70509360360234', '75.90931484482802', NULL, '2020-09-07 05:13:19'),
(1886, 57, '21', '22.70509921947658', '75.90933336409412', NULL, '2020-09-07 05:14:46'),
(1887, 57, '21', '22.70509921947658', '75.90933336409412', NULL, '2020-09-07 05:14:47'),
(1888, 57, '21', '22.70509921947658', '75.90933336409412', NULL, '2020-09-07 05:14:49'),
(1889, 57, '21', '22.70509921947658', '75.90933336409412', NULL, '2020-09-07 05:14:52'),
(1890, 57, '21', '22.70509921947658', '75.90933336409412', NULL, '2020-09-07 05:14:53'),
(1891, 57, '21', '22.70509921947658', '75.90933336409412', NULL, '2020-09-07 05:14:56'),
(1892, 57, '21', '22.70509921947658', '75.90933336409412', NULL, '2020-09-07 05:14:57'),
(1893, 57, '21', '22.70509921947658', '75.90933336409412', NULL, '2020-09-07 05:14:59'),
(1894, 57, '21', '22.70509921947658', '75.90933336409412', NULL, '2020-09-07 05:15:02'),
(1895, 57, '21', '22.70509921947658', '75.90933336409412', NULL, '2020-09-07 05:15:03'),
(1896, 57, '21', '22.70509921947658', '75.90933336409412', NULL, '2020-09-07 05:15:06'),
(1897, 57, '21', '22.70509921947658', '75.90933336409412', NULL, '2020-09-07 05:15:08'),
(1898, 57, '21', '22.70509921947658', '75.90933336409412', NULL, '2020-09-07 05:15:09'),
(1899, 57, '21', '22.70509921947658', '75.90933336409412', NULL, '2020-09-07 05:15:12'),
(1900, 57, '21', '22.70509921947658', '75.90933336409412', NULL, '2020-09-07 05:15:13'),
(1901, 57, '21', '22.70509921947658', '75.90933336409412', NULL, '2020-09-07 05:15:17'),
(1902, 57, '21', '22.70509921947658', '75.90933336409412', NULL, '2020-09-07 05:15:18'),
(1903, 57, '21', '22.70509921947658', '75.90933336409412', NULL, '2020-09-07 05:15:19'),
(1904, 57, '21', '22.70509921947658', '75.90933336409412', NULL, '2020-09-07 05:15:22'),
(1905, 57, '21', '22.70509921947658', '75.90933336409412', NULL, '2020-09-07 05:15:22'),
(1906, 57, '21', '22.70509921947658', '75.90933336409412', NULL, '2020-09-07 05:15:26'),
(1907, 57, '21', '22.70509921947658', '75.90933336409412', NULL, '2020-09-07 05:15:28'),
(1908, 57, '21', '22.70509921947658', '75.90933336409412', NULL, '2020-09-07 05:15:29'),
(1909, 57, '21', '22.70509921947658', '75.90933336409412', NULL, '2020-09-07 05:15:32'),
(1910, 57, '21', '22.70509921947658', '75.90933336409412', NULL, '2020-09-07 05:15:33'),
(1911, 57, '21', '22.70509921947658', '75.90933336409412', NULL, '2020-09-07 05:15:37'),
(1912, 57, '21', '22.70509921947658', '75.90933336409412', NULL, '2020-09-07 05:15:37'),
(1913, 57, '21', '22.70509921947658', '75.90933336409412', NULL, '2020-09-07 05:15:39'),
(1914, 57, '21', '22.70509921947658', '75.90933336409412', NULL, '2020-09-07 05:15:42'),
(1915, 57, '21', '22.70509921947658', '75.90933336409412', NULL, '2020-09-07 05:15:43'),
(1916, 57, '21', '22.70509921947658', '75.90933336409412', NULL, '2020-09-07 05:15:47'),
(1917, 57, '21', '22.70509921947658', '75.90933336409412', NULL, '2020-09-07 05:15:48'),
(1918, 57, '21', '22.70509921947658', '75.90933336409412', NULL, '2020-09-07 05:15:49'),
(1919, 57, '21', '22.70509921947658', '75.90933336409412', NULL, '2020-09-07 05:15:52'),
(1920, 57, '21', '22.70509921947658', '75.90933336409412', NULL, '2020-09-07 05:15:53'),
(1921, 57, '21', '22.70509921947658', '75.90933336409412', NULL, '2020-09-07 05:15:56'),
(1922, 57, '21', '22.70509921947658', '75.90933336409412', NULL, '2020-09-07 05:15:57'),
(1923, 57, '21', '22.70509921947658', '75.90933336409412', NULL, '2020-09-07 05:15:59'),
(1924, 57, '21', '22.70509921947658', '75.90933336409412', NULL, '2020-09-07 05:16:02'),
(1925, 57, '21', '22.70509921947658', '75.90933336409412', NULL, '2020-09-07 05:16:02'),
(1926, 57, '21', '22.70509921947658', '75.90933336409412', NULL, '2020-09-07 05:16:07'),
(1927, 57, '21', '22.70509921947658', '75.90933336409412', NULL, '2020-09-07 05:16:08'),
(1928, 57, '21', '22.70509921947658', '75.90933336409412', NULL, '2020-09-07 05:16:09'),
(1929, 57, '21', '22.70509921947658', '75.90933336409412', NULL, '2020-09-07 05:16:12'),
(1930, 57, '21', '22.70509921947658', '75.90933336409412', NULL, '2020-09-07 05:16:14'),
(1931, 57, '21', '22.70509921947658', '75.90933336409412', NULL, '2020-09-07 05:16:17'),
(1932, 57, '21', '22.70509921947658', '75.90933336409412', NULL, '2020-09-07 05:16:18'),
(1933, 57, '21', '22.70509921947658', '75.90933336409412', NULL, '2020-09-07 05:16:20'),
(1934, 57, '21', '22.70509921947658', '75.90933336409412', NULL, '2020-09-07 05:16:22'),
(1935, 57, '21', '22.70509921947658', '75.90933336409412', NULL, '2020-09-07 05:16:23'),
(1936, 57, '21', '22.70509921947658', '75.90933336409412', NULL, '2020-09-07 05:16:27'),
(1937, 57, '21', '22.70509921947658', '75.90933336409412', NULL, '2020-09-07 05:16:28'),
(1938, 57, '21', '22.70509921947658', '75.90933336409412', NULL, '2020-09-07 05:16:29'),
(1939, 57, '21', '22.70509921947658', '75.90933336409412', NULL, '2020-09-07 05:16:33'),
(1940, 57, '21', '22.70509921947658', '75.90933336409412', NULL, '2020-09-07 05:16:33'),
(1941, 57, '21', '22.70509921947658', '75.90933336409412', NULL, '2020-09-07 05:16:37'),
(1942, 57, '21', '22.70509921947658', '75.90933336409412', NULL, '2020-09-07 05:16:37'),
(1943, 57, '21', '22.70509921947658', '75.90933336409412', NULL, '2020-09-07 05:16:39'),
(1944, 57, '21', '22.70509921947658', '75.90933336409412', NULL, '2020-09-07 05:16:42'),
(1945, 57, '21', '22.70509921947658', '75.90933336409412', NULL, '2020-09-07 05:16:43'),
(1946, 57, '21', '22.70509921947658', '75.90933336409412', NULL, '2020-09-07 05:16:47'),
(1947, 57, '21', '22.70509921947658', '75.90933336409412', NULL, '2020-09-07 05:16:48'),
(1948, 57, '21', '22.70509921947658', '75.90933336409412', NULL, '2020-09-07 05:16:49'),
(1949, 57, '21', '22.70509921947658', '75.90933336409412', NULL, '2020-09-07 05:16:52'),
(1950, 57, '21', '22.70509921947658', '75.90933336409412', NULL, '2020-09-07 05:16:53'),
(1951, 57, '21', '22.70509921947658', '75.90933336409412', NULL, '2020-09-07 05:16:57'),
(1952, 57, '21', '22.70509921947658', '75.90933336409412', NULL, '2020-09-07 05:16:58'),
(1953, 57, '21', '22.70509921947658', '75.90933336409412', NULL, '2020-09-07 05:17:00'),
(1954, 57, '21', '22.70509921947658', '75.90933336409412', NULL, '2020-09-07 05:17:02'),
(1955, 57, '21', '22.70509921947658', '75.90933336409412', NULL, '2020-09-07 05:17:03'),
(1956, 57, '21', '22.70509921947658', '75.90933336409412', NULL, '2020-09-07 05:17:07'),
(1957, 57, '21', '22.70509921947658', '75.90933336409412', NULL, '2020-09-07 05:17:08'),
(1958, 57, '21', '22.70509921947658', '75.90933336409412', NULL, '2020-09-07 05:17:09'),
(1959, 57, '21', '22.70509921947658', '75.90933336409412', NULL, '2020-09-07 05:17:12'),
(1960, 57, '21', '22.70509921947658', '75.90933336409412', NULL, '2020-09-07 05:17:13'),
(1961, 57, '21', '22.70509921947658', '75.90933336409412', NULL, '2020-09-07 05:17:16'),
(1962, 57, '21', '22.70509921947658', '75.90933336409412', NULL, '2020-09-07 05:17:18'),
(1963, 57, '21', '22.70509921947658', '75.90933336409412', NULL, '2020-09-07 05:17:19'),
(1964, 57, '21', '22.70509921947658', '75.90933336409412', NULL, '2020-09-07 05:17:22'),
(1965, 57, '21', '22.70509921947658', '75.90933336409412', NULL, '2020-09-07 05:17:23'),
(1966, 57, '21', '22.70509921947658', '75.90933336409412', NULL, '2020-09-07 05:17:27'),
(1967, 57, '21', '22.70509921947658', '75.90933336409412', NULL, '2020-09-07 05:17:27'),
(1968, 57, '21', '22.70509921947658', '75.90933336409412', NULL, '2020-09-07 05:17:29'),
(1969, 57, '21', '22.70509921947658', '75.90933336409412', NULL, '2020-09-07 05:17:32'),
(1970, 57, '21', '22.70509921947658', '75.90933336409412', NULL, '2020-09-07 05:17:33'),
(1971, 57, '21', '22.70509921947658', '75.90933336409412', NULL, '2020-09-07 05:17:37'),
(1972, 57, '21', '22.70509921947658', '75.90933336409412', NULL, '2020-09-07 05:17:38'),
(1973, 57, '21', '22.70509921947658', '75.90933336409412', NULL, '2020-09-07 05:17:39'),
(1974, 57, '21', '22.70509921947658', '75.90933336409412', NULL, '2020-09-07 05:17:42'),
(1975, 57, '21', '22.70509921947658', '75.90933336409412', NULL, '2020-09-07 05:17:43'),
(1976, 57, '21', '22.70509921947658', '75.90933336409412', NULL, '2020-09-07 05:17:46'),
(1977, 57, '21', '22.70509921947658', '75.90933336409412', NULL, '2020-09-07 05:17:47'),
(1978, 57, '21', '22.70509921947658', '75.90933336409412', NULL, '2020-09-07 05:17:49'),
(1979, 57, '21', '22.70509921947658', '75.90933336409412', NULL, '2020-09-07 05:17:52'),
(1980, 57, '21', '22.70509921947658', '75.90933336409412', NULL, '2020-09-07 05:17:52'),
(1981, 57, '21', '22.70509921947658', '75.90933336409412', NULL, '2020-09-07 05:17:56'),
(1982, 57, '21', '22.70509921947658', '75.90933336409412', NULL, '2020-09-07 05:17:57'),
(1983, 57, '21', '22.70509921947658', '75.90933336409412', NULL, '2020-09-07 05:17:59'),
(1984, 57, '21', '22.70509921947658', '75.90933336409412', NULL, '2020-09-07 05:18:02'),
(1985, 57, '21', '22.70509921947658', '75.90933336409412', NULL, '2020-09-07 05:18:03'),
(1986, 57, '21', '22.70509921947658', '75.90933336409412', NULL, '2020-09-07 05:18:07'),
(1987, 57, '19', '22.702061', '75.9054937', '6122', '2020-09-07 06:04:52'),
(1988, 57, '19', '22.702061', '75.9054937', '6122', '2020-09-07 06:05:06'),
(1989, 57, '19', '22.7050805', '75.9091955', '6122', '2020-09-07 06:05:07'),
(1990, 57, '19', '22.7050843', '75.909187', '6122', '2020-09-07 06:05:18'),
(1991, 57, '19', '22.7050692', '75.909208', '6122', '2020-09-07 06:05:39'),
(1992, 57, '19', '22.7050715', '75.9092045', '6122', '2020-09-07 06:05:51'),
(1993, 57, '19', '22.7050721', '75.909202', '6122', '2020-09-07 06:06:05'),
(1994, 57, '19', '22.7050708', '75.909204', '6122', '2020-09-07 06:06:17'),
(1995, 57, '19', '22.7050627', '75.9092195', '6122', '2020-09-07 06:06:30'),
(1996, 57, '19', '22.7050754', '75.9091972', '6122', '2020-09-07 06:06:42'),
(1997, 57, '19', '22.7050734', '75.9091968', '6122', '2020-09-07 06:06:55'),
(1998, 57, '19', '22.7050779', '75.9092001', '6122', '2020-09-07 06:07:06'),
(1999, 57, '19', '22.7050753', '75.9091945', '6122', '2020-09-07 06:07:16'),
(2000, 57, '19', '22.7050762', '75.9091925', '6122', '2020-09-07 06:07:27'),
(2001, 57, '19', '22.7050835', '75.9091831', '6122', '2020-09-07 06:07:37'),
(2002, 57, '19', '22.7050781', '75.9091793', '6122', '2020-09-07 06:07:47'),
(2003, 57, '19', '22.7050783', '75.9091792', '6122', '2020-09-07 06:07:57'),
(2004, 57, '19', '22.7050761', '75.9091863', '6122', '2020-09-07 06:08:08'),
(2005, 57, '19', '22.7050727', '75.909208', '6122', '2020-09-07 06:08:19'),
(2006, 57, '19', '22.7050912', '75.9091748', '6122', '2020-09-07 06:08:29'),
(2007, 57, '19', '22.7050912', '75.9091656', '6122', '2020-09-07 06:08:40'),
(2008, 57, '19', '22.7050846', '75.9091798', '6122', '2020-09-07 06:08:50'),
(2009, 57, '19', '22.7050758', '75.9091929', '6122', '2020-09-07 06:09:00'),
(2010, 57, '19', '22.7050767', '75.9091908', '6122', '2020-09-07 06:09:11'),
(2011, 57, '19', '22.7050724', '75.9091956', '6122', '2020-09-07 06:09:21'),
(2012, 57, '19', '22.7050722', '75.9091958', '6122', '2020-09-07 06:09:32'),
(2013, 57, '19', '22.7050717', '75.909202', '6122', '2020-09-07 06:09:43'),
(2014, 57, '19', '22.7050731', '75.9092029', '6122', '2020-09-07 06:09:54'),
(2015, 57, '19', '22.7050671', '75.909214', '6122', '2020-09-07 06:10:05'),
(2016, 57, '19', '22.705071', '75.9092071', '6122', '2020-09-07 06:10:15'),
(2017, 57, '19', '22.7050705', '75.9092012', '6122', '2020-09-07 06:10:26'),
(2018, 57, '19', '22.7050572', '75.9092266', '6122', '2020-09-07 06:10:37'),
(2019, 57, '19', '22.7050618', '75.9092197', '6122', '2020-09-07 06:10:47'),
(2020, 57, '19', '22.7050721', '75.9091981', '6122', '2020-09-07 06:10:58'),
(2021, 57, '19', '22.7050682', '75.9092029', '6122', '2020-09-07 06:11:08'),
(2022, 57, '19', '22.705065', '75.90921', '6122', '2020-09-07 06:11:19'),
(2023, 57, '19', '22.7050682', '75.9092053', '6122', '2020-09-07 06:11:30'),
(2024, 57, '19', '22.705068', '75.9092062', '6122', '2020-09-07 06:11:40'),
(2025, 57, '19', '22.7050682', '75.9092054', '6122', '2020-09-07 06:11:51'),
(2026, 57, '19', '22.7050698', '75.9092027', '6122', '2020-09-07 06:12:02'),
(2027, 57, '19', '22.7050728', '75.9091893', '6122', '2020-09-07 06:12:35'),
(2028, 57, '19', '22.7050697', '75.9092028', '6122', '2020-09-07 06:12:35'),
(2029, 57, '19', '22.7050671', '75.9092136', '6122', '2020-09-07 06:12:37'),
(2030, 57, '19', '22.7050778', '75.9091804', '6122', '2020-09-07 06:12:44'),
(2031, 57, '19', '22.7050738', '75.9091926', '6122', '2020-09-07 06:12:54'),
(2032, 57, '19', '22.7050648', '75.9092204', '6122', '2020-09-07 06:13:04'),
(2033, 57, '19', '22.7050653', '75.9092153', '6122', '2020-09-07 06:13:14'),
(2034, 57, '19', '22.7050657', '75.9092109', '6122', '2020-09-07 06:13:25'),
(2035, 57, '19', '22.7050604', '75.9092203', '6122', '2020-09-07 06:13:35'),
(2036, 57, '19', '22.7050821', '75.9091708', '6122', '2020-09-07 06:13:45'),
(2037, 57, '19', '22.7050859', '75.9091646', '6122', '2020-09-07 06:13:55'),
(2038, 57, '19', '22.7050702', '75.9092022', '6122', '2020-09-07 06:14:06'),
(2039, 57, '19', '22.7050693', '75.909204', '6122', '2020-09-07 06:14:17'),
(2040, 57, '19', '22.7050737', '75.9091981', '6122', '2020-09-07 06:14:28'),
(2041, 57, '19', '22.7050687', '75.9092058', '6122', '2020-09-07 06:14:37'),
(2042, 57, '19', '22.705071', '75.9092033', '6122', '2020-09-07 06:14:47'),
(2043, 57, '19', '22.7050692', '75.9092023', '6122', '2020-09-07 06:14:57'),
(2044, 57, '19', '22.7050699', '75.9091974', '6122', '2020-09-07 06:15:09'),
(2045, 57, '19', '22.7050699', '75.9091978', '6122', '2020-09-07 06:15:19'),
(2046, 57, '19', '22.7050701', '75.9091979', '6122', '2020-09-07 06:15:29'),
(2047, 57, '19', '22.7050703', '75.9091976', '6122', '2020-09-07 06:15:40'),
(2048, 57, '19', '22.7050703', '75.9091977', '6122', '2020-09-07 06:15:51'),
(2049, 57, '19', '22.7050705', '75.9091975', '6122', '2020-09-07 06:16:02'),
(2050, 57, '19', '22.7050705', '75.9091976', '6122', '2020-09-07 06:16:12'),
(2051, 57, '19', '22.7050704', '75.9091976', '6122', '2020-09-07 06:16:23'),
(2052, 57, '19', '22.7050706', '75.9091974', '6122', '2020-09-07 06:16:33'),
(2053, 57, '19', '22.7050706', '75.9091975', '6122', '2020-09-07 06:16:44'),
(2054, 57, '19', '22.7050707', '75.9091974', '6122', '2020-09-07 06:16:54'),
(2055, 57, '19', '22.7050709', '75.9091971', '6122', '2020-09-07 06:17:04'),
(2056, 57, '19', '22.7050712', '75.9091967', '6122', '2020-09-07 06:17:15'),
(2057, 57, '19', '22.7050714', '75.9091965', '6122', '2020-09-07 06:17:26'),
(2058, 57, '19', '22.7050798', '75.9091782', '6122', '2020-09-07 06:18:00'),
(2059, 57, '19', '22.705075', '75.9091843', '6122', '2020-09-07 06:18:19'),
(2060, 57, '19', '22.7050677', '75.9092066', '6122', '2020-09-07 06:18:31'),
(2061, 57, '19', '22.705076', '75.9091962', '6122', '2020-09-07 06:18:41'),
(2062, 57, '19', '22.7050757', '75.9091961', '6122', '2020-09-07 06:19:02'),
(2063, 57, '19', '22.7050774', '75.9091836', '6122', '2020-09-07 06:19:20'),
(2064, 57, '19', '22.7050735', '75.9091935', '6122', '2020-09-07 06:19:31'),
(2065, 57, '19', '22.7050734', '75.9092012', '6122', '2020-09-07 06:19:46'),
(2066, 57, '19', '22.7050696', '75.9092056', '6122', '2020-09-07 06:19:58'),
(2067, 57, '19', '22.7050591', '75.9092236', '6122', '2020-09-07 06:20:09'),
(2068, 57, '19', '22.7050691', '75.9092054', '6122', '2020-09-07 06:20:28'),
(2069, 57, '19', '22.7050677', '75.909213', '6122', '2020-09-07 06:20:38'),
(2070, 57, '19', '22.7050826', '75.9091882', '6122', '2020-09-07 06:21:02'),
(2071, 57, '19', '22.7050754', '75.9091908', '6122', '2020-09-07 06:21:12'),
(2072, 57, '19', '22.7050708', '75.909203', '6122', '2020-09-07 06:21:22'),
(2073, 57, '19', '22.7050728', '75.9092012', '6122', '2020-09-07 06:21:32'),
(2074, 57, '19', '22.7050709', '75.9092087', '6122', '2020-09-07 06:21:42'),
(2075, 57, '19', '22.7050768', '75.909187', '6122', '2020-09-07 06:21:54'),
(2076, 57, '19', '22.7050659', '75.9092124', '6122', '2020-09-07 06:22:05'),
(2077, 57, '19', '22.7050858', '75.909182', '6122', '2020-09-07 06:22:15'),
(2078, 57, '19', '22.7050629', '75.9092153', '6122', '2020-09-07 06:22:30'),
(2079, 57, '19', '22.7050697', '75.9092042', '6122', '2020-09-07 06:22:40'),
(2080, 57, '19', '22.7050682', '75.9092087', '6122', '2020-09-07 06:22:50'),
(2081, 57, '19', '22.7050717', '75.9092008', '6122', '2020-09-07 06:23:01'),
(2082, 57, '19', '22.7050645', '75.9092104', '6122', '2020-09-07 06:23:11'),
(2083, 57, '19', '22.7050651', '75.9092159', '6122', '2020-09-07 06:23:21'),
(2084, 57, '19', '22.7050636', '75.9092204', '6122', '2020-09-07 06:23:31'),
(2085, 57, '19', '22.7050664', '75.9092121', '6122', '2020-09-07 06:24:03'),
(2086, 57, '19', '22.7050768', '75.9091909', '6122', '2020-09-07 06:24:13'),
(2087, 57, '19', '22.7050799', '75.909185', '6122', '2020-09-07 06:24:23'),
(2088, 57, '19', '22.7050748', '75.9091817', '6122', '2020-09-07 06:24:38'),
(2089, 57, '19', '22.7050679', '75.9092022', '6122', '2020-09-07 06:24:48'),
(2090, 57, '19', '22.7050811', '75.9091735', '6122', '2020-09-07 06:24:58'),
(2091, 57, '19', '22.7050788', '75.9091873', '6122', '2020-09-07 06:25:08'),
(2092, 57, '19', '22.7050834', '75.9091648', '6122', '2020-09-07 06:25:18'),
(2093, 57, '19', '22.7050868', '75.9091688', '6122', '2020-09-07 06:25:29'),
(2094, 57, '19', '22.7050799', '75.9091826', '6122', '2020-09-07 06:25:39'),
(2095, 57, '19', '22.7050854', '75.909174', '6122', '2020-09-07 06:25:50'),
(2096, 57, '19', '22.7050716', '75.9091974', '6122', '2020-09-07 06:26:00'),
(2097, 57, '19', '22.7050704', '75.9091974', '6122', '2020-09-07 06:26:11'),
(2098, 57, '19', '22.7050719', '75.9091952', '6122', '2020-09-07 06:26:21'),
(2099, 57, '19', '22.7050722', '75.9091946', '6122', '2020-09-07 06:26:31'),
(2100, 57, '19', '22.705072', '75.9091948', '6122', '2020-09-07 06:26:42'),
(2101, 57, '19', '22.705072', '75.9091949', '6122', '2020-09-07 06:26:53'),
(2102, 57, '19', '22.705072', '75.909195', '6122', '2020-09-07 06:27:03'),
(2103, 57, '19', '22.7050719', '75.9091954', '6122', '2020-09-07 06:27:14'),
(2104, 57, '19', '22.7050719', '75.9091954', '6122', '2020-09-07 06:27:24'),
(2105, 57, '19', '22.7050719', '75.9091956', '6122', '2020-09-07 06:27:34'),
(2106, 57, '19', '22.7050719', '75.9091957', '6122', '2020-09-07 06:27:45'),
(2107, 57, '19', '22.7050808', '75.9091813', '6122', '2020-09-07 06:28:46'),
(2108, 57, '19', '22.705078', '75.9091924', '6122', '2020-09-07 06:28:59'),
(2109, 57, '19', '22.7050679', '75.9092197', '6122', '2020-09-07 06:29:09'),
(2110, 57, '19', '22.7050607', '75.9092167', '6122', '2020-09-07 06:29:24'),
(2111, 57, '19', '22.7050866', '75.9091854', '6122', '2020-09-07 06:29:34'),
(2112, 57, '19', '22.7051081', '75.9091359', '6122', '2020-09-07 06:29:49'),
(2113, 57, '19', '22.705086', '75.9091691', '6122', '2020-09-07 06:30:00'),
(2114, 57, '19', '22.7050598', '75.9092125', '6122', '2020-09-07 06:30:10'),
(2115, 57, '19', '22.7050697', '75.9091833', '6122', '2020-09-07 06:30:21'),
(2116, 57, '19', '22.7050603', '75.9092138', '6122', '2020-09-07 06:30:40'),
(2117, 57, '19', '22.7050992', '75.909157', '6122', '2020-09-07 06:30:52'),
(2118, 57, '19', '22.7050918', '75.9091644', '6122', '2020-09-07 06:31:03'),
(2119, 57, '19', '22.7050768', '75.909196', '6122', '2020-09-07 06:31:13'),
(2120, 57, '19', '22.7050739', '75.9091977', '6122', '2020-09-07 06:31:23'),
(2121, 57, '19', '22.7050743', '75.9091892', '6122', '2020-09-07 06:31:38'),
(2122, 57, '19', '22.7050798', '75.9091853', '6122', '2020-09-07 06:31:48'),
(2123, 57, '19', '22.7051313', '75.9091479', '6122', '2020-09-07 06:31:58'),
(2124, 57, '19', '22.705123', '75.9091586', '6122', '2020-09-07 06:32:08'),
(2125, 57, '19', '22.7050681', '75.9091988', '6122', '2020-09-07 06:32:18'),
(2126, 57, '19', '22.7050698', '75.9091965', '6122', '2020-09-07 06:32:28'),
(2127, 57, '19', '22.7050732', '75.9091937', '6122', '2020-09-07 06:32:38'),
(2128, 57, '19', '22.7050735', '75.9091933', '6122', '2020-09-07 06:32:49'),
(2129, 57, '19', '22.7050735', '75.9091931', '6122', '2020-09-07 06:32:59'),
(2130, 57, '19', '22.7050737', '75.9091929', '6122', '2020-09-07 06:33:09'),
(2131, 57, '19', '22.705086', '75.9091777', '6122', '2020-09-07 06:33:33'),
(2132, 57, '19', '22.7050847', '75.9091805', '6122', '2020-09-07 06:33:44'),
(2133, 57, '19', '22.7050978', '75.9091677', '6122', '2020-09-07 06:33:58'),
(2134, 57, '19', '22.7050863', '75.9091832', '6122', '2020-09-07 06:34:07'),
(2135, 57, '19', '22.7050828', '75.9091869', '6122', '2020-09-07 06:34:17'),
(2136, 57, '19', '22.7050862', '75.9091746', '6122', '2020-09-07 06:34:27'),
(2137, 57, '19', '22.7050873', '75.9091771', '6122', '2020-09-07 06:34:38'),
(2138, 57, '19', '22.7050623', '75.9092216', '6122', '2020-09-07 06:34:48'),
(2139, 57, '19', '22.7050874', '75.9091814', '6122', '2020-09-07 06:34:59'),
(2140, 57, '19', '22.7050815', '75.9091913', '6122', '2020-09-07 06:35:10'),
(2141, 57, '19', '22.7050798', '75.9091915', '6122', '2020-09-07 06:35:20'),
(2142, 57, '19', '22.7050835', '75.9091916', '6122', '2020-09-07 06:35:48'),
(2143, 57, '19', '22.7050798', '75.9091974', '6122', '2020-09-07 06:36:03'),
(2144, 57, '19', '22.7050764', '75.9092038', '6122', '2020-09-07 06:36:13'),
(2145, 57, '19', '22.7050772', '75.9092037', '6122', '2020-09-07 06:36:23'),
(2146, 57, '19', '22.7050825', '75.9091915', '6122', '2020-09-07 06:36:58'),
(2147, 57, '19', '22.7050877', '75.9091779', '6122', '2020-09-07 06:37:12'),
(2148, 57, '19', '22.7050957', '75.9091766', '6122', '2020-09-07 06:37:23'),
(2149, 57, '19', '22.7050826', '75.909199', '6122', '2020-09-07 06:37:33'),
(2150, 57, '19', '22.7050784', '75.9091975', '6122', '2020-09-07 06:37:43'),
(2151, 57, '19', '22.7050924', '75.9091756', '6122', '2020-09-07 06:37:53'),
(2152, 57, '19', '22.7050954', '75.9091749', '6122', '2020-09-07 06:38:04'),
(2153, 57, '19', '22.7050953', '75.9091689', '6122', '2020-09-07 06:38:14'),
(2154, 57, '19', '22.7050877', '75.9091877', '6122', '2020-09-07 06:38:24'),
(2155, 57, '19', '22.7050983', '75.9091448', '6122', '2020-09-07 06:38:35'),
(2156, 57, '19', '22.7050979', '75.9091392', '6122', '2020-09-07 06:38:45'),
(2157, 57, '19', '22.7051029', '75.9091295', '6122', '2020-09-07 06:38:55'),
(2158, 57, '19', '22.7051025', '75.9091469', '6122', '2020-09-07 06:39:07'),
(2159, 57, '19', '22.7050985', '75.9091295', '6122', '2020-09-07 06:39:17'),
(2160, 57, '19', '22.7051047', '75.9091242', '6122', '2020-09-07 06:39:27'),
(2161, 57, '19', '22.7051048', '75.9091233', '6122', '2020-09-07 06:39:37'),
(2162, 57, '19', '22.7051075', '75.9091244', '6122', '2020-09-07 06:39:48'),
(2163, 57, '19', '22.7050992', '75.9091361', '6122', '2020-09-07 06:39:59'),
(2164, 57, '19', '22.705113', '75.9091348', '6122', '2020-09-07 06:40:09'),
(2165, 57, '19', '22.7051178', '75.909128', '6122', '2020-09-07 06:40:20'),
(2166, 57, '19', '22.7050983', '75.9091482', '6122', '2020-09-07 06:40:29'),
(2167, 57, '19', '22.7050982', '75.909142', '6122', '2020-09-07 06:40:40'),
(2168, 57, '19', '22.7050932', '75.9091483', '6122', '2020-09-07 06:40:51'),
(2169, 57, '19', '22.705094', '75.909168', '6122', '2020-09-07 06:41:01'),
(2170, 57, '19', '22.7050991', '75.9091647', '6122', '2020-09-07 06:41:11'),
(2171, 57, '19', '22.7050807', '75.9092', '6122', '2020-09-07 06:41:22'),
(2172, 57, '19', '22.7050638', '75.9092174', '6122', '2020-09-07 06:41:32'),
(2173, 57, '19', '22.7050644', '75.909212', '6122', '2020-09-07 06:41:43'),
(2174, 57, '19', '22.7050628', '75.9092128', '6122', '2020-09-07 06:41:53'),
(2175, 57, '19', '22.7050637', '75.9092184', '6122', '2020-09-07 06:42:03'),
(2176, 57, '19', '22.7050603', '75.9092216', '6122', '2020-09-07 06:42:14'),
(2177, 57, '19', '22.7050633', '75.9092116', '6122', '2020-09-07 06:42:24'),
(2178, 57, '19', '22.70507', '75.9091974', '6122', '2020-09-07 06:42:35'),
(2179, 57, '19', '22.7050733', '75.9091989', '6122', '2020-09-07 06:42:48'),
(2180, 57, '19', '22.7050643', '75.9092213', '6122', '2020-09-07 06:46:59'),
(2181, 57, '19', '22.7050776', '75.9091833', '6122', '2020-09-07 06:47:54'),
(2182, 57, '19', '22.7050785', '75.9091917', '6122', '2020-09-07 06:48:07'),
(2183, 57, '19', '22.7050938', '75.9091739', '6122', '2020-09-07 06:48:20'),
(2184, 57, '19', '22.7050822', '75.9091855', '6122', '2020-09-07 06:48:32'),
(2185, 57, '19', '22.7050746', '75.9091949', '6122', '2020-09-07 06:48:45'),
(2186, 57, '19', '22.7050777', '75.9091903', '6122', '2020-09-07 06:48:57'),
(2187, 57, '19', '22.7050714', '75.909204', '6122', '2020-09-07 06:49:10'),
(2188, 57, '19', '22.7050728', '75.9091995', '6122', '2020-09-07 06:49:22'),
(2189, 57, '19', '22.7050798', '75.909176', '6122', '2020-09-07 06:49:32'),
(2190, 57, '19', '22.7050784', '75.9091861', '6122', '2020-09-07 06:49:42'),
(2191, 57, '19', '22.7050764', '75.9091816', '6122', '2020-09-07 06:49:55'),
(2192, 57, '19', '22.7050741', '75.9092031', '6122', '2020-09-07 06:50:08'),
(2193, 57, '19', '22.7050756', '75.9091986', '6122', '2020-09-07 06:50:20'),
(2194, 57, '19', '22.7050911', '75.9091789', '6122', '2020-09-07 06:50:31'),
(2195, 57, '19', '22.7050765', '75.9092001', '6122', '2020-09-07 06:50:41'),
(2196, 57, '19', '22.7050575', '75.9092239', '6122', '2020-09-07 06:50:51'),
(2197, 57, '19', '22.7050884', '75.9091733', '6122', '2020-09-07 06:51:02'),
(2198, 57, '19', '22.7050731', '75.9092034', '6122', '2020-09-07 06:51:12'),
(2199, 57, '19', '22.7050732', '75.9091965', '6122', '2020-09-07 06:51:23'),
(2200, 57, '19', '22.7050891', '75.9091738', '6122', '2020-09-07 06:51:50'),
(2201, 57, '19', '22.7050866', '75.9091765', '6122', '2020-09-07 06:52:04'),
(2202, 57, '19', '22.7050841', '75.9091795', '6122', '2020-09-07 06:52:16'),
(2203, 57, '19', '22.7050856', '75.909172', '6122', '2020-09-07 06:52:29'),
(2204, 57, '19', '22.705085', '75.9091858', '6122', '2020-09-07 06:52:42'),
(2205, 57, '19', '22.7050899', '75.9091758', '6122', '2020-09-07 06:52:54'),
(2206, 57, '19', '22.7050944', '75.9091753', '6122', '2020-09-07 06:53:05'),
(2207, 57, '19', '22.7050988', '75.909166', '6122', '2020-09-07 06:53:15'),
(2208, 57, '19', '22.7051002', '75.9091632', '6122', '2020-09-07 06:53:26'),
(2209, 57, '19', '22.7050971', '75.909158', '6122', '2020-09-07 06:53:36'),
(2210, 57, '19', '22.7050998', '75.9091597', '6122', '2020-09-07 06:53:46'),
(2211, 57, '19', '22.7051013', '75.9091477', '6122', '2020-09-07 06:53:57'),
(2212, 57, '19', '22.7051017', '75.9091613', '6122', '2020-09-07 06:54:08'),
(2213, 57, '19', '22.7050979', '75.9091791', '6122', '2020-09-07 06:54:18'),
(2214, 57, '19', '22.7050813', '75.9091863', '6122', '2020-09-07 06:54:29'),
(2215, 57, '19', '22.7050982', '75.9091589', '6122', '2020-09-07 06:54:39'),
(2216, 57, '19', '22.7050928', '75.9091805', '6122', '2020-09-07 06:54:49'),
(2217, 57, '19', '22.705099', '75.9091801', '6122', '2020-09-07 06:55:00'),
(2218, 57, '19', '22.7051055', '75.9091713', '6122', '2020-09-07 06:55:10'),
(2219, 57, '19', '22.7051014', '75.9091707', '6122', '2020-09-07 06:55:21'),
(2220, 57, '19', '22.7051019', '75.909168', '6122', '2020-09-07 06:55:41'),
(2221, 57, '19', '22.7051091', '75.9091441', '6122', '2020-09-07 06:55:42'),
(2222, 57, '19', '22.705105', '75.9091603', '6122', '2020-09-07 06:58:45'),
(2223, 57, '19', '22.7050979', '75.9091615', '6122', '2020-09-07 06:58:45'),
(2224, 57, '19', '22.7051036', '75.9091624', '6122', '2020-09-07 06:58:45'),
(2225, 57, '19', '22.7050856', '75.9091845', '6122', '2020-09-07 06:58:45'),
(2226, 57, '19', '22.7050981', '75.9091676', '6122', '2020-09-07 06:58:45'),
(2227, 57, '19', '22.7051014', '75.9091426', '6122', '2020-09-07 06:58:46'),
(2228, 57, '19', '22.7051049', '75.9091635', '6122', '2020-09-07 06:58:46'),
(2229, 57, '19', '22.7051009', '75.9091632', '6122', '2020-09-07 06:58:46'),
(2230, 57, '19', '22.7051104', '75.9091501', '6122', '2020-09-07 06:58:46'),
(2231, 57, '19', '22.7051049', '75.9091569', '6122', '2020-09-07 06:58:46'),
(2232, 57, '19', '22.7051005', '75.9091663', '6122', '2020-09-07 06:58:46'),
(2233, 57, '19', '22.7051069', '75.9091556', '6122', '2020-09-07 06:58:46'),
(2234, 57, '19', '22.7051006', '75.9091666', '6122', '2020-09-07 06:58:46'),
(2235, 57, '19', '22.7050953', '75.9091665', '6122', '2020-09-07 06:58:46'),
(2236, 57, '19', '22.7050962', '75.9091649', '6122', '2020-09-07 06:58:46'),
(2237, 57, '19', '22.7051115', '75.9091501', '6122', '2020-09-07 06:58:46'),
(2238, 57, '19', '22.7050982', '75.909165', '6122', '2020-09-07 06:58:46'),
(2239, 57, '19', '22.7051032', '75.9091599', '6122', '2020-09-07 06:58:49'),
(2240, 57, '19', '22.7051011', '75.9091619', '6122', '2020-09-07 06:59:18'),
(2241, 57, '', '22.7051011', '75.9091619', '6122', '2020-09-07 06:59:29'),
(2242, 57, '', '22.7050775', '75.9091943', '6122', '2020-09-07 06:59:40'),
(2243, 57, '', '22.7050775', '75.9091943', '6122', '2020-09-07 06:59:50'),
(2244, 57, '19', '22.7050775', '75.9091943', '6122', '2020-09-07 07:00:00'),
(2245, 57, '19', '22.705078', '75.9092021', '6122', '2020-09-07 07:13:59'),
(2246, 57, '19', '22.7050847', '75.90919', '6122', '2020-09-07 07:14:10'),
(2247, 57, '19', '22.7050662', '75.9092167', '6122', '2020-09-07 07:14:23'),
(2248, 57, '19', '22.705066', '75.9092242', '6122', '2020-09-07 07:14:34'),
(2249, 57, '19', '22.7050754', '75.9092013', '6122', '2020-09-07 07:14:44'),
(2250, 57, '19', '22.7050766', '75.9091876', '6122', '2020-09-07 07:14:54'),
(2251, 57, '19', '22.7050844', '75.9091917', '6122', '2020-09-07 07:15:05'),
(2252, 57, '19', '22.7050865', '75.9091786', '6122', '2020-09-07 07:15:15'),
(2253, 57, '19', '22.7050938', '75.9091658', '6122', '2020-09-07 07:15:25'),
(2254, 57, '19', '22.7051021', '75.9091613', '6122', '2020-09-07 07:15:36'),
(2255, 57, '19', '22.7051003', '75.9091684', '6122', '2020-09-07 07:15:47'),
(2256, 57, '19', '22.7051055', '75.9091554', '6122', '2020-09-07 07:15:58'),
(2257, 57, '19', '22.7050949', '75.9091698', '6122', '2020-09-07 07:16:40'),
(2258, 57, '19', '22.7050894', '75.9091824', '6122', '2020-09-07 07:16:51'),
(2259, 57, '19', '22.7051012', '75.9091535', '6122', '2020-09-07 07:17:03'),
(2260, 57, '19', '22.705084', '75.9091913', '6122', '2020-09-07 07:17:13'),
(2261, 57, '19', '22.7050795', '75.9092006', '6122', '2020-09-07 07:17:24'),
(2262, 57, '19', '22.7050832', '75.9091856', '6122', '2020-09-07 07:17:34'),
(2263, 57, '19', '22.7050843', '75.9091823', '6122', '2020-09-07 07:17:45'),
(2264, 57, '19', '22.7050843', '75.9091903', '6122', '2020-09-07 07:17:55'),
(2265, 57, '19', '22.7050777', '75.9091995', '6122', '2020-09-07 07:18:06'),
(2266, 57, '19', '22.7050704', '75.9092124', '6122', '2020-09-07 07:18:17'),
(2267, 57, '19', '22.705076', '75.9092022', '6122', '2020-09-07 07:18:27'),
(2268, 57, '19', '22.7050737', '75.9092061', '6122', '2020-09-07 07:18:37'),
(2269, 57, '19', '22.7050732', '75.9092061', '6122', '2020-09-07 07:18:48'),
(2270, 57, '19', '22.7050804', '75.9091953', '6122', '2020-09-07 07:18:58'),
(2271, 57, '19', '22.7050782', '75.9091986', '6122', '2020-09-07 07:19:09'),
(2272, 57, '19', '22.7050788', '75.9092018', '6122', '2020-09-07 07:19:28'),
(2273, 57, '19', '22.7050796', '75.9092014', '6122', '2020-09-07 07:19:43'),
(2274, 57, '19', '22.7050913', '75.9091854', '6122', '2020-09-07 07:19:53'),
(2275, 57, '19', '22.705084', '75.9091741', '6122', '2020-09-07 07:20:06'),
(2276, 57, '19', '22.7050839', '75.9091776', '6122', '2020-09-07 07:20:17'),
(2277, 57, '19', '22.7050823', '75.9091932', '6122', '2020-09-07 07:20:27'),
(2278, 57, '19', '22.7050781', '75.9092001', '6122', '2020-09-07 07:20:37'),
(2279, 57, '19', '22.7050787', '75.9092003', '6122', '2020-09-07 07:20:48'),
(2280, 57, '19', '22.7050807', '75.9092003', '6122', '2020-09-07 07:20:59'),
(2281, 57, '19', '22.7050618', '75.9092151', '6122', '2020-09-07 07:21:09'),
(2282, 57, '19', '22.7050795', '75.9091972', '6122', '2020-09-07 07:21:20'),
(2283, 57, '19', '22.7050844', '75.9091893', '6122', '2020-09-07 07:21:30'),
(2284, 57, '19', '22.7050834', '75.9091867', '6122', '2020-09-07 07:21:40'),
(2285, 57, '19', '22.7050852', '75.9091868', '6122', '2020-09-07 07:21:51'),
(2286, 57, '19', '22.7050874', '75.9091866', '6122', '2020-09-07 07:22:01'),
(2287, 57, '19', '22.7050816', '75.909195', '6122', '2020-09-07 07:22:12'),
(2288, 57, '19', '22.705073', '75.9092072', '6122', '2020-09-07 07:22:22'),
(2289, 57, '19', '22.7050746', '75.9091999', '6122', '2020-09-07 07:22:32'),
(2290, 57, '19', '22.7050733', '75.9092016', '6122', '2020-09-07 07:22:43'),
(2291, 57, '19', '22.7050854', '75.9091866', '6122', '2020-09-07 07:22:53'),
(2292, 57, '19', '22.705081', '75.9091915', '6122', '2020-09-07 07:23:03'),
(2293, 57, '19', '22.7050824', '75.9091891', '6122', '2020-09-07 07:23:14'),
(2294, 57, '19', '22.7050806', '75.9091999', '6122', '2020-09-07 07:23:25'),
(2295, 57, '19', '22.70509', '75.9091851', '6122', '2020-09-07 07:23:35'),
(2296, 57, '19', '22.7050903', '75.9091828', '6122', '2020-09-07 07:24:43'),
(2297, 57, '19', '22.7050953', '75.9091722', '6122', '2020-09-07 07:24:44'),
(2298, 57, '19', '22.705085', '75.9091888', '6122', '2020-09-07 07:24:57'),
(2299, 57, '19', '22.7050862', '75.9091772', '6122', '2020-09-07 07:25:08'),
(2300, 57, '19', '22.7050803', '75.9091981', '6122', '2020-09-07 07:25:18'),
(2301, 57, '19', '22.7050828', '75.909195', '6122', '2020-09-07 07:25:28'),
(2302, 57, '19', '22.7050802', '75.9091966', '6122', '2020-09-07 07:25:38'),
(2303, 57, '19', '22.7050772', '75.9091997', '6122', '2020-09-07 07:25:48'),
(2304, 57, '19', '22.7050772', '75.9091986', '6122', '2020-09-07 07:25:59'),
(2305, 57, '19', '22.7050812', '75.9091931', '6122', '2020-09-07 07:26:09'),
(2306, 57, '19', '22.7050597', '75.9092259', '6122', '2020-09-07 07:26:20'),
(2307, 57, '19', '22.7050625', '75.9092191', '6122', '2020-09-07 07:26:30'),
(2308, 57, '19', '22.7050788', '75.9091946', '6122', '2020-09-07 07:26:41'),
(2309, 57, '19', '22.7050793', '75.9091922', '6122', '2020-09-07 07:26:51'),
(2310, 57, '19', '22.7050776', '75.9091977', '6122', '2020-09-07 07:27:02'),
(2311, 57, '19', '22.7050759', '75.9092024', '6122', '2020-09-07 07:27:12'),
(2312, 57, '19', '22.7050786', '75.9091985', '6122', '2020-09-07 07:27:22'),
(2313, 57, '19', '22.7050868', '75.9091869', '6122', '2020-09-07 07:27:58'),
(2314, 57, '19', '22.7050853', '75.9091786', '6122', '2020-09-07 07:28:10'),
(2315, 57, '19', '22.7050817', '75.9091832', '6122', '2020-09-07 07:28:21'),
(2316, 57, '19', '22.705076', '75.909197', '6122', '2020-09-07 07:28:31'),
(2317, 57, '19', '22.7050871', '75.909163', '6122', '2020-09-07 07:28:51'),
(2318, 57, '19', '22.7050806', '75.9091764', '6122', '2020-09-07 07:29:04'),
(2319, 57, '19', '22.7050715', '75.9092072', '6122', '2020-09-07 07:29:14'),
(2320, 57, '19', '22.7050812', '75.9091986', '6122', '2020-09-07 07:29:24'),
(2321, 57, '19', '22.7050916', '75.9091685', '6122', '2020-09-07 07:29:34'),
(2322, 57, '19', '22.705097', '75.9091631', '6122', '2020-09-07 07:29:45'),
(2323, 57, '19', '22.7051005', '75.9091624', '6122', '2020-09-07 07:29:55'),
(2324, 57, '19', '22.7050797', '75.9091896', '6122', '2020-09-07 07:30:06'),
(2325, 57, '19', '22.7050883', '75.9091865', '6122', '2020-09-07 07:30:16'),
(2326, 57, '19', '22.705097', '75.9091661', '6122', '2020-09-07 07:30:27'),
(2327, 57, '19', '22.7050907', '75.9091793', '6122', '2020-09-07 07:30:45'),
(2328, 57, '19', '22.7050896', '75.9091804', '6122', '2020-09-07 07:30:56'),
(2329, 57, '19', '22.7050896', '75.9091804', '6122', '2020-09-07 07:31:05'),
(2330, 57, '19', '22.7050896', '75.9091804', '6122', '2020-09-07 07:31:23'),
(2331, 57, '19', '22.7050952', '75.9091718', '6122', '2020-09-07 07:31:37'),
(2332, 57, '19', '22.7050877', '75.9091802', '6122', '2020-09-07 07:31:48'),
(2333, 57, '19', '22.7051002', '75.9091662', '6122', '2020-09-07 07:31:59'),
(2334, 57, '19', '22.7050832', '75.9091884', '6122', '2020-09-07 07:32:09'),
(2335, 57, '19', '22.7050881', '75.9091804', '6122', '2020-09-07 07:32:19'),
(2336, 57, '19', '22.7050856', '75.9091831', '6122', '2020-09-07 07:32:30'),
(2337, 57, '19', '22.7050895', '75.9091776', '6122', '2020-09-07 07:32:40'),
(2338, 57, '19', '22.7050856', '75.9091821', '6122', '2020-09-07 07:32:50'),
(2339, 57, '19', '22.7050859', '75.9091859', '6122', '2020-09-07 07:33:01'),
(2340, 57, '19', '22.705102', '75.9091629', '6122', '2020-09-07 07:33:11'),
(2341, 57, '19', '22.7050897', '75.9091745', '6122', '2020-09-07 07:33:22'),
(2342, 57, '19', '22.7050822', '75.9091923', '6122', '2020-09-07 07:33:32'),
(2343, 57, '19', '22.7050787', '75.9091997', '6122', '2020-09-07 07:33:43'),
(2344, 57, '19', '22.7050819', '75.9091843', '6122', '2020-09-07 07:33:53'),
(2345, 57, '19', '22.7050804', '75.9091886', '6122', '2020-09-07 07:34:04'),
(2346, 57, '19', '22.7051009', '75.9091589', '6122', '2020-09-07 07:34:14'),
(2347, 57, '19', '22.7050781', '75.9091894', '6122', '2020-09-07 07:34:25'),
(2348, 57, '19', '22.7050805', '75.9091862', '6122', '2020-09-07 07:34:35'),
(2349, 57, '19', '22.7050804', '75.9091862', '6122', '2020-09-07 07:34:46'),
(2350, 57, '19', '22.7050805', '75.9091862', '6122', '2020-09-07 07:34:56'),
(2351, 57, '19', '22.7050805', '75.9091862', '6122', '2020-09-07 07:35:07'),
(2352, 57, '19', '22.7050862', '75.9091853', '6122', '2020-09-07 07:35:42'),
(2353, 57, '19', '22.7050862', '75.9091832', '6122', '2020-09-07 07:35:58'),
(2354, 57, '19', '22.705085', '75.9091799', '6122', '2020-09-07 07:36:10'),
(2355, 57, '19', '22.7050772', '75.9091907', '6122', '2020-09-07 07:36:21'),
(2356, 57, '19', '22.7050738', '75.9091995', '6122', '2020-09-07 07:36:32'),
(2357, 57, '19', '22.7050734', '75.9092011', '6122', '2020-09-07 07:36:42'),
(2358, 57, '19', '22.7050767', '75.909202', '6122', '2020-09-07 07:36:52'),
(2359, 57, '19', '22.7050753', '75.9091966', '6122', '2020-09-07 07:37:02'),
(2360, 57, '19', '22.705095', '75.909145', '6122', '2020-09-07 07:37:13'),
(2361, 57, '19', '22.7050946', '75.9091585', '6122', '2020-09-07 07:37:24'),
(2362, 57, '19', '22.7050947', '75.9091358', '6122', '2020-09-07 07:37:34'),
(2363, 57, '19', '22.7050915', '75.9091603', '6122', '2020-09-07 07:37:44'),
(2364, 57, '19', '22.7050856', '75.9091864', '6122', '2020-09-07 07:37:55'),
(2365, 57, '19', '22.7050993', '75.9091605', '6122', '2020-09-07 07:38:06'),
(2366, 57, '', '22.705102', '75.9091528', '6122', '2020-09-07 07:38:16'),
(2367, 57, '19', '22.7050789', '75.9092033', '6122', '2020-09-07 07:38:27'),
(2368, 57, '19', '22.705075', '75.9092037', '6122', '2020-09-07 07:38:37'),
(2369, 57, '', '22.705064', '75.9092166', '6122', '2020-09-07 07:38:48'),
(2370, 57, '19', '22.70511607116573', '75.90923163994066', NULL, '2020-09-07 08:47:09'),
(2371, 57, '19', '22.7050815', '75.9091784', '6122', '2020-09-07 09:53:38'),
(2372, 57, '19', '22.7050979', '75.9091701', '6122', '2020-09-07 09:53:48'),
(2373, 57, '19', '22.70506', '75.9092139', '6122', '2020-09-07 09:54:08'),
(2374, 57, '19', '22.7050993', '75.9091668', '6122', '2020-09-07 09:54:25'),
(2375, 57, '19', '22.7050737', '75.9092112', '6122', '2020-09-07 09:54:45'),
(2376, 57, '19', '22.7050582', '75.9092316', '6122', '2020-09-07 09:54:56'),
(2377, 57, '19', '22.7050606', '75.9092233', '6122', '2020-09-07 09:55:06'),
(2378, 57, '19', '22.7051245', '75.9091339', '6122', '2020-09-07 09:55:27'),
(2379, 57, '19', '22.705105', '75.9091257', '6122', '2020-09-07 09:59:14'),
(2380, 57, '19', '22.7051034', '75.9091292', '6122', '2020-09-07 09:59:23'),
(2381, 57, '19', '22.7051038', '75.909118', '6122', '2020-09-07 09:59:37'),
(2382, 57, '19', '22.7050553', '75.9091315', '6122', '2020-09-07 09:59:47'),
(2383, 57, '19', '22.7050501', '75.9091326', '6122', '2020-09-07 09:59:56'),
(2384, 57, '19', '22.7050894', '75.9091516', '6122', '2020-09-07 10:00:10'),
(2385, 57, '19', '22.7050896', '75.909162', '6122', '2020-09-07 10:00:20'),
(2386, 57, '19', '22.705098', '75.9091349', '6122', '2020-09-07 10:00:30'),
(2387, 57, '19', '22.7050515', '75.9092178', '6122', '2020-09-07 10:00:40'),
(2388, 57, '19', '22.7050672', '75.909169', '6122', '2020-09-07 10:00:50'),
(2389, 57, '19', '22.7051212', '75.9091214', '6122', '2020-09-07 10:01:00'),
(2390, 57, '19', '22.705033', '75.9091479', '6122', '2020-09-07 10:01:10'),
(2391, 57, '19', '22.7050324', '75.9091479', '6122', '2020-09-07 10:01:20'),
(2392, 57, '19', '22.7050328', '75.9091483', '6122', '2020-09-07 10:01:30'),
(2393, 57, '19', '22.7050329', '75.9091485', '6122', '2020-09-07 10:01:40'),
(2394, 57, '19', '22.7050315', '75.909148', '6122', '2020-09-07 10:01:50'),
(2395, 57, '19', '22.7050297', '75.9091472', '6122', '2020-09-07 10:02:00'),
(2396, 57, '19', '22.7050293', '75.9091469', '6122', '2020-09-07 10:02:10'),
(2397, 57, '19', '22.7050287', '75.9091465', '6122', '2020-09-07 10:02:20'),
(2398, 57, '19', '22.7050278', '75.9091462', '6122', '2020-09-07 10:02:30'),
(2399, 57, '19', '22.705027', '75.9091456', '6122', '2020-09-07 10:02:40'),
(2400, 57, '19', '22.7050262', '75.9091455', '6122', '2020-09-07 10:02:50'),
(2401, 57, '19', '22.7050259', '75.9091454', '6122', '2020-09-07 10:03:00'),
(2402, 57, '19', '22.7050247', '75.9091449', '6122', '2020-09-07 10:03:10'),
(2403, 57, '19', '22.705025', '75.9091468', '6122', '2020-09-07 10:03:20'),
(2404, 57, '19', '22.7050246', '75.9091465', '6122', '2020-09-07 10:03:30'),
(2405, 57, '19', '22.7050255', '75.9091451', '6122', '2020-09-07 10:03:40'),
(2406, 57, '19', '22.7050252', '75.9091449', '6122', '2020-09-07 10:03:50'),
(2407, 57, '19', '22.7050249', '75.9091448', '6122', '2020-09-07 10:04:00');
INSERT INTO `save_lat_long` (`id`, `chaperone_id`, `trip_id`, `latitude`, `longitude`, `travel_time`, `created_date`) VALUES
(2408, 57, '19', '22.7050252', '75.9091449', '6122', '2020-09-07 10:04:10'),
(2409, 57, '19', '22.7050251', '75.909145', '6122', '2020-09-07 10:04:20'),
(2410, 57, '19', '22.7050249', '75.9091451', '6122', '2020-09-07 10:04:30'),
(2411, 57, '19', '22.7050249', '75.9091451', '6122', '2020-09-07 10:04:37'),
(2412, 57, '19', '22.705025', '75.9091452', '6122', '2020-09-07 10:04:47'),
(2413, 57, '19', '22.7050249', '75.9091452', '6122', '2020-09-07 10:04:57'),
(2414, 57, '19', '22.7050249', '75.9091452', '6122', '2020-09-07 10:05:10'),
(2415, 57, '19', '22.7050253', '75.9091453', '6122', '2020-09-07 10:05:21'),
(2416, 57, '19', '22.7050253', '75.9091454', '6122', '2020-09-07 10:05:31'),
(2417, 57, '19', '22.7050253', '75.9091454', '6122', '2020-09-07 10:05:45'),
(2418, 57, '19', '22.7050254', '75.9091453', '6122', '2020-09-07 10:05:48'),
(2419, 57, '19', '22.7050255', '75.9091454', '6122', '2020-09-07 10:06:02'),
(2420, 57, '19', '22.7050254', '75.9091452', '6122', '2020-09-07 10:06:12'),
(2421, 57, '19', '22.7050253', '75.9091452', '6122', '2020-09-07 10:06:22'),
(2422, 57, '19', '22.7050253', '75.9091452', '6122', '2020-09-07 10:06:32'),
(2423, 57, '19', '22.705025', '75.9091451', '6122', '2020-09-07 10:06:42'),
(2424, 57, '19', '22.7050251', '75.9091451', '6122', '2020-09-07 10:06:52'),
(2425, 57, '19', '22.7050245', '75.9091448', '6122', '2020-09-07 10:07:02'),
(2426, 57, '19', '22.7050572', '75.9092275', '6122', '2020-09-07 10:07:23'),
(2427, 57, '19', '22.7051178', '75.9091236', '6122', '2020-09-07 10:07:37'),
(2428, 57, '19', '22.7050737', '75.9091719', '6122', '2020-09-07 10:07:49'),
(2429, 57, '19', '22.7050907', '75.9091405', '6122', '2020-09-07 10:07:57'),
(2430, 57, '19', '22.7051172', '75.9091263', '6122', '2020-09-07 10:08:07'),
(2431, 57, '19', '22.7051002', '75.9091554', '6122', '2020-09-07 10:08:17'),
(2432, 57, '19', '22.7050354', '75.9091529', '6122', '2020-09-07 10:08:31'),
(2433, 57, '19', '22.7051141', '75.9091476', '6122', '2020-09-07 10:08:40'),
(2434, 57, '19', '22.705127', '75.9091154', '6122', '2020-09-07 10:08:51'),
(2435, 57, '19', '22.7050675', '75.9091989', '6122', '2020-09-07 10:08:58'),
(2436, 57, '19', '22.7050834', '75.9091673', '6122', '2020-09-07 10:09:09'),
(2437, 57, '19', '22.7050591', '75.9091548', '6122', '2020-09-07 10:09:23'),
(2438, 57, '19', '22.705045', '75.9091478', '6122', '2020-09-07 10:09:29'),
(2439, 57, '19', '22.7050538', '75.9092135', '6122', '2020-09-07 10:09:44'),
(2440, 57, '19', '22.7050494', '75.9092154', '6122', '2020-09-07 10:09:54'),
(2441, 57, '19', '22.7050541', '75.909217', '6122', '2020-09-07 10:10:04'),
(2442, 57, '19', '22.7050575', '75.9092276', '6122', '2020-09-07 10:10:14'),
(2443, 57, '19', '22.7050613', '75.9091927', '6122', '2020-09-07 10:10:23'),
(2444, 57, '19', '22.7050607', '75.9092148', '6122', '2020-09-07 10:10:39'),
(2445, 57, '19', '22.7050329', '75.9091495', '6122', '2020-09-07 10:10:49'),
(2446, 57, '19', '22.705033', '75.9091495', '6122', '2020-09-07 10:10:59'),
(2447, 57, '19', '22.7050331', '75.9091495', '6122', '2020-09-07 10:11:09'),
(2448, 57, '19', '22.7050332', '75.9091496', '6122', '2020-09-07 10:11:15'),
(2449, 57, '19', '22.7050329', '75.9091495', '6122', '2020-09-07 10:11:29'),
(2450, 57, '19', '22.705033', '75.9091497', '6122', '2020-09-07 10:11:40'),
(2451, 57, '19', '22.7050336', '75.9091495', '6122', '2020-09-07 10:11:50'),
(2452, 57, '19', '22.7050337', '75.9091494', '6122', '2020-09-07 10:12:00'),
(2453, 57, '19', '22.7050336', '75.9091493', '6122', '2020-09-07 10:12:09'),
(2454, 57, '19', '22.7050335', '75.9091493', '6122', '2020-09-07 10:12:20'),
(2455, 57, '19', '22.7050334', '75.9091492', '6122', '2020-09-07 10:12:33'),
(2456, 57, '19', '22.7050332', '75.9091492', '6122', '2020-09-07 10:12:36'),
(2457, 57, '19', '22.7050348', '75.9091442', '6122', '2020-09-07 10:12:51'),
(2458, 57, '19', '22.7050349', '75.909144', '6122', '2020-09-07 10:13:05'),
(2459, 57, '19', '22.7050343', '75.9091445', '6122', '2020-09-07 10:13:15'),
(2460, 57, '19', '22.7050342', '75.9091448', '6122', '2020-09-07 10:13:25'),
(2461, 57, '19', '22.7050343', '75.9091446', '6122', '2020-09-07 10:13:35'),
(2462, 57, '19', '22.7050346', '75.9091445', '6122', '2020-09-07 10:13:45'),
(2463, 57, '19', '22.7050348', '75.9091445', '6122', '2020-09-07 10:13:53'),
(2464, 57, '19', '22.7050349', '75.9091447', '6122', '2020-09-07 10:14:06'),
(2465, 57, '19', '22.705035', '75.9091445', '6122', '2020-09-07 10:14:16'),
(2466, 57, '19', '22.7050347', '75.9091446', '6122', '2020-09-07 10:14:30'),
(2467, 57, '19', '22.705101', '75.9091575', '6122', '2020-09-07 10:15:05'),
(2468, 57, '19', '22.7050808', '75.9091524', '6122', '2020-09-07 10:15:11'),
(2469, 57, '19', '22.7050788', '75.9091524', '6122', '2020-09-07 10:15:21'),
(2470, 57, '19', '22.7050556', '75.90922', '6122', '2020-09-07 10:15:32'),
(2471, 57, '19', '22.7050436', '75.9091843', '6122', '2020-09-07 10:16:11'),
(2472, 57, '19', '22.7050407', '75.9091965', '6122', '2020-09-07 10:16:22'),
(2473, 57, '19', '22.705103', '75.9091261', '6122', '2020-09-07 10:16:35'),
(2474, 57, '19', '22.7050501', '75.9092459', '6122', '2020-09-07 10:16:45'),
(2475, 57, '19', '22.7051034', '75.9091874', '6122', '2020-09-07 10:16:56'),
(2476, 57, '19', '22.7050892', '75.9092046', '6122', '2020-09-07 10:17:05'),
(2477, 57, '19', '22.7050789', '75.9092114', '6122', '2020-09-07 10:17:17'),
(2478, 57, '19', '22.7050903', '75.9091882', '6122', '2020-09-07 10:17:27'),
(2479, 57, '19', '22.7050965', '75.9091572', '6122', '2020-09-07 10:17:43'),
(2480, 57, '19', '22.7051405', '75.9091139', '6122', '2020-09-07 10:17:52'),
(2481, 57, '', '22.7051319', '75.9091047', '6122', '2020-09-07 10:18:02'),
(2482, 57, '', '22.7051204', '75.9091214', '6122', '2020-09-07 10:18:12'),
(2483, 57, '', '22.7051158', '75.9091323', '6122', '2020-09-07 10:18:22'),
(2484, 57, '', '22.7050668', '75.9092156', '6122', '2020-09-07 10:18:32'),
(2485, 57, '', '22.7050349', '75.9091444', '6122', '2020-09-07 10:18:42'),
(2486, 57, '', '22.7051176', '75.9091421', '6122', '2020-09-07 10:18:52'),
(2487, 57, '', '22.7050673', '75.9092254', '6122', '2020-09-07 10:19:02'),
(2488, 57, '', '22.7050593', '75.9092554', '6122', '2020-09-07 10:19:10'),
(2489, 57, '19', '22.705063', '75.9092076', '6122', '2020-09-07 10:19:19'),
(2490, 57, '19', '22.7050633', '75.9092178', '6122', '2020-09-07 10:19:34'),
(2491, 57, '19', '22.7050651', '75.9092076', '6122', '2020-09-07 10:19:43'),
(2492, 57, '19', '22.7050596', '75.9092366', '6122', '2020-09-07 10:20:14'),
(2493, 57, '19', '22.7050608', '75.9092248', '6122', '2020-09-07 10:20:25'),
(2494, 57, '19', '22.7050678', '75.9092244', '6122', '2020-09-07 10:20:39'),
(2495, 57, '19', '22.7050577', '75.9092278', '6122', '2020-09-07 10:20:50'),
(2496, 57, '19', '22.7050307', '75.9092222', '6122', '2020-09-07 10:20:59'),
(2497, 57, '19', '22.7050461', '75.9092391', '6122', '2020-09-07 10:21:10'),
(2498, 57, '19', '22.7050616', '75.9092249', '6122', '2020-09-07 10:21:26'),
(2499, 57, '19', '22.7050585', '75.9092307', '6122', '2020-09-07 10:21:44'),
(2500, 57, '19', '22.7050583', '75.9092301', '6122', '2020-09-07 10:21:50'),
(2501, 57, '19', '22.7050722', '75.9092055', '6122', '2020-09-07 10:22:10'),
(2502, 57, '19', '22.7050778', '75.9091931', '6122', '2020-09-07 12:08:25'),
(2503, 57, '19', '22.7050875', '75.9091679', '6122', '2020-09-07 12:08:34'),
(2504, 57, '19', '22.7050941', '75.9091686', '6122', '2020-09-07 12:08:46'),
(2505, 57, '19', '22.7050925', '75.9091705', '6122', '2020-09-07 12:08:55'),
(2506, 57, '19', '22.7050905', '75.9091625', '6122', '2020-09-07 12:09:04'),
(2507, 57, '19', '22.7050975', '75.9091605', '6122', '2020-09-07 12:09:15'),
(2508, 57, '19', '22.7050776', '75.9091865', '6122', '2020-09-07 12:09:26'),
(2509, 57, '19', '22.705081', '75.9091738', '6122', '2020-09-07 12:09:38'),
(2510, 57, '19', '22.7050701', '75.9091902', '6122', '2020-09-07 12:09:48'),
(2511, 57, '19', '22.7050871', '75.9091631', '6122', '2020-09-07 12:09:59'),
(2512, 57, '19', '22.7050664', '75.9092088', '6122', '2020-09-07 12:10:08'),
(2513, 57, '19', '22.7050663', '75.9092025', '6122', '2020-09-07 12:10:19'),
(2514, 57, '19', '22.7050647', '75.909206', '6122', '2020-09-07 12:10:30'),
(2515, 57, '19', '22.7050716', '75.909199', '6122', '2020-09-07 12:10:41'),
(2516, 57, '19', '22.7050673', '75.9092028', '6122', '2020-09-07 12:10:51'),
(2517, 57, '19', '22.7050718', '75.9092017', '6122', '2020-09-07 12:11:02'),
(2518, 57, '19', '22.7050957', '75.9091664', '6122', '2020-09-07 12:11:13'),
(2519, 57, '19', '22.7050773', '75.9091841', '6122', '2020-09-07 12:11:24'),
(2520, 57, '19', '22.7050864', '75.909178', '6122', '2020-09-07 12:11:33'),
(2521, 57, '19', '22.7050669', '75.9092127', '6122', '2020-09-07 12:11:45'),
(2522, 57, '19', '22.7050702', '75.9092078', '6122', '2020-09-07 12:11:55'),
(2523, 57, '19', '22.7050655', '75.9092173', '6122', '2020-09-07 12:12:05'),
(2524, 57, '19', '22.7050884', '75.9091666', '6122', '2020-09-07 12:12:21'),
(2525, 57, '19', '22.7050732', '75.9091923', '6122', '2020-09-07 12:12:26'),
(2526, 57, '19', '22.7050574', '75.9092267', '6122', '2020-09-07 12:12:37'),
(2527, 57, '19', '22.7050577', '75.9092208', '6122', '2020-09-07 12:12:47'),
(2528, 57, '19', '22.7050544', '75.9092223', '6122', '2020-09-07 12:12:57'),
(2529, 57, '19', '22.705059', '75.9092147', '6122', '2020-09-07 12:13:08'),
(2530, 57, '19', '22.7050553', '75.9092222', '6122', '2020-09-07 12:13:17'),
(2531, 57, '19', '22.7050526', '75.9092336', '6122', '2020-09-07 12:13:28'),
(2532, 57, '19', '22.7050486', '75.9092332', '6122', '2020-09-07 12:13:38'),
(2533, 57, '19', '22.7050801', '75.90923', '6122', '2020-09-07 12:13:49'),
(2534, 57, '19', '22.7050793', '75.9092117', '6122', '2020-09-07 12:13:59'),
(2535, 57, '19', '22.705066', '75.909208', '6122', '2020-09-07 12:14:09'),
(2536, 57, '19', '22.7050657', '75.9091986', '6122', '2020-09-07 12:14:20'),
(2537, 57, '19', '22.7050723', '75.9091967', '6122', '2020-09-07 12:14:31'),
(2538, 57, '19', '22.7050682', '75.9092018', '6122', '2020-09-07 12:14:41'),
(2539, 57, '19', '22.7050669', '75.9091972', '6122', '2020-09-07 12:14:52'),
(2540, 57, '19', '22.7050716', '75.9092018', '6122', '2020-09-07 12:15:03'),
(2541, 57, '19', '22.7050649', '75.9091985', '6122', '2020-09-07 12:15:14'),
(2542, 57, '19', '22.7050643', '75.909214', '6122', '2020-09-07 12:15:25'),
(2543, 57, '19', '22.7050647', '75.9092028', '6122', '2020-09-07 12:15:35'),
(2544, 57, '19', '22.7050595', '75.909216', '6122', '2020-09-07 12:15:45'),
(2545, 57, '19', '22.7050624', '75.9092206', '6122', '2020-09-07 12:15:56'),
(2546, 57, '19', '22.7050693', '75.9091959', '6122', '2020-09-07 12:16:05'),
(2547, 57, '19', '22.7050619', '75.9092149', '6122', '2020-09-07 12:16:16'),
(2548, 57, '19', '22.7050662', '75.9092221', '6122', '2020-09-07 12:16:27'),
(2549, 57, '19', '22.7050754', '75.909193', '6122', '2020-09-07 12:16:38'),
(2550, 57, '19', '22.7050775', '75.9091901', '6122', '2020-09-07 12:16:48'),
(2551, 57, '19', '22.7050769', '75.9091869', '6122', '2020-09-07 12:16:59'),
(2552, 57, '19', '22.705041', '75.9091988', '6122', '2020-09-07 12:17:10'),
(2553, 57, '19', '22.7050702', '75.9091997', '6122', '2020-09-07 12:17:21'),
(2554, 57, '19', '22.7050629', '75.9091938', '6122', '2020-09-07 12:17:30'),
(2555, 57, '19', '22.705078', '75.9092124', '6122', '2020-09-07 12:18:50'),
(2556, 57, '19', '22.7050855', '75.9091921', '6122', '2020-09-07 12:19:00'),
(2557, 57, '19', '22.7050901', '75.9091933', '6122', '2020-09-07 12:19:09'),
(2558, 57, '', '22.7050887', '75.9092026', '6122', '2020-09-07 12:19:19'),
(2559, 57, '', '22.7050854', '75.9092086', '6122', '2020-09-07 12:19:30'),
(2560, 57, '', '22.7050674', '75.9092377', '6122', '2020-09-07 12:19:40'),
(2561, 57, '', '22.705074', '75.9092279', '6122', '2020-09-07 12:19:51'),
(2562, 57, '', '22.7050857', '75.9092313', '6122', '2020-09-07 12:20:02'),
(2563, 57, '', '22.7050975', '75.909226', '6122', '2020-09-07 12:20:11'),
(2564, 57, '', '22.7051019', '75.9092241', '6122', '2020-09-07 12:20:23'),
(2565, 57, '', '22.705087', '75.9091725', '6122', '2020-09-07 12:20:33'),
(2566, 33, '', '22.705073', '75.9092151', '6122', '2020-09-07 12:20:38'),
(2567, 57, '22', '22.7050656', '75.9092293', '6122', '2020-09-07 12:20:45'),
(2568, 33, '22', '22.7050667', '75.909228', '6122', '2020-09-07 12:20:47'),
(2569, 57, '22', '22.7050651', '75.9092242', '6122', '2020-09-07 12:20:54'),
(2570, 33, '22', '22.7050654', '75.9092217', '6122', '2020-09-07 12:20:57'),
(2571, 57, '22', '22.7050859', '75.9092224', '6122', '2020-09-07 12:21:05'),
(2572, 33, '22', '22.7051046', '75.9092227', '6122', '2020-09-07 12:21:08'),
(2573, 33, '22', '22.7050736', '75.9092159', '6122', '2020-09-07 12:22:03'),
(2574, 33, '22', '22.7050756', '75.9092079', '6122', '2020-09-07 12:22:15'),
(2575, 33, '22', '22.7050644', '75.9092222', '6122', '2020-09-07 12:22:23'),
(2576, 33, '22', '22.7050655', '75.9092321', '6122', '2020-09-07 12:22:27'),
(2577, 33, '22', '22.7050748', '75.9092089', '6122', '2020-09-07 12:22:44'),
(2578, 33, '22', '22.7050718', '75.909223', '6122', '2020-09-07 12:22:56'),
(2579, 33, '22', '22.7050851', '75.9091708', '6122', '2020-09-07 12:23:11'),
(2580, 33, '22', '22.7050682', '75.9092205', '6122', '2020-09-07 12:23:14'),
(2581, 33, '22', '22.705099', '75.9091479', '6122', '2020-09-07 12:23:21'),
(2582, 33, '22', '22.705075', '75.9092055', '6122', '2020-09-07 12:23:24'),
(2583, 33, '22', '22.7050936', '75.9091564', '6122', '2020-09-07 12:23:31'),
(2584, 33, '22', '22.7050697', '75.9092241', '6122', '2020-09-07 12:23:36'),
(2585, 33, '22', '22.7050871', '75.9091952', '6122', '2020-09-07 12:23:54'),
(2586, 33, '22', '22.7050912', '75.9091886', '6122', '2020-09-07 12:24:05'),
(2587, 33, '22', '22.7050792', '75.9091973', '6122', '2020-09-07 12:24:17'),
(2588, 33, '22', '22.7050987', '75.9091643', '6122', '2020-09-07 12:24:25'),
(2589, 33, '22', '22.7050865', '75.909188', '6122', '2020-09-07 12:24:36'),
(2590, 33, '22', '22.7050875', '75.9091742', '6122', '2020-09-07 12:24:46'),
(2591, 33, '22', '22.7050718', '75.9092029', '6122', '2020-09-07 12:24:56'),
(2592, 33, '22', '22.705071', '75.9092152', '6122', '2020-09-07 12:25:06'),
(2593, 33, '22', '22.7050692', '75.9092141', '6122', '2020-09-07 12:25:26'),
(2594, 33, '22', '22.7050627', '75.9092343', '6122', '2020-09-07 12:25:38'),
(2595, 33, '22', '22.7050731', '75.9092101', '6122', '2020-09-07 12:25:46'),
(2596, 33, '22', '22.7050636', '75.9092186', '6122', '2020-09-07 12:25:56'),
(2597, 33, '22', '22.7050651', '75.9092248', '6122', '2020-09-07 12:26:06'),
(2598, 33, '22', '22.7050593', '75.9092424', '6122', '2020-09-07 12:26:17'),
(2599, 33, '22', '22.7050657', '75.9092146', '6122', '2020-09-07 12:26:36'),
(2600, 33, '22', '22.7050888', '75.9091945', '6122', '2020-09-07 12:26:58'),
(2601, 33, '22', '22.7050872', '75.9091855', '6122', '2020-09-07 12:27:06'),
(2602, 33, '22', '22.7050639', '75.9092323', '6122', '2020-09-07 12:27:27'),
(2603, 33, '22', '22.7050701', '75.9092139', '6122', '2020-09-07 12:27:46'),
(2604, 33, '22', '22.7050717', '75.9092171', '6122', '2020-09-07 12:27:56'),
(2605, 33, '22', '22.7050616', '75.9092423', '6122', '2020-09-07 12:28:19'),
(2606, 33, '22', '22.7050777', '75.9091801', '6122', '2020-09-07 12:28:26'),
(2607, 33, '22', '22.7050733', '75.9092104', '6122', '2020-09-07 12:28:46'),
(2608, 33, '22', '22.7050815', '75.9091922', '6122', '2020-09-07 12:29:06'),
(2609, 33, '22', '22.7050845', '75.9091744', '6122', '2020-09-07 12:29:12'),
(2610, 33, '22', '22.7050638', '75.9092186', '6122', '2020-09-07 12:29:29'),
(2611, 33, '22', '22.7050706', '75.9092162', '6122', '2020-09-07 12:29:40'),
(2612, 33, '22', '22.705064', '75.909239', '6122', '2020-09-07 12:31:10'),
(2613, 33, '22', '22.7050784', '75.9092035', '6122', '2020-09-07 12:31:22'),
(2614, 33, '22', '22.7050838', '75.9091861', '6122', '2020-09-07 12:31:34'),
(2615, 33, '22', '22.7050837', '75.9091857', '6122', '2020-09-07 12:31:45'),
(2616, 33, '22', '22.7050808', '75.9091956', '6122', '2020-09-07 12:32:21'),
(2617, 33, '22', '22.7050848', '75.9091912', '6122', '2020-09-07 12:32:24'),
(2618, 33, '22', '22.7050888', '75.909188', '6122', '2020-09-07 12:32:28'),
(2619, 33, '22', '22.7050839', '75.9091908', '6122', '2020-09-07 12:32:43'),
(2620, 33, '22', '22.7050782', '75.9091889', '6122', '2020-09-07 12:37:40'),
(2621, 33, '22', '22.7050912', '75.909173', '6122', '2020-09-07 12:37:51'),
(2622, 33, '22', '22.7051055', '75.9091563', '6122', '2020-09-07 12:38:01'),
(2623, 33, '22', '22.7051032', '75.9091681', '6122', '2020-09-07 12:38:10'),
(2624, 33, '22', '22.7051054', '75.909154', '6122', '2020-09-07 12:38:21'),
(2625, 33, '22', '22.7050927', '75.9091765', '6122', '2020-09-07 12:38:31'),
(2626, 33, '22', '22.7050887', '75.9091829', '6122', '2020-09-07 12:38:51'),
(2627, 33, '22', '22.7050912', '75.9091798', '6122', '2020-09-07 12:39:01'),
(2628, 33, '22', '22.7050937', '75.9091783', '6122', '2020-09-07 12:39:21'),
(2629, 33, '22', '22.7050846', '75.9091955', '6122', '2020-09-07 12:39:32'),
(2630, 33, '22', '22.7050913', '75.9091806', '6122', '2020-09-07 12:39:52'),
(2631, 33, '22', '22.7050912', '75.9091784', '6122', '2020-09-07 12:40:02'),
(2632, 33, '22', '22.7051037', '75.9091573', '6122', '2020-09-07 12:40:12'),
(2633, 33, '22', '22.7050944', '75.909176', '6122', '2020-09-07 12:40:32'),
(2634, 33, '22', '22.7050874', '75.9091887', '6122', '2020-09-07 12:40:52'),
(2635, 33, '22', '22.7050865', '75.9091953', '6122', '2020-09-07 12:41:02'),
(2636, 33, '22', '22.7050958', '75.9091675', '6122', '2020-09-07 12:41:12'),
(2637, 33, '22', '22.7051046', '75.9091539', '6122', '2020-09-07 12:41:22'),
(2638, 33, '22', '22.7051005', '75.9091649', '6122', '2020-09-07 12:41:32'),
(2639, 33, '22', '22.7050908', '75.9091791', '6122', '2020-09-07 12:41:52'),
(2640, 33, '22', '22.7050773', '75.9092107', '6122', '2020-09-07 12:42:12'),
(2641, 33, '22', '22.7050758', '75.9092086', '6122', '2020-09-07 12:42:32'),
(2642, 33, '22', '22.7050842', '75.9091811', '6122', '2020-09-07 12:42:42'),
(2643, 33, '22', '22.7050789', '75.9092011', '6122', '2020-09-07 12:43:02'),
(2644, 33, '22', '22.7050779', '75.9091994', '6122', '2020-09-07 12:43:22'),
(2645, 33, '22', '22.7050799', '75.9091998', '6122', '2020-09-07 12:43:42'),
(2646, 33, '22', '22.7050802', '75.9091987', '6122', '2020-09-07 12:43:52'),
(2647, 33, '22', '22.7050959', '75.9091661', '6122', '2020-09-07 12:44:12'),
(2648, 33, '22', '22.7050961', '75.9091613', '6122', '2020-09-07 12:44:22'),
(2649, 33, '22', '22.7050861', '75.9091796', '6122', '2020-09-07 12:44:33'),
(2650, 33, '22', '22.7060288', '75.9091236', '6122', '2020-09-07 12:44:37'),
(2651, 33, '22', '22.7050834', '75.9091887', '6122', '2020-09-07 12:44:42'),
(2652, 33, '22', '22.7050808', '75.9092059', '6122', '2020-09-07 12:44:53'),
(2653, 33, '22', '22.7050691', '75.9092093', '6122', '2020-09-07 12:44:56'),
(2654, 33, '22', '22.7050816', '75.9091937', '6122', '2020-09-07 12:45:03'),
(2655, 33, '22', '22.7050815', '75.9091938', '6122', '2020-09-07 12:45:13'),
(2656, 33, '22', '22.7050722', '75.9092074', '6122', '2020-09-07 12:45:15'),
(2657, 33, '22', '22.7050924', '75.9091798', '6122', '2020-09-07 12:45:22'),
(2658, 33, '22', '22.705059', '75.9092379', '6122', '2020-09-07 12:45:23'),
(2659, 33, '22', '22.7050783', '75.9091958', '6122', '2020-09-07 12:45:33'),
(2660, 33, '22', '22.705068', '75.9092459', '6122', '2020-09-07 12:45:35'),
(2661, 33, '22', '22.7050695', '75.9092158', '6122', '2020-09-07 12:45:55'),
(2662, 33, '22', '22.7050755', '75.9092044', '6122', '2020-09-07 12:46:13'),
(2663, 33, '22', '22.7050684', '75.9092188', '6122', '2020-09-07 12:46:36'),
(2664, 33, '22', '22.7050693', '75.9092218', '6122', '2020-09-07 12:46:54'),
(2665, 33, '22', '22.7050806', '75.9092136', '6122', '2020-09-07 12:47:03'),
(2666, 33, '22', '22.7050687', '75.9092306', '6122', '2020-09-07 12:47:15'),
(2667, 33, '22', '22.7050681', '75.909236', '6122', '2020-09-07 12:47:23'),
(2668, 33, '22', '22.7050672', '75.9092251', '6122', '2020-09-07 12:47:44'),
(2669, 33, '22', '22.7050735', '75.9092064', '6122', '2020-09-07 12:48:04'),
(2670, 33, '22', '22.7050641', '75.9092271', '6122', '2020-09-07 12:48:14'),
(2671, 33, '22', '22.7050572', '75.9092378', '6122', '2020-09-07 12:48:24'),
(2672, 33, '22', '22.7050741', '75.9092111', '6122', '2020-09-07 12:48:28'),
(2673, 33, '22', '22.7050621', '75.9092298', '6122', '2020-09-07 12:48:44'),
(2674, 33, '22', '22.7050677', '75.9092158', '6122', '2020-09-07 12:48:54'),
(2675, 33, '22', '22.705085', '75.909192', '6122', '2020-09-07 12:49:16'),
(2676, 33, '22', '22.7050732', '75.909182', '6122', '2020-09-07 12:51:20'),
(2677, 33, '22', '22.7050799', '75.9091833', '6122', '2020-09-07 12:51:37'),
(2678, 33, '22', '22.7050823', '75.9091822', '6122', '2020-09-07 12:51:48'),
(2679, 33, '22', '22.7050872', '75.9091752', '6122', '2020-09-07 12:52:00'),
(2680, 33, '22', '22.7050757', '75.9091842', '6122', '2020-09-07 12:52:11'),
(2681, 33, '22', '22.7050711', '75.9091996', '6122', '2020-09-07 12:52:21'),
(2682, 33, '22', '22.7050757', '75.9091883', '6122', '2020-09-07 12:52:41'),
(2683, 33, '22', '22.7050777', '75.9091886', '6122', '2020-09-07 12:52:51'),
(2684, 33, '22', '22.7050813', '75.9091848', '6122', '2020-09-07 12:53:01'),
(2685, 33, '22', '22.705081', '75.9091858', '6122', '2020-09-07 12:53:21'),
(2686, 33, '22', '22.7050723', '75.9092039', '6122', '2020-09-07 12:53:31'),
(2687, 33, '22', '22.705075', '75.9091901', '6122', '2020-09-07 12:53:41'),
(2688, 33, '22', '22.7050799', '75.909186', '6122', '2020-09-07 12:53:51'),
(2689, 33, '22', '22.7050879', '75.9091742', '6122', '2020-09-07 12:54:11'),
(2690, 33, '22', '22.7050848', '75.9091844', '6122', '2020-09-07 12:54:31'),
(2691, 33, '22', '22.7050854', '75.9091784', '6122', '2020-09-07 12:54:51'),
(2692, 33, '22', '22.7050925', '75.9091722', '6122', '2020-09-07 12:55:01'),
(2693, 33, '22', '22.7050852', '75.9091797', '6122', '2020-09-07 12:55:18'),
(2694, 33, '22', '22.7050628', '75.9092348', '6122', '2020-09-07 13:02:24'),
(2695, 33, '22', '22.7050933', '75.9091782', '6122', '2020-09-07 13:02:34'),
(2696, 33, '22', '22.7050991', '75.9091612', '6122', '2020-09-07 13:02:44'),
(2697, 33, '22', '22.7050883', '75.9091732', '6122', '2020-09-07 13:02:55'),
(2698, 33, '22', '22.7050803', '75.9091852', '6122', '2020-09-07 13:03:14'),
(2699, 33, '22', '22.7050813', '75.9091706', '6122', '2020-09-07 13:03:24'),
(2700, 33, '22', '22.7050881', '75.9091723', '6122', '2020-09-07 13:03:45'),
(2701, 33, '22', '22.7050977', '75.9091625', '6122', '2020-09-07 13:03:55'),
(2702, 33, '22', '22.7051027', '75.909149', '6122', '2020-09-07 13:04:05'),
(2703, 33, '22', '22.7050997', '75.9091664', '6122', '2020-09-07 13:04:25'),
(2704, 33, '22', '22.7050952', '75.9091725', '6122', '2020-09-07 13:05:30'),
(2705, 33, '22', '22.7050905', '75.909177', '6122', '2020-09-07 13:06:05'),
(2706, 33, '22', '22.7050874', '75.9091811', '6122', '2020-09-07 13:06:16'),
(2707, 33, '22', '22.7050979', '75.9091646', '6122', '2020-09-07 13:06:39'),
(2708, 33, '22', '22.7051106', '75.9091427', '6122', '2020-09-07 13:06:48'),
(2709, 33, '22', '22.7051085', '75.9091404', '6122', '2020-09-07 13:06:58'),
(2710, 33, '22', '22.7050969', '75.9091585', '6122', '2020-09-07 13:07:19'),
(2711, 33, '22', '22.7050973', '75.9091633', '6122', '2020-09-07 13:07:28'),
(2712, 33, '22', '22.7050948', '75.9091703', '6122', '2020-09-07 13:07:49'),
(2713, 33, '22', '22.7050904', '75.9091765', '6122', '2020-09-07 13:07:58'),
(2714, 33, '22', '22.7051126', '75.9091693', '6122', '2020-09-07 13:08:19'),
(2715, 33, '22', '22.7050984', '75.9091706', '6122', '2020-09-07 13:08:39'),
(2716, 33, '22', '22.7050862', '75.9091895', '6122', '2020-09-07 13:08:49'),
(2717, 33, '22', '22.7050879', '75.9091804', '6122', '2020-09-07 13:08:58'),
(2718, 33, '22', '22.7050803', '75.9091913', '6122', '2020-09-07 13:09:19'),
(2719, 33, '22', '22.7050807', '75.9091893', '6122', '2020-09-07 13:09:29'),
(2720, 33, '22', '22.7050811', '75.9091859', '6122', '2020-09-07 13:09:38'),
(2721, 33, '22', '22.7050845', '75.9091857', '6122', '2020-09-07 13:09:59'),
(2722, 33, '22', '22.7050849', '75.9091711', '6122', '2020-09-07 13:10:20'),
(2723, 33, '22', '22.7050835', '75.9091766', '6122', '2020-09-07 13:10:30'),
(2724, 33, '22', '22.7050831', '75.9091792', '6122', '2020-09-07 13:10:40'),
(2725, 33, '22', '22.7050933', '75.9091652', '6122', '2020-09-07 13:11:00'),
(2726, 33, '22', '22.7050968', '75.9091674', '6122', '2020-09-07 13:11:10'),
(2727, 33, '22', '22.7050779', '75.9091958', '6122', '2020-09-07 13:11:30'),
(2728, 33, '22', '22.7050895', '75.9091797', '6122', '2020-09-07 13:11:50'),
(2729, 33, '22', '22.7050876', '75.9091867', '6122', '2020-09-07 13:12:00'),
(2730, 33, '22', '22.7050974', '75.9091689', '6122', '2020-09-07 13:12:10'),
(2731, 33, '22', '22.7050946', '75.9091771', '6122', '2020-09-07 13:12:30'),
(2732, 33, '22', '22.7050855', '75.9091886', '6122', '2020-09-07 13:12:40'),
(2733, 33, '22', '22.7050855', '75.909185', '6122', '2020-09-07 13:12:50'),
(2734, 33, '22', '22.7050887', '75.9091795', '6122', '2020-09-07 13:13:10'),
(2735, 33, '22', '22.7050879', '75.9091798', '6122', '2020-09-07 13:13:30'),
(2736, 33, '22', '22.7050932', '75.9091712', '6122', '2020-09-07 13:14:04'),
(2737, 33, '22', '22.70509', '75.9091711', '6122', '2020-09-07 13:14:26'),
(2738, 33, '22', '22.7050906', '75.9091794', '6122', '2020-09-07 13:14:28'),
(2739, 33, '22', '22.7050608', '75.9092215', '6122', '2020-09-07 13:17:21'),
(2740, 33, '22', '22.7051034', '75.9091612', '6122', '2020-09-07 13:17:31'),
(2741, 33, '22', '22.7051013', '75.9091697', '6122', '2020-09-07 13:17:41'),
(2742, 33, '22', '22.7050942', '75.9091751', '6122', '2020-09-07 13:18:02'),
(2743, 33, '22', '22.7050859', '75.9091826', '6122', '2020-09-07 13:18:12'),
(2744, 33, '22', '22.7050841', '75.9091808', '6122', '2020-09-07 13:18:32'),
(2745, 33, '22', '22.7050955', '75.9091693', '6122', '2020-09-07 13:18:42'),
(2746, 33, '22', '22.7050855', '75.9091849', '6122', '2020-09-07 13:18:52'),
(2747, 33, '22', '22.7050849', '75.9091914', '6122', '2020-09-07 13:19:02'),
(2748, 33, '22', '22.7050854', '75.9091855', '6122', '2020-09-07 13:19:19'),
(2749, 33, '22', '22.7050896', '75.9091767', '6122', '2020-09-07 13:19:29'),
(2750, 33, '22', '22.7050891', '75.9091827', '6122', '2020-09-07 13:19:47'),
(2751, 33, '22', '22.705089', '75.9091864', '6122', '2020-09-07 13:19:58'),
(2752, 33, '', '22.7050802', '75.9091956', '6122', '2020-09-07 13:20:08'),
(2753, 33, '', '22.705085', '75.909179', '6122', '2020-09-07 13:20:18'),
(2754, 33, '4', '22.705084', '75.9091621', '6122', '2020-09-07 13:20:38'),
(2755, 33, '4', '22.7050782', '75.9091955', '6122', '2020-09-07 13:20:48'),
(2756, 33, '4', '22.7050789', '75.9091985', '6122', '2020-09-07 13:21:08'),
(2757, 33, '4', '22.7050854', '75.9091864', '6122', '2020-09-07 13:21:28'),
(2758, 33, '4', '22.705076', '75.909205', '6122', '2020-09-07 13:21:48'),
(2759, 33, '4', '22.7050777', '75.9092054', '6122', '2020-09-07 13:22:09'),
(2760, 33, '4', '22.7050743', '75.9092094', '6122', '2020-09-07 13:22:18'),
(2761, 33, '22', '22.7050758', '75.9092048', '6122', '2020-09-07 13:22:38'),
(2762, 33, '22', '22.7050816', '75.9091945', '6122', '2020-09-07 13:22:49'),
(2763, 33, '22', '22.705087', '75.909186', '6122', '2020-09-07 13:23:08'),
(2764, 33, '22', '22.7050795', '75.9092008', '6122', '2020-09-07 13:23:29'),
(2765, 33, '22', '22.70508', '75.9092021', '6122', '2020-09-07 13:23:39'),
(2766, 33, '22', '22.7050856', '75.9091968', '6122', '2020-09-07 13:23:59'),
(2767, 33, '22', '22.7050857', '75.9091819', '6122', '2020-09-07 13:27:22'),
(2768, 33, '22', '22.7050848', '75.9091972', '6122', '2020-09-07 13:27:32'),
(2769, 33, '22', '22.7050918', '75.9091801', '6122', '2020-09-07 13:27:52'),
(2770, 33, '22', '22.7050857', '75.9091927', '6122', '2020-09-07 13:28:02'),
(2771, 33, '22', '22.7050697', '75.9092244', '6122', '2020-09-07 13:28:12'),
(2772, 33, '22', '22.7050815', '75.9091955', '6122', '2020-09-07 13:28:32'),
(2773, 33, '22', '22.705086', '75.9091856', '6122', '2020-09-07 13:28:42'),
(2774, 33, '22', '22.7050874', '75.9091918', '6122', '2020-09-07 13:29:02'),
(2775, 33, '22', '22.7050905', '75.9091979', '6122', '2020-09-07 13:29:22'),
(2776, 33, '22', '22.7050727', '75.9092142', '6122', '2020-09-07 13:29:42'),
(2777, 33, '22', '22.7050731', '75.909213', '6122', '2020-09-07 13:29:52'),
(2778, 33, '22', '22.7050828', '75.909188', '6122', '2020-09-07 13:30:03'),
(2779, 33, '22', '22.7050858', '75.9091805', '6122', '2020-09-07 13:30:13'),
(2780, 33, '22', '22.7050733', '75.9091944', '6122', '2020-09-07 13:30:33'),
(2781, 33, '22', '22.7050873', '75.9091969', '6122', '2020-09-07 13:31:22'),
(2782, 33, '22', '22.7050653', '75.9092178', '6122', '2020-09-07 13:38:17'),
(2783, 33, '22', '22.7050622', '75.9092219', '6122', '2020-09-07 13:38:27'),
(2784, 33, '22', '22.7050688', '75.909215', '6122', '2020-09-07 13:38:44'),
(2785, 33, '22', '22.705066', '75.90922', '6122', '2020-09-07 13:41:38'),
(2786, 33, '22', '22.7050613', '75.9092247', '6122', '2020-09-07 13:41:48'),
(2787, 33, '22', '22.7050622', '75.9092205', '6122', '2020-09-07 13:41:58'),
(2788, 33, '22', '22.7050613', '75.909219', '6122', '2020-09-07 13:42:08'),
(2789, 33, '22', '22.7050615', '75.9092234', '6122', '2020-09-07 13:42:28'),
(2790, 33, '22', '22.7050608', '75.9092255', '6122', '2020-09-07 13:42:38'),
(2791, 33, '22', '22.7050596', '75.9092228', '6122', '2020-09-07 13:42:48'),
(2792, 33, '22', '22.7050607', '75.9092231', '6122', '2020-09-07 13:42:58'),
(2793, 33, '22', '22.7050665', '75.909211', '6122', '2020-09-07 13:43:25'),
(2794, 33, '22', '22.7050766', '75.9092013', '6122', '2020-09-07 13:43:46'),
(2795, 33, '22', '22.7050718', '75.909206', '6122', '2020-09-07 13:44:03'),
(2796, 33, '22', '22.705074', '75.9092068', '6122', '2020-09-07 13:45:59'),
(2797, 33, '22', '22.7050828', '75.9091993', '6122', '2020-09-07 13:46:09'),
(2798, 33, '22', '22.7050864', '75.9091891', '6122', '2020-09-07 13:46:19'),
(2799, 33, '22', '22.7050888', '75.9091862', '6122', '2020-09-07 13:46:38'),
(2800, 33, '22', '22.7050873', '75.9091856', '6122', '2020-09-07 13:46:51'),
(2801, 33, '22', '22.7050875', '75.9091821', '6122', '2020-09-07 13:47:01'),
(2802, 33, '22', '22.7050815', '75.9091973', '6122', '2020-09-07 13:47:11'),
(2803, 33, '22', '22.7050774', '75.909192', '6122', '2020-09-07 13:47:22'),
(2804, 33, '22', '22.7050816', '75.9091971', '6122', '2020-09-07 13:47:33'),
(2805, 33, '22', '22.7050903', '75.9091861', '6122', '2020-09-07 13:47:44'),
(2806, 33, '22', '22.7050959', '75.9091751', '6122', '2020-09-07 13:47:54'),
(2807, 33, '22', '22.7050496', '75.9091918', '6122', '2020-09-07 13:48:04'),
(2808, 33, '22', '22.7050646', '75.9091872', '6122', '2020-09-07 13:48:15'),
(2809, 33, '22', '22.705068', '75.9091886', '6122', '2020-09-07 13:48:26'),
(2810, 33, '22', '22.7050699', '75.9091891', '6122', '2020-09-07 13:48:36'),
(2811, 33, '22', '22.705072', '75.909187', '6122', '2020-09-07 13:48:46'),
(2812, 33, '22', '22.7050741', '75.9091851', '6122', '2020-09-07 13:48:57'),
(2813, 33, '22', '22.7050748', '75.9091851', '6122', '2020-09-07 13:49:08'),
(2814, 33, '22', '22.7050756', '75.9091848', '6122', '2020-09-07 13:49:19'),
(2815, 33, '22', '22.7050764', '75.9091845', '6122', '2020-09-07 13:49:30'),
(2816, 33, '22', '22.7050766', '75.9091857', '6122', '2020-09-07 13:49:40'),
(2817, 33, '22', '22.7050768', '75.9091862', '6122', '2020-09-07 13:49:51'),
(2818, 33, '22', '22.7050774', '75.9091862', '6122', '2020-09-07 13:50:01'),
(2819, 33, '22', '22.7050779', '75.909186', '6122', '2020-09-07 13:50:11'),
(2820, 33, '22', '22.7050781', '75.9091862', '6122', '2020-09-07 13:50:22'),
(2821, 33, '22', '22.7050771', '75.9091938', '6122', '2020-09-07 13:50:31'),
(2822, 33, '22', '22.7050766', '75.909187', '6122', '2020-09-07 13:50:42'),
(2823, 33, '22', '22.705077', '75.9091884', '6122', '2020-09-07 13:50:53'),
(2824, 33, '22', '22.7050765', '75.9091895', '6122', '2020-09-07 13:51:03'),
(2825, 33, '22', '22.7050759', '75.9091906', '6122', '2020-09-07 13:51:13'),
(2826, 33, '22', '22.7050755', '75.9091919', '6122', '2020-09-07 13:51:24'),
(2827, 33, '22', '22.705075', '75.9091929', '6122', '2020-09-07 13:51:35'),
(2828, 33, '22', '22.7051019', '75.9091825', '6122', '2020-09-07 13:52:03'),
(2829, 33, '22', '22.7050824', '75.909198', '6122', '2020-09-07 13:52:13'),
(2830, 33, '22', '22.7050829', '75.9091934', '6122', '2020-09-07 13:52:25'),
(2831, 33, '22', '22.7050999', '75.9091773', '6122', '2020-09-07 13:52:38'),
(2832, 33, '22', '22.7051053', '75.909155', '6122', '2020-09-07 13:52:49'),
(2833, 33, '22', '22.7050855', '75.9091757', '6122', '2020-09-07 13:53:00'),
(2834, 33, '22', '22.7050851', '75.9091924', '6122', '2020-09-07 13:53:11'),
(2835, 33, '22', '22.7050879', '75.9091875', '6122', '2020-09-07 13:53:22'),
(2836, 33, '22', '22.7051005', '75.9091784', '6122', '2020-09-07 13:53:32'),
(2837, 33, '22', '22.7050995', '75.9091728', '6122', '2020-09-07 13:53:42'),
(2838, 33, '22', '22.7050739', '75.9091948', '6122', '2020-09-07 13:53:52'),
(2839, 33, '22', '22.705078', '75.9091918', '6122', '2020-09-07 13:54:03'),
(2840, 33, '22', '22.7050781', '75.9091916', '6122', '2020-09-07 13:54:14'),
(2841, 33, '22', '22.7050782', '75.9091916', '6122', '2020-09-07 13:54:24'),
(2842, 33, '22', '22.7050785', '75.9091912', '6122', '2020-09-07 13:54:35'),
(2843, 33, '22', '22.7050789', '75.9091906', '6122', '2020-09-07 13:54:46'),
(2844, 33, '22', '22.7050792', '75.9091903', '6122', '2020-09-07 13:54:57'),
(2845, 33, '22', '22.7050794', '75.90919', '6122', '2020-09-07 13:55:08'),
(2846, 33, '22', '22.7050795', '75.90919', '6122', '2020-09-07 13:55:18'),
(2847, 33, '22', '22.7050795', '75.9091901', '6122', '2020-09-07 13:55:29'),
(2848, 33, '22', '22.7050767', '75.9092021', '6122', '2020-09-07 13:56:08'),
(2849, 33, '22', '22.7050906', '75.909167', '6122', '2020-09-07 14:00:05'),
(2850, 33, '22', '22.705081', '75.9091997', '6122', '2020-09-07 14:00:17'),
(2851, 33, '22', '22.7050696', '75.9092049', '6122', '2020-09-07 14:00:27'),
(2852, 33, '22', '22.7050754', '75.9091824', '6122', '2020-09-07 14:00:39'),
(2853, 33, '22', '22.7050908', '75.9091712', '6122', '2020-09-07 14:01:18'),
(2854, 33, '22', '22.7050758', '75.9091978', '6122', '2020-09-07 14:01:31'),
(2855, 33, '22', '22.7050693', '75.9092091', '6122', '2020-09-07 14:01:44'),
(2856, 33, '', '22.7050718', '75.9092048', '6122', '2020-09-07 14:01:53'),
(2857, 33, '', '22.7050687', '75.909215', '6122', '2020-09-07 14:02:04'),
(2858, 33, '', '22.7050653', '75.9092138', '6122', '2020-09-07 14:02:15'),
(2859, 33, '19', '22.7050781', '75.9091887', '6122', '2020-09-07 14:02:26'),
(2860, 33, '19', '22.7050725', '75.9092016', '6122', '2020-09-07 14:02:36'),
(2861, 33, '', '22.7050688', '75.9092064', '6122', '2020-09-07 14:02:46'),
(2862, 33, '', '22.7050744', '75.9091914', '6122', '2020-09-07 14:02:57'),
(2863, 33, '', '22.7050741', '75.9091918', '6122', '2020-09-07 14:03:07'),
(2864, 33, '', '22.7050739', '75.9091922', '6122', '2020-09-07 14:03:18'),
(2865, 33, '', '22.7050737', '75.9091927', '6122', '2020-09-07 14:03:29'),
(2866, 33, '', '22.7050735', '75.9091928', '6122', '2020-09-07 14:03:40'),
(2867, 33, '', '22.7050735', '75.909193', '6122', '2020-09-07 14:03:50'),
(2868, 33, '', '22.7050733', '75.9091935', '6122', '2020-09-07 14:04:01'),
(2869, 33, '', '22.7050733', '75.9091936', '6122', '2020-09-07 14:04:12'),
(2870, 33, '', '22.7050733', '75.9091936', '6122', '2020-09-07 14:04:22'),
(2871, 33, '', '22.7050734', '75.9091937', '6122', '2020-09-07 14:04:32'),
(2872, 33, '', '22.7050733', '75.9091938', '6122', '2020-09-07 14:04:39'),
(2873, 33, '22', '22.7050733', '75.909194', '6122', '2020-09-07 14:04:43'),
(2874, 33, '22', '22.7050732', '75.9091941', '6122', '2020-09-07 14:04:49'),
(2875, 33, '22', '22.7050732', '75.9091941', '6122', '2020-09-07 14:04:53'),
(2876, 33, '22', '22.7050732', '75.9091943', '6122', '2020-09-07 14:04:58'),
(2877, 33, '22', '22.7050731', '75.9091944', '6122', '2020-09-07 14:05:04'),
(2878, 33, '22', '22.7050731', '75.9091944', '6122', '2020-09-07 14:05:10'),
(2879, 33, '22', '22.7050731', '75.9091946', '6122', '2020-09-07 14:05:14'),
(2880, 33, '', '22.705073', '75.9091948', '6122', '2020-09-07 14:05:20'),
(2881, 33, '19', '22.705073', '75.9091947', '6122', '2020-09-07 14:05:24'),
(2882, 33, '19', '22.7050729', '75.9091949', '6122', '2020-09-07 14:05:30'),
(2883, 33, '19', '22.7050728', '75.909195', '6122', '2020-09-07 14:05:35'),
(2884, 33, '19', '22.7050728', '75.9091951', '6122', '2020-09-07 14:05:41'),
(2885, 33, '19', '22.7050729', '75.9091951', '6122', '2020-09-07 14:05:46'),
(2886, 33, '19', '22.7050804', '75.9092027', '6122', '2020-09-07 14:05:59'),
(2887, 33, '19', '22.7050804', '75.9092027', '6122', '2020-09-07 14:05:59'),
(2888, 33, '19', '22.7050651', '75.9092211', '6122', '2020-09-07 14:06:12'),
(2889, 33, '19', '22.7050651', '75.9092211', '6122', '2020-09-07 14:06:12'),
(2890, 33, '19', '22.7050613', '75.9092256', '6122', '2020-09-07 14:06:23'),
(2891, 33, '19', '22.7050613', '75.9092256', '6122', '2020-09-07 14:06:23'),
(2892, 33, '19', '22.7050668', '75.9092031', '6122', '2020-09-07 14:06:34'),
(2893, 33, '19', '22.7050668', '75.9092031', '6122', '2020-09-07 14:06:34'),
(2894, 33, '19', '22.7050644', '75.9092091', '6122', '2020-09-07 14:06:45'),
(2895, 33, '19', '22.7050644', '75.9092091', '6122', '2020-09-07 14:06:45'),
(2896, 33, '19', '22.7050665', '75.9092056', '6122', '2020-09-07 14:06:56'),
(2897, 33, '19', '22.7050665', '75.9092056', '6122', '2020-09-07 14:06:56'),
(2898, 33, '19', '22.7050746', '75.9091929', '6122', '2020-09-07 14:07:06'),
(2899, 33, '19', '22.7050746', '75.9091929', '6122', '2020-09-07 14:07:07'),
(2900, 33, '19', '22.7050729', '75.9091958', '6122', '2020-09-07 14:07:17'),
(2901, 33, '19', '22.7050729', '75.9091958', '6122', '2020-09-07 14:07:17'),
(2902, 33, '19', '22.7050728', '75.9091958', '6122', '2020-09-07 14:07:28'),
(2903, 33, '19', '22.7050728', '75.9091958', '6122', '2020-09-07 14:07:28'),
(2904, 33, '19', '22.7050732', '75.9091954', '6122', '2020-09-07 14:07:38'),
(2905, 33, '19', '22.7050732', '75.9091954', '6122', '2020-09-07 14:07:38'),
(2906, 33, '19', '22.7050734', '75.909195', '6122', '2020-09-07 14:07:48'),
(2907, 33, '19', '22.7050734', '75.909195', '6122', '2020-09-07 14:07:48'),
(2908, 33, '22', '22.7050736', '75.9091948', '6122', '2020-09-07 14:07:58'),
(2909, 33, '22', '22.7050736', '75.9091948', '6122', '2020-09-07 14:07:58'),
(2910, 33, '22', '22.7050737', '75.9091946', '6122', '2020-09-07 14:08:09'),
(2911, 33, '22', '22.7050737', '75.9091946', '6122', '2020-09-07 14:08:09'),
(2912, 33, '22', '22.7050738', '75.9091946', '6122', '2020-09-07 14:08:19'),
(2913, 33, '22', '22.7050738', '75.9091946', '6122', '2020-09-07 14:08:19'),
(2914, 33, '', '22.7050739', '75.9091945', '6122', '2020-09-07 14:08:30'),
(2915, 33, '', '22.7050739', '75.9091945', '6122', '2020-09-07 14:08:30'),
(2916, 33, '22', '22.7050741', '75.9091943', '6122', '2020-09-07 14:08:41'),
(2917, 33, '22', '22.7050741', '75.9091943', '6122', '2020-09-07 14:08:41'),
(2918, 33, '22', '22.7050742', '75.9091941', '6122', '2020-09-07 14:08:51'),
(2919, 33, '22', '22.7050742', '75.9091941', '6122', '2020-09-07 14:08:51'),
(2920, 33, '22', '22.7050744', '75.9091939', '6122', '2020-09-07 14:09:02'),
(2921, 33, '22', '22.7050744', '75.9091939', '6122', '2020-09-07 14:09:02'),
(2922, 33, '22', '22.7050745', '75.9091939', '6122', '2020-09-07 14:09:12'),
(2923, 33, '22', '22.7050745', '75.9091939', '6122', '2020-09-07 14:09:12'),
(2924, 33, '22', '22.7050744', '75.9091941', '6122', '2020-09-07 14:09:22'),
(2925, 33, '22', '22.7050744', '75.9091941', '6122', '2020-09-07 14:09:22'),
(2926, 33, '22', '22.7050746', '75.9091939', '6122', '2020-09-07 14:09:32'),
(2927, 33, '22', '22.7050746', '75.9091939', '6122', '2020-09-07 14:09:32'),
(2928, 33, '22', '22.7050747', '75.9091938', '6122', '2020-09-07 14:09:43'),
(2929, 33, '22', '22.7050747', '75.9091938', '6122', '2020-09-07 14:09:43'),
(2930, 33, '22', '22.7050748', '75.9091937', '6122', '2020-09-07 14:09:54'),
(2931, 33, '22', '22.7050748', '75.9091937', '6122', '2020-09-07 14:09:54'),
(2932, 33, '22', '22.7050749', '75.9091937', '6122', '2020-09-07 14:10:04'),
(2933, 33, '22', '22.7050749', '75.9091937', '6122', '2020-09-07 14:10:04'),
(2934, 33, '22', '22.7050863', '75.909192', '6122', '2020-09-07 14:10:15'),
(2935, 33, '22', '22.7050863', '75.909192', '6122', '2020-09-07 14:10:15'),
(2936, 33, '22', '22.7050771', '75.9091991', '6122', '2020-09-07 14:10:25'),
(2937, 33, '22', '22.7050771', '75.9091991', '6122', '2020-09-07 14:10:26'),
(2938, 33, '22', '22.7050728', '75.9092046', '6122', '2020-09-07 14:10:36'),
(2939, 33, '22', '22.7050728', '75.9092046', '6122', '2020-09-07 14:10:36'),
(2940, 33, '22', '22.7050664', '75.9092127', '6122', '2020-09-07 14:10:47'),
(2941, 33, '22', '22.7050664', '75.9092127', '6122', '2020-09-07 14:10:47'),
(2942, 33, '22', '22.7050666', '75.9092129', '6122', '2020-09-07 14:10:57'),
(2943, 33, '22', '22.7050666', '75.9092129', '6122', '2020-09-07 14:10:57'),
(2944, 33, '22', '22.7050765', '75.9092033', '6122', '2020-09-07 14:11:12'),
(2945, 33, '22', '22.7050765', '75.9092033', '6122', '2020-09-07 14:11:12');

-- --------------------------------------------------------

--
-- Table structure for table `save_trip`
--

CREATE TABLE `save_trip` (
  `id` int(11) NOT NULL,
  `user_id` varchar(255) DEFAULT NULL,
  `trip_id` varchar(255) DEFAULT NULL,
  `created_at` timestamp NOT NULL DEFAULT CURRENT_TIMESTAMP,
  `updated_at` timestamp NOT NULL DEFAULT CURRENT_TIMESTAMP
) ENGINE=MyISAM DEFAULT CHARSET=latin1;

--
-- Dumping data for table `save_trip`
--

INSERT INTO `save_trip` (`id`, `user_id`, `trip_id`, `created_at`, `updated_at`) VALUES
(1, '56', '3', '2020-07-31 13:28:37', '2020-07-31 13:28:37'),
(3, '33', '4', '2020-08-12 06:25:27', '2020-08-12 06:25:27'),
(4, '33', '5', '2020-08-13 07:38:19', '2020-08-13 07:38:19'),
(5, '57', '7', '2020-08-13 08:00:57', '2020-08-13 08:00:57'),
(6, '57', '8', '2020-08-14 09:34:51', '2020-08-14 09:34:51'),
(7, '55', '2', '2020-08-14 10:57:33', '2020-08-14 10:57:33'),
(8, '33', '6', '2020-08-14 11:17:26', '2020-08-14 11:17:26'),
(9, '57', '13', '2020-08-14 13:30:14', '2020-08-14 13:30:14'),
(10, '57', '17', '2020-08-20 10:09:30', '2020-08-20 10:09:30'),
(11, '57', '19', '2020-09-02 14:47:06', '2020-09-02 14:47:06');

-- --------------------------------------------------------

--
-- Table structure for table `track`
--

CREATE TABLE `track` (
  `id` int(11) NOT NULL,
  `client_user_id` varchar(255) DEFAULT NULL,
  `bus_id` varchar(255) DEFAULT NULL,
  `driver_id` varchar(255) DEFAULT NULL,
  `chaperone_id` varchar(255) DEFAULT NULL,
  `child_id` int(11) DEFAULT NULL,
  `parents_id` varchar(255) DEFAULT NULL,
  `pickup_address` varchar(255) DEFAULT NULL,
  `pickup_latitude` varchar(255) DEFAULT NULL,
  `pickup_longitude` varchar(255) DEFAULT NULL,
  `drop_address` varchar(255) DEFAULT NULL,
  `drop_latitude` varchar(255) DEFAULT NULL,
  `drop_longitude` varchar(255) DEFAULT NULL,
  `trip_date` varchar(255) DEFAULT NULL,
  `trip_start` varchar(255) DEFAULT NULL,
  `trip_end` varchar(255) DEFAULT NULL,
  `status` int(11) DEFAULT '2' COMMENT '1=live,2=no live',
  `complete_status` int(11) DEFAULT NULL COMMENT '0=not start trip,1=start trip,2=complete',
  `created_at` timestamp NULL DEFAULT CURRENT_TIMESTAMP,
  `updated_at` timestamp NULL DEFAULT CURRENT_TIMESTAMP
) ENGINE=InnoDB DEFAULT CHARSET=latin1;

-- --------------------------------------------------------

--
-- Table structure for table `trip`
--

CREATE TABLE `trip` (
  `id` int(11) NOT NULL,
  `trip_id` varchar(255) DEFAULT NULL,
  `client_user_id` varchar(255) DEFAULT NULL,
  `bus_id` varchar(255) DEFAULT NULL,
  `driver_id` varchar(255) DEFAULT NULL,
  `chaperone_id` varchar(255) DEFAULT NULL,
  `pickup_address` varchar(255) DEFAULT NULL,
  `pickup_latitude` varchar(255) DEFAULT NULL,
  `pickup_longitude` varchar(255) DEFAULT NULL,
  `drop_address` varchar(255) DEFAULT NULL,
  `drop_latitude` varchar(255) DEFAULT NULL,
  `drop_longitude` varchar(255) DEFAULT NULL,
  `trip_date` varchar(255) DEFAULT NULL,
  `trip_start` varchar(255) DEFAULT NULL,
  `trip_end` varchar(255) DEFAULT NULL,
  `note` varchar(255) DEFAULT NULL,
  `status` int(11) DEFAULT NULL COMMENT '1=live,2=no live',
  `complete_status` int(11) DEFAULT NULL COMMENT '0=not start trip,1=start trip,2=complete',
  `created_at` timestamp NULL DEFAULT CURRENT_TIMESTAMP,
  `updated_at` timestamp NULL DEFAULT CURRENT_TIMESTAMP
) ENGINE=InnoDB DEFAULT CHARSET=latin1;

--
-- Dumping data for table `trip`
--

INSERT INTO `trip` (`id`, `trip_id`, `client_user_id`, `bus_id`, `driver_id`, `chaperone_id`, `pickup_address`, `pickup_latitude`, `pickup_longitude`, `drop_address`, `drop_latitude`, `drop_longitude`, `trip_date`, `trip_start`, `trip_end`, `note`, `status`, `complete_status`, `created_at`, `updated_at`) VALUES
(1, 'THE GOOD ONE333', '45', '9', '25', '26', 'bengali square', '54654', '332222', 'Pipliyahana Square', '54654', '332222', NULL, '10:54 PM', '11:54 PM', '', 1, 1, '2020-07-01 01:24:37', '2020-08-14 11:34:06'),
(2, 'T001', '3', '1', '32', '55', NULL, NULL, NULL, NULL, NULL, NULL, NULL, '07:13 AM', '08:13 AM', '', 2, 2, '2020-07-16 19:09:29', '2020-07-16 19:09:29'),
(3, 'T22', '3', '2', '33', '56', NULL, '54654', '332222', NULL, NULL, NULL, NULL, '09:22 AM', '10:23 AM', '', 1, 0, '2020-07-16 19:19:22', '2020-07-16 19:19:22'),
(4, 'T002', '3', '2', '33', '33', 'bengali square', '22.7081', '75.9230', 'bhawarkua square', '22.7044', '75.9067', NULL, '04:28 PM', '07:00 PM', '', 2, 2, '2020-08-12 16:23:50', '2020-08-28 18:17:54'),
(5, 'MP1234465', '3', '2', '33', '33', NULL, NULL, NULL, NULL, NULL, NULL, NULL, '12:28 AM', '12:28 AM', 'This is for test', 2, 2, '2020-08-13 11:35:48', '2020-08-13 11:35:48'),
(6, 'MP1234465', '3', '2', '33', '33', NULL, NULL, NULL, NULL, NULL, NULL, NULL, '12:28 AM', '12:28 AM', 'This is for test', 2, 2, '2020-08-14 16:40:39', '2020-08-14 16:40:39'),
(7, 'SUN123654789', '3', '3', '34', '57', '193, Old Town, Tilak Nagar, Dewas, Madhya Pradesh 455001, India', '22.96759281204546', '76.0534455254674', '64, Ratna Lok Colony, Indore, Madhya Pradesh 452010, India', '22.753284908744998', '75.89369617402554', NULL, '01:25 PM', '03:29 PM', 'This is for test', 2, 2, '2020-08-13 13:29:59', '2020-08-29 11:14:16'),
(8, 'TP_01', '3', '3', '33', '57', NULL, NULL, NULL, NULL, NULL, NULL, NULL, '04:00 PM', '06:58 PM', 'dss', 2, 2, '2020-08-14 15:01:58', '2020-08-14 15:01:58'),
(9, 'A_22', '3', '2', '33', '57', NULL, NULL, NULL, NULL, NULL, NULL, NULL, '04:08 PM', '04:22 PM', 'done', 2, 2, '2020-08-14 16:09:16', '2020-08-14 16:09:16'),
(10, 'A_22', '3', '2', '33', '57', NULL, NULL, NULL, NULL, NULL, NULL, NULL, '04:08 PM', '04:22 PM', 'done', 2, 2, '2020-08-14 16:09:17', '2020-08-14 16:09:17'),
(11, 'A_22', '3', '2', '33', '57', NULL, NULL, NULL, NULL, NULL, NULL, NULL, '04:08 PM', '04:22 PM', 'done', 2, 2, '2020-08-14 16:09:18', '2020-08-14 16:09:18'),
(12, 'A_22', '3', '2', '33', '57', NULL, NULL, NULL, NULL, NULL, NULL, NULL, '04:08 PM', '04:22 PM', 'done', 2, 2, '2020-08-14 16:09:18', '2020-08-14 16:09:18'),
(13, 'A_22', '3', '2', '33', '57', NULL, NULL, NULL, NULL, NULL, NULL, NULL, '04:08 PM', '04:22 PM', 'done', 2, 2, '2020-08-14 16:09:19', '2020-08-14 16:09:19'),
(14, 'A_22', '3', '2', '33', '57', NULL, NULL, NULL, NULL, NULL, NULL, NULL, '04:08 PM', '04:22 PM', 'done', 2, 2, '2020-08-14 16:09:20', '2020-08-14 16:09:20'),
(15, 'A_22', '3', '2', '33', '57', NULL, NULL, NULL, NULL, NULL, NULL, NULL, '04:08 PM', '04:22 PM', 'done', 2, 2, '2020-08-14 16:09:21', '2020-08-14 16:09:21'),
(16, 'THE GOOD ONE111', '82', '5', '36', '59', NULL, NULL, NULL, NULL, NULL, NULL, NULL, '09:17 PM', '12:17 PM', '', 2, 0, '2020-08-17 23:47:57', '2020-08-17 23:47:57'),
(17, 'Checking Trip', '3', '2', '33', '57', NULL, '22.7533', '75.8937', NULL, NULL, NULL, NULL, '05:00 PM', '06:00 PM', '', 2, 2, '2020-08-17 23:47:57', '2020-08-17 23:47:57'),
(19, 'Trip11', '3', '2', '33', '57', NULL, '22.7533', '75.8937', NULL, '', '', NULL, '05:00 PM', '06:00 PM', '', 1, 1, '2020-08-29 11:04:39', '2020-08-29 11:04:39'),
(20, 'A_123', '3', '3', '32', '58', NULL, '54654', '332222', NULL, '22.7533', '75.8937', NULL, '05:05 PM', '07:05 PM', '', 1, 1, '2020-08-29 11:06:00', '2020-08-29 11:06:00'),
(21, 'Sunil_Trip', '3', '3', '33', '57', NULL, '', '', NULL, '', '', NULL, '05:05 PM', '07:05 PM', '', 2, 2, '2020-08-29 11:06:00', '2020-08-29 11:06:00'),
(22, 'New Trip', '3', '1', '34', '33', NULL, '22.7050743', '75.9091941', NULL, '22.7050743', '75.9091941', NULL, '07:00 PM', '10:00 PM', '', 1, 1, '2020-09-07 17:48:13', '2020-09-07 17:48:13');

-- --------------------------------------------------------

--
-- Table structure for table `trip_add_parents`
--

CREATE TABLE `trip_add_parents` (
  `id` int(11) NOT NULL,
  `client_user_id` int(11) DEFAULT NULL,
  `trip_id` int(11) DEFAULT NULL,
  `parents_id` int(11) DEFAULT NULL,
  `child_id` varchar(255) DEFAULT NULL,
  `note` varchar(255) DEFAULT NULL,
  `trip_date` varchar(255) DEFAULT NULL,
  `trip_parents_status` int(11) DEFAULT NULL COMMENT '0=not start trip,1=start trip,2=complete',
  `pickup_address` varchar(255) DEFAULT NULL,
  `pickup_latitude` varchar(255) DEFAULT NULL,
  `pickup_longitude` varchar(255) DEFAULT NULL,
  `drop_address` varchar(255) DEFAULT NULL,
  `drop_latitude` varchar(255) DEFAULT NULL,
  `drop_longitude` varchar(255) DEFAULT NULL,
  `created_at` timestamp NULL DEFAULT CURRENT_TIMESTAMP,
  `updated_at` timestamp NULL DEFAULT CURRENT_TIMESTAMP
) ENGINE=InnoDB DEFAULT CHARSET=latin1;

--
-- Dumping data for table `trip_add_parents`
--

INSERT INTO `trip_add_parents` (`id`, `client_user_id`, `trip_id`, `parents_id`, `child_id`, `note`, `trip_date`, `trip_parents_status`, `pickup_address`, `pickup_latitude`, `pickup_longitude`, `drop_address`, `drop_latitude`, `drop_longitude`, `created_at`, `updated_at`) VALUES
(1, 45, 1, 41, NULL, '', NULL, 0, '64, Ratna Lok Colony, Indore, Madhya Pradesh 45201...', '22.753284908744998', '75.89369617402554', 'bhawarkua square', '22.7044', '75.9067', '2020-07-01 01:26:28', '2020-09-01 18:26:39'),
(2, 45, 1, 40, NULL, '', NULL, 0, NULL, NULL, NULL, NULL, NULL, NULL, '2020-07-07 22:44:49', '2020-07-07 22:44:49'),
(3, 3, 2, 107, NULL, '', NULL, 0, NULL, NULL, NULL, NULL, NULL, NULL, '2020-07-16 19:11:03', '2020-07-16 19:11:03'),
(4, 3, 2, 108, NULL, '', NULL, 0, NULL, NULL, NULL, NULL, NULL, NULL, '2020-07-16 19:11:03', '2020-07-16 19:11:03'),
(5, 3, 3, 108, NULL, '', NULL, 0, NULL, NULL, NULL, NULL, NULL, NULL, '2020-07-16 19:11:03', '2020-07-16 19:11:03'),
(6, 3, 3, 107, NULL, '', NULL, 0, 'bengali square', '22.7081', '75.9230', NULL, NULL, NULL, '2020-07-16 19:11:03', '2020-09-07 19:35:55'),
(7, 3, 4, 1094, NULL, 'checking', NULL, 0, 'OFC Tower, ?????? ???, Brajeshwari Extension, Greater Brajeshwari, Indore, Madhya Pradesh 452016, India', '22.7050629', '75.9092207', 'OFC Tower, ?????? ???, Brajeshwari Extension, Greater Brajeshwari, Indore, Madhya Pradesh 452016, India', '22.7050629', '75.9092207', '2020-08-11 14:48:11', '2020-09-07 18:18:11'),
(12, 3, 19, 110, '1', '', NULL, 2, 'OFC Tower, ?????? ???, Brajeshwari Extension, Greater Brajeshwari, Indore, Madhya Pradesh 452016, India', '22.7050651', '75.9092211', 'OFC Tower, ?????? ???, Brajeshwari Extension, Greater Brajeshwari, Indore, Madhya Pradesh 452016, India', '22.7050861', '75.9091801', '2020-08-20 15:34:38', '2020-09-07 19:36:14'),
(13, 3, 20, 110, '3', 'dffgdg', NULL, 1, 'Unnamed Road, Rajgarh, Madhya Pradesh 465661, India', '24.0029969', '76.7358951', 'Unnamed Road, Rajgarh, Madhya Pradesh 465661, India', '24.0029846', '76.7358192', '2020-08-29 11:09:54', '2020-09-05 11:29:51'),
(14, 3, 21, 110, '4', 'dffgdg', NULL, 1, 'NH52, Madhya Pradesh 465661, India', '23.999847', '76.7464574', 'NH52, Madhya Pradesh 465661, India', '23.999847', '76.7464574', '2020-08-29 11:09:54', '2020-09-05 21:45:25'),
(15, 3, 21, 110, '3', 'dffgdg', NULL, 1, 'NH52, Madhya Pradesh 465661, India', '23.999847', '76.7464574', 'NH52, Madhya Pradesh 465661, India', '23.999847', '76.7464574', '2020-08-29 11:09:54', '2020-09-05 21:45:25'),
(16, 3, 19, 110, '3', 'dffgdg', NULL, 1, 'OFC Tower, ?????? ???, Brajeshwari Extension, Greater Brajeshwari, Indore, Madhya Pradesh 452016, India', '22.7050651', '75.9092211', 'OFC Tower, ?????? ???, Brajeshwari Extension, Greater Brajeshwari, Indore, Madhya Pradesh 452016, India', '22.7050861', '75.9091801', '2020-08-29 11:09:54', '2020-09-07 19:36:14'),
(17, 3, 19, 110, '4', 'dffgdg', NULL, 1, 'OFC Tower, ?????? ???, Brajeshwari Extension, Greater Brajeshwari, Indore, Madhya Pradesh 452016, India', '22.7050651', '75.9092211', 'OFC Tower, ?????? ???, Brajeshwari Extension, Greater Brajeshwari, Indore, Madhya Pradesh 452016, India', '22.7050861', '75.9091801', '2020-08-29 11:09:54', '2020-09-07 19:36:14'),
(18, 3, 20, 110, '4', 'dffgdg', NULL, 1, 'bhawar kuan', '22.6878', '75.8665', NULL, NULL, NULL, '2020-08-29 11:09:54', '2020-08-29 11:09:54'),
(19, 3, 20, 110, '4', 'dffgdg', NULL, 1, 'pipliyahana indore', '22.7094', '75.9014', NULL, NULL, NULL, '2020-08-29 11:09:54', '2020-08-29 11:09:54'),
(20, 3, 19, 110, '3', 'dffgdg', NULL, 1, 'OFC Tower, ?????? ???, Brajeshwari Extension, Greater Brajeshwari, Indore, Madhya Pradesh 452016, India', '22.7050651', '75.9092211', 'OFC Tower, ?????? ???, Brajeshwari Extension, Greater Brajeshwari, Indore, Madhya Pradesh 452016, India', '22.7050861', '75.9091801', '2020-08-29 11:09:54', '2020-09-07 19:36:14'),
(21, 3, 22, 110, '1', 'checking', NULL, 0, 'OFC Tower, ?????? ???, Brajeshwari Extension, Greater Brajeshwari, Indore, Madhya Pradesh 452016, India', '22.7050735', '75.9091949', 'OFC Tower, ?????? ???, Brajeshwari Extension, Greater Brajeshwari, Indore, Madhya Pradesh 452016, India', '22.7050736', '75.9091948', '2020-09-07 17:49:07', '2020-09-07 19:37:58'),
(22, 3, 22, 109, '5', '', NULL, 0, 'OFC Tower, ?????? ???, Brajeshwari Extension, Greater Brajeshwari, Indore, Madhya Pradesh 452016, India', '22.7050629', '75.9092207', 'OFC Tower, ?????? ???, Brajeshwari Extension, Greater Brajeshwari, Indore, Madhya Pradesh 452016, India', '22.7050629', '75.9092207', '2020-09-07 17:50:04', '2020-09-07 18:18:51');

--
-- Indexes for dumped tables
--

--
-- Indexes for table `admin`
--
ALTER TABLE `admin`
  ADD PRIMARY KEY (`id`);

--
-- Indexes for table `app_related`
--
ALTER TABLE `app_related`
  ADD PRIMARY KEY (`id`);

--
-- Indexes for table `bus`
--
ALTER TABLE `bus`
  ADD PRIMARY KEY (`id`);

--
-- Indexes for table `chaperone`
--
ALTER TABLE `chaperone`
  ADD PRIMARY KEY (`id`);

--
-- Indexes for table `child`
--
ALTER TABLE `child`
  ADD PRIMARY KEY (`id`);

--
-- Indexes for table `client`
--
ALTER TABLE `client`
  ADD PRIMARY KEY (`id`);

--
-- Indexes for table `client_user`
--
ALTER TABLE `client_user`
  ADD PRIMARY KEY (`id`);

--
-- Indexes for table `cms`
--
ALTER TABLE `cms`
  ADD PRIMARY KEY (`id`);

--
-- Indexes for table `contact_information`
--
ALTER TABLE `contact_information`
  ADD PRIMARY KEY (`id`);

--
-- Indexes for table `contact_us_list`
--
ALTER TABLE `contact_us_list`
  ADD PRIMARY KEY (`id`);

--
-- Indexes for table `driver`
--
ALTER TABLE `driver`
  ADD PRIMARY KEY (`id`);

--
-- Indexes for table `how_to_img`
--
ALTER TABLE `how_to_img`
  ADD PRIMARY KEY (`id`);

--
-- Indexes for table `mid_point`
--
ALTER TABLE `mid_point`
  ADD PRIMARY KEY (`id`);

--
-- Indexes for table `notifcation`
--
ALTER TABLE `notifcation`
  ADD PRIMARY KEY (`id`);

--
-- Indexes for table `parents`
--
ALTER TABLE `parents`
  ADD PRIMARY KEY (`id`);

--
-- Indexes for table `parents_notification`
--
ALTER TABLE `parents_notification`
  ADD PRIMARY KEY (`id`);

--
-- Indexes for table `save_lat_long`
--
ALTER TABLE `save_lat_long`
  ADD PRIMARY KEY (`id`);

--
-- Indexes for table `save_trip`
--
ALTER TABLE `save_trip`
  ADD PRIMARY KEY (`id`);

--
-- Indexes for table `track`
--
ALTER TABLE `track`
  ADD PRIMARY KEY (`id`);

--
-- Indexes for table `trip`
--
ALTER TABLE `trip`
  ADD PRIMARY KEY (`id`);

--
-- Indexes for table `trip_add_parents`
--
ALTER TABLE `trip_add_parents`
  ADD PRIMARY KEY (`id`);

--
-- AUTO_INCREMENT for dumped tables
--

--
-- AUTO_INCREMENT for table `admin`
--
ALTER TABLE `admin`
  MODIFY `id` int(11) NOT NULL AUTO_INCREMENT, AUTO_INCREMENT=21;

--
-- AUTO_INCREMENT for table `app_related`
--
ALTER TABLE `app_related`
  MODIFY `id` int(11) NOT NULL AUTO_INCREMENT, AUTO_INCREMENT=11;

--
-- AUTO_INCREMENT for table `bus`
--
ALTER TABLE `bus`
  MODIFY `id` int(11) NOT NULL AUTO_INCREMENT, AUTO_INCREMENT=6;

--
-- AUTO_INCREMENT for table `chaperone`
--
ALTER TABLE `chaperone`
  MODIFY `id` int(11) NOT NULL AUTO_INCREMENT, AUTO_INCREMENT=60;

--
-- AUTO_INCREMENT for table `child`
--
ALTER TABLE `child`
  MODIFY `id` int(11) NOT NULL AUTO_INCREMENT, AUTO_INCREMENT=6;

--
-- AUTO_INCREMENT for table `client`
--
ALTER TABLE `client`
  MODIFY `id` int(11) NOT NULL AUTO_INCREMENT, AUTO_INCREMENT=120;

--
-- AUTO_INCREMENT for table `client_user`
--
ALTER TABLE `client_user`
  MODIFY `id` int(11) NOT NULL AUTO_INCREMENT, AUTO_INCREMENT=104;

--
-- AUTO_INCREMENT for table `cms`
--
ALTER TABLE `cms`
  MODIFY `id` int(11) NOT NULL AUTO_INCREMENT, AUTO_INCREMENT=3;

--
-- AUTO_INCREMENT for table `contact_information`
--
ALTER TABLE `contact_information`
  MODIFY `id` int(11) NOT NULL AUTO_INCREMENT, AUTO_INCREMENT=2;

--
-- AUTO_INCREMENT for table `contact_us_list`
--
ALTER TABLE `contact_us_list`
  MODIFY `id` int(11) NOT NULL AUTO_INCREMENT, AUTO_INCREMENT=48;

--
-- AUTO_INCREMENT for table `driver`
--
ALTER TABLE `driver`
  MODIFY `id` int(11) NOT NULL AUTO_INCREMENT, AUTO_INCREMENT=37;

--
-- AUTO_INCREMENT for table `how_to_img`
--
ALTER TABLE `how_to_img`
  MODIFY `id` int(11) NOT NULL AUTO_INCREMENT, AUTO_INCREMENT=25;

--
-- AUTO_INCREMENT for table `mid_point`
--
ALTER TABLE `mid_point`
  MODIFY `id` int(11) NOT NULL AUTO_INCREMENT;

--
-- AUTO_INCREMENT for table `notifcation`
--
ALTER TABLE `notifcation`
  MODIFY `id` int(11) NOT NULL AUTO_INCREMENT, AUTO_INCREMENT=7;

--
-- AUTO_INCREMENT for table `parents`
--
ALTER TABLE `parents`
  MODIFY `id` int(11) NOT NULL AUTO_INCREMENT, AUTO_INCREMENT=112;

--
-- AUTO_INCREMENT for table `parents_notification`
--
ALTER TABLE `parents_notification`
  MODIFY `id` int(11) NOT NULL AUTO_INCREMENT, AUTO_INCREMENT=37;

--
-- AUTO_INCREMENT for table `save_lat_long`
--
ALTER TABLE `save_lat_long`
  MODIFY `id` int(11) NOT NULL AUTO_INCREMENT, AUTO_INCREMENT=2946;

--
-- AUTO_INCREMENT for table `save_trip`
--
ALTER TABLE `save_trip`
  MODIFY `id` int(11) NOT NULL AUTO_INCREMENT, AUTO_INCREMENT=12;

--
-- AUTO_INCREMENT for table `track`
--
ALTER TABLE `track`
  MODIFY `id` int(11) NOT NULL AUTO_INCREMENT;

--
-- AUTO_INCREMENT for table `trip`
--
ALTER TABLE `trip`
  MODIFY `id` int(11) NOT NULL AUTO_INCREMENT, AUTO_INCREMENT=23;

--
-- AUTO_INCREMENT for table `trip_add_parents`
--
ALTER TABLE `trip_add_parents`
  MODIFY `id` int(11) NOT NULL AUTO_INCREMENT, AUTO_INCREMENT=23;
COMMIT;

/*!40101 SET CHARACTER_SET_CLIENT=@OLD_CHARACTER_SET_CLIENT */;
/*!40101 SET CHARACTER_SET_RESULTS=@OLD_CHARACTER_SET_RESULTS */;
/*!40101 SET COLLATION_CONNECTION=@OLD_COLLATION_CONNECTION */;
